:020000040800F2
:10000000207700243903000889F8000809E5000872
:1000100081F80008C1060008316F010800000000E7
:100020000000000000000000000000002121010885
:100030008915000800000000F1020108B92101083B
:100040005303000853030008530300085303000838
:100050005303000853030008530300085303000828
:100060005303000853030008530300081109000854
:100070002109000853030008530300085303000834
:1000800053030008530300085303000853030008F8
:1000900053030008530300085303000853030008E8
:1000A00053030008530300085303000853030008D8
:1000B0005303000899240108530300085303000860
:1000C00053030008530300085303000853030008B8
:1000D00053030008530300085303000853030008A8
:1000E00053030008530300080000000053030008F6
:1000F0005303000853030008530300085303000888
:100100005303000853030008530300085303000877
:100110005303000853030008530300085303000867
:100120005303000853030008530300085303000857
:100130005303000853030008530300085303000847
:1001400000000000000000000000000000000000AF
:100150005303000853030008530300085303000827
:100160005303000853030008530300085303000817
:1001700053030008530300080109000800000000B1
:1001800053030008530300085303000853030008F7
:100190005303000853030008311F010853030008EC
:1001A00053030008530300085303000853030008D7
:1001B00053030008530300085303000853030008C7
:1001C00053030008530300085303000853030008B7
:1001D0005303000801F90008530300085303000803
:1001E0005303000853030008530300085303000897
:1001F0005303000853030008530300085303000887
:100200005303000853030008530300085303000876
:100210005303000853030008530300085303000866
:1002200053030008530300085303000800000000B4
:1002300053030008530300080000000053030008A4
:100240005303000853030008530300085303000836
:100250005303000853030008530300085303000826
:100260005303000853030008530300085303000816
:100270005303000853030008530300080000000064
:100280005303000853030008530300080000000054
:10029000000000005303000800F002F800F03CF8F2
:1002A0000AA090E8000C82448344AAF10107DA45D1
:1002B00001D100F031F8AFF2090EBAE80F0013F0E7
:1002C000010F18BFFB1A43F001031847ECDD0100D2
:1002D0000CDE0100103A24BF78C878C1FAD8520762
:1002E00024BF30C830C144BF04680C6070470000B0
:1002F0000023002400250026103A28BF78C1FBD82F
:10030000520728BF30C148BF0B6070471FB519F0B6
:10031000F8F91FBD10B510BD00F002F91146FFF746
:10032000F5FF18F04DFD00F020F903B4FFF7F2FFE0
:1003300003BC00F027F9000009488047094800473E
:10034000FEE7FEE7FEE7FEE7FEE7FEE7FEE7FEE785
:10035000FEE7FEE704480549054A064B70470000E2
:10036000392301089902000820470024207700243F
:10037000205700242057002453EA020C00F0698023
:100380002DE9F04B4FF00006002B1FBFB3FA83F5A9
:1003900003FA05F424FA05F65E4012BF1643B2FADA
:1003A00082F502FA05F4C5F120051EBF22FA05FC0C
:1003B00044EA0C04203556EA044C4FEA144418BFB2
:1003C000641C4FF000084FF00009904271EB030CE1
:1003D00039D3002919BFB1FA81F701FA07F6B0FA4B
:1003E00080F700FA07F6C7F120071EBF20FA07FCC6
:1003F00046EA0C062037B6FBF4FCA7EB0507103FD6
:1004000007F01F0BCBF120062CFA06F60CFA0BFBBB
:1004100044BFB3460026202FA4BF5E464FF0000B1A
:100420005BEA060C08BF4FF0010B19EB0B0948EB18
:100430000608ABFB027C06FB02CC0BFB03CCC01B0B
:1004400071EB0C01C1E70B46024641464846BDE848
:10045000F08B13B5084318BF4FF0FF300146AFF3E0
:100460000080BDE81C40704710B5203AC0F00B80FA
:10047000B1E81850A0E81850B1E81850A0E818509A
:10048000203ABFF4F5AF5FEA027C24BFB1E8185010
:10049000A0E8185044BF18C918C0BDE810405FEA72
:1004A000827C24BF51F8043B40F8043B08BF7047EE
:1004B000D20728BF31F8023B48BF11F8012B28BFF3
:1004C00020F8023B48BF00F8012B70474FF00002B4
:1004D00000B5134694469646203922BFA0E80C503A
:1004E000A0E80C50B1F12001BFF4F7AF090728BF15
:1004F000A0E80C5048BF0CC05DF804EB890028BF91
:1005000040F8042B08BF704748BF20F8022B11F0B9
:10051000804F18BF00F8012B704770477047704735
:10052000754600F02BF8AE4605006946534620F0AC
:100530000700854618B020B5FFF70CFFBDE8204046
:100540004FF000064FF000074FF000084FF0000B8F
:10055000AC46ACE8C009ACE8C009ACE8C009ACE8FE
:10056000C00921F007018D46704710B50446AFF36E
:1005700000802046BDE81040FFF7D7BE0048704716
:100580000801002401491820ABBEFEE72600020046
:10059000704700000000000080B582B00190019912
:1005A00044F2B010C2F200400BF0A6FD02B080BDD4
:1005B00080B544F2B010C2F200400BF0C5FD043823
:1005C00018BF012080BD000080B582B000208DF8EA
:1005D000060000F02DF8012804D0FFE702208DF876
:1005E00007001FE044F2B010C2F200400BF064FEBE
:1005F0008DF806009DF8060078B9FFE744F2B010C8
:10060000C2F200404FF480410BF0F2FA20B1FFE754
:1006100001208DF80600FFE7FFE79DF806008DF842
:100620000700FFE79DF8070002B080BD0000000052
:1006300081B001208DF803009DF8030001B07047E0
:1006400080B586B0059004910392029300208DF846
:1006500007000599049A039B0298EC46CCF8000029
:1006600044F2B010C2F200400BF0DAFF20B1FFE715
:1006700001208DF80700FFE79DF8070006B080BD58
:1006800080B586B0059004910392029300208DF806
:1006900007000599049A039B0298EC46CCF80000E9
:1006A00044F2B010C2F200400CF05EF920B1FFE756
:1006B00001208DF80700FFE79DF8070006B080BD18
:1006C000FFE7FEE70000000084B08DF80F00029104
:1006D000ADF806209DF80F000146009123281DD893
:1006E0000099DFE801F012131415161B1B1B1B1BCE
:1006F0001B1B1B1B1B1B1B1B1B1B1B1B1B1B1B1B4A
:100700001B1B1B1B1B1B1718191A08E007E006E030
:1007100005E004E003E002E001E000E0FFE7002084
:1007200004B0704700000000002070470000000087
:1007300080B582B043F23860C2F20040009042F6C9
:100740002461C2F200410022019213F0ADFA009838
:1007500042F22461C2F2004113F086FA019802B01D
:1007600080BD00000000000080B584B003900291BD
:10077000039943F23860C2F20040019013F074FA1A
:10078000019813F015FA002004B080BD00000000AD
:1007900083B0029001918DF8032000208DF80200B3
:1007A0009DF9020003B0704780B582B001900198B6
:1007B000806B00900098806C406D02280AD0FFE7A3
:1007C0000099012081F835000099C86C40F0400084
:1007D000C864FFE7009801F0C3F902B080BD0000D3
:1007E00080B584B003900398806B01900198806B72
:1007F000002840D0FFE70198806C0068006800F492
:10080000002002900198806BC007B0B9FFE7029802
:1008100098B1FFE70198806C0068C0680290019A67
:10082000906C0299D26B01EBC201002201F060FCD6
:100830000199886B013888631CE00198806C00681E
:1008400000680003002813D4FFE70198806C00685B
:1008500000690290019A906C0299D26B01EBC2017F
:10086000012201F045FC0199886B0138886300E0A2
:10087000FFE7FFE728E00198806C0068006800034C
:10088000002806D5FFE70199486C896C0968C860A3
:1008900019E00198806C006800680003002810D4FB
:1008A000FFE70198406C029002980199C96B00EB38
:1008B00081000199896C096808610199086C886355
:1008C00000E0FFE7FFE7FFE70198806B0199096C03
:1008D000884213D1FFE701980168C86840F0010021
:1008E000C8600198006800688007002805D5FFE708
:1008F0000199012081F83500FFE7FFE704B080BDD2
:1009000080B543F61410C2F2004001F045F980BDF5
:1009100080B543F66410C2F2004002F015FD80BDC0
:10092000704700000000000083B002900298016848
:1009300001201022C4F202029142009000F0A38034
:10094000FFE70298016801202822C4F202029142C6
:10095000009000F09880FFE7029801680120402293
:10096000C4F202029142009000F08D80FFE70298ED
:10097000016801205822C4F202029142009000F066
:100980008280FFE70298016801207022C4F202020F
:100990009142009077D0FFE70298016801208822F9
:1009A000C4F20202914200906DD0FFE70298016804
:1009B0000120A022C4F202029142009063D0FFE71E
:1009C000029801680120B822C4F20202914200900C
:1009D00059D0FFE702980168012040F21042C4F2AA
:1009E0000202914200904ED0FFE702980168012078
:1009F00040F22842C4F202029142009043D0FFE745
:100A000002980168012040F24042C4F20202914281
:100A1000009038D0FFE702980168012040F2584268
:100A2000C4F20202914200902DD0FFE702980168C3
:100A3000012040F27042C4F202029142009022D0A2
:100A4000FFE702980168012040F28842C4F20202E6
:100A50009142009017D0FFE702980168012040F210
:100A6000A042C4F20202914200900CD0FFE702982B
:100A700000684FF64831CBF6FD710844B0FA80F0BB
:100A800040090090FFE70098C00740B3FFE70298D5
:100A9000007810384AF6AB21CAF6AA21A0FB011053
:100AA00000090190019800F0070149F27870C0F642
:100AB0000100405C0299C8650198042807D3FFE74C
:100AC00002990868042262F30900886506E0029929
:100AD000086840F2FF3290438865FFE705E002991D
:100AE000086820F0FF008865FFE70298806D03B07A
:100AF000704700000000000084B003900398006875
:100B0000019003980168012045F20842C5F60202EF
:100B1000914200904ED0FFE703980168012045F212
:100B20001C42C5F602029142009043D0FFE70398B1
:100B30000168012045F23042C5F602029142009060
:100B400038D0FFE703980168012045F24442C5F61A
:100B50000202914200902DD0FFE703980168012026
:100B600045F25842C5F602029142009022D0FFE7BA
:100B700003980168012045F26C42C5F602029142D9
:100B8000009017D0FFE703980168012045F28042EA
:100B9000C5F60202914200900CD0FFE7039800686E
:100BA0004AF66C31CAF2FD710844B0FA80F040098F
:100BB0000090FFE70098C00710B3FFE703980078A4
:100BC00008384CF6CD41CCF6CC41A0FB0110000911
:100BD0000290029945F60000C5F6020000EB810084
:100BE00003990866039945F68000C5F60200486639
:100BF000029800F01F01012088400399886635E0C3
:100C00000398007810384AF6AB21CAF6AA21A0FB57
:100C1000011000090290019840F2B841C4F20201AB
:100C200088420CD8FFE7019840F21041C4F202015B
:100C3000884204D3FFE7029808300290FFE7029948
:100C400040F60000C4F2020000EB81000399086640
:100C5000039940F68000C4F202004866029800F052
:100C60001F010120884003998866FFE704B07047A0
:100C700083B002900298007901900198002800F05A
:100C80008A80FFE70198082800F28580FFE7029834
:100C90000168012045F20842C5F602029142009027
:100CA0004ED0FFE702980168012045F21C42C5F6CC
:100CB00002029142009043D0FFE7029801680120B0
:100CC00045F23042C5F602029142009038D0FFE76B
:100CD00002980168012045F24442C5F602029142A1
:100CE00000902DD0FFE702980168012045F258429C
:100CF000C5F602029142009022D0FFE702980168F7
:100D0000012045F26C42C5F602029142009017D0D4
:100D1000FFE702980168012045F28042C5F6020211
:100D2000914200900CD0FFE7029800684AF66C31BF
:100D3000CAF2FD710844B0FA80F040090090FFE764
:100D40000098C00780B1FFE7019945F6FC00C5F6A1
:100D5000020000EB81000299C866029945F6401036
:100D6000C5F6020008670FE0019940F6FC00C4F2E6
:100D7000020000EB81000299C866029940F640101B
:100D8000C4F202000867FFE70198411E0120884075
:100D900002994867FFE703B07047000000000000B9
:100DA00085B0049000208DF80F000498806918BB6E
:100DB000FFE70498806A029003281BD80299DFE8B5
:100DC00001F0020D0218049890F82F00C00720B11E
:100DD000FFE701208DF80F00FFE70CE00498C06AE0
:100DE000B0F1C07F04D1FFE701208DF80F00FFE7CD
:100DF00001E000E0FFE747E004988069B0F5005F9C
:100E000026D1FFE70498806A019003281ED8019933
:100E1000DFE801F00206021101208DF80F0016E054
:100E2000049890F82F00C00720B1FFE701208DF84B
:100E30000F00FFE70BE00498C06AB0F1C07F04D157
:100E4000FFE701208DF80F00FFE700E0FFE71AE061
:100E50000498806A0090032804D3FFE700980328D1
:100E600004D00EE001208DF80F000BE0049890F8FC
:100E70002F00C00720B1FFE701208DF80F00FFE72A
:100E800000E0FFE7FFE7FFE79DF80F0005B07047C0
:100E900085B00490039102920193049801680120A7
:100EA0001022C4F202029142009000F0A380FFE7FA
:100EB0000498016801202822C4F2020291420090A5
:100EC00000F09880FFE70498016801204022C4F2F6
:100ED00002029142009000F08D80FFE704980168C3
:100EE00001205822C4F202029142009000F0828058
:100EF000FFE70498016801207022C4F202029142C7
:100F0000009077D0FFE70498016801208822C4F29E
:100F10000202914200906DD0FFE704980168012021
:100F2000A022C4F202029142009063D0FFE704982D
:100F300001680120B822C4F202029142009059D007
:100F4000FFE704980168012040F21042C4F2020257
:100F5000914200904ED0FFE704980168012040F2D2
:100F60002842C4F202029142009043D0FFE7049865
:100F70000168012040F24042C4F202029142009016
:100F800038D0FFE704980168012040F25842C4F2CB
:100F90000202914200902DD0FFE7049801680120E1
:100FA00040F27042C4F202029142009022D0FFE768
:100FB00004980168012040F28842C4F20202914282
:100FC000009017D0FFE704980168012040F2A0428A
:100FD000C4F20202914200900CD0FFE7049800682E
:100FE0004FF64831CBF6FD710844B0FA80F0400965
:100FF0000090FFE70098C007E0B1FFE7019804996F
:101000000968486004988068402809D1FFE7029881
:10101000049909688860039804990968C86008E021
:101020000398049909688860029804990968C8605F
:10103000FFE71BE0019804990968486004988068FC
:10104000402809D1FFE7029804990968886003984D
:1010500004990968C86008E00398049909688860E1
:10106000029804990968C860FFE7FFE705B0704778
:1010700089B008900791069205930898806D0490B6
:101080000898806D03900898016801201022C4F22E
:1010900002029142029000F00381FFE70898016884
:1010A00001202822C4F202029142029000F0F8804E
:1010B000FFE70898016801204022C4F20202914231
:1010C000029000F0ED80FFE70898016801205822A7
:1010D000C4F202029142029000F0E280FFE7089819
:1010E000016801207022C4F202029142029000F0D5
:1010F000D780FFE70898016801208822C4F2020225
:101100009142029000F0CC80FFE70898016801202E
:10111000A022C4F202029142029000F0C180FFE7D7
:10112000089801680120B822C4F20202914202909C
:1011300000F0B680FFE708980168012040F21042F5
:10114000C4F202029142029000F0AA80FFE70898E0
:101150000168012040F22842C4F20202914202904A
:1011600000F09E80FFE708980168012040F24042AD
:10117000C4F202029142029000F09280FFE70898C8
:101180000168012040F25842C4F2020291420290EA
:1011900000F08680FFE708980168012040F2704265
:1011A000C4F20202914202907AD0FFE708980168E7
:1011B000012040F28842C4F20202914202906FD0B4
:1011C000FFE708980168012040F2A042C4F2020241
:1011D0009142029064D0FFE708980168012040F234
:1011E000B842C4F202029142029059D0FFE7089837
:1011F0000168012045F20842C5F6020291420290C0
:101200004ED0FFE708980168012045F21C42C5F660
:1012100002029142029043D0FFE708980168012042
:1012200045F23042C5F602029142029038D0FFE703
:1012300008980168012045F24442C5F60202914235
:1012400002902DD0FFE708980168012045F258422E
:10125000C5F602029142029022D0FFE70898016889
:10126000012045F26C42C5F602029142029017D06D
:10127000FFE708980168012045F28042C5F60202A6
:10128000914202900CD0FFE7089800684AF66C3152
:10129000CAF2FD710844B0FA80F040090290FFE7FD
:1012A0000298C00770B1FFE70898416E806E4860F1
:1012B0000898C06E28B1FFE70898016F406F48603A
:1012C000FFE7FFE70898016801201022C4F202023C
:1012D0009142019000F0A380FFE708980168012087
:1012E0002822C4F202029142019000F09880FFE7A8
:1012F0000898016801204022C4F202029142019044
:1013000000F08D80FFE70898016801205822C4F2A0
:1013100002029142019000F08280FFE70898016884
:1013200001207022C4F202029142019077D0FFE7BF
:101330000898016801208822C4F2020291420190BB
:101340006DD0FFE7089801680120A022C4F20202D4
:101350009142019063D0FFE7089801680120B8220C
:10136000C4F202029142019059D0FFE70898016847
:10137000012040F21042C4F20202914201904ED08C
:10138000FFE708980168012040F22842C4F20202F7
:101390009142019043D0FFE708980168012040F294
:1013A0004042C4F202029142019038D0FFE708980F
:1013B0000168012040F25842C4F2020291420190B9
:1013C0002DD0FFE708980168012040F27042C4F276
:1013D00002029142019022D0FFE7089801680120A3
:1013E00040F28842C4F202029142019017D0FFE716
:1013F00008980168012040F2A042C4F20202914222
:1014000001900CD0FFE7089800684FF64831CBF602
:10141000FD710844B0FA80F040090190FFE701989F
:10142000C00750B3FFE70898C06D00F01F013F20D0
:1014300088400499886008980168086820F4802032
:1014400008600598089909684860089880684028ED
:1014500009D1FFE7069808990968886007980899F4
:101460000968C86008E007980899096888600698C4
:1014700008990968C860FFE782E0089801680120C0
:1014800045F20842C5F60202914200904ED0FFE7B5
:1014900008980168012045F21C42C5F602029142FB
:1014A000009043D0FFE708980168012045F23042E0
:1014B000C5F602029142009038D0FFE70898016813
:1014C000012045F24442C5F60202914200902DD01F
:1014D000FFE708980168012045F25842C5F602026C
:1014E0009142009022D0FFE708980168012045F260
:1014F0006C42C5F602029142009017D0FFE70898AF
:101500000168012045F28042C5F602029142009036
:101510000CD0FFE7089800684AF66C31CAF2FD71FA
:101520000844B0FA80F040090090FFE70098C00737
:1015300020B3FFE70898C06D00F01F01012088402C
:101540000399486005980899096848600898806878
:10155000402809D1FFE7069808990968886007982C
:1015600008990968C86008E00798089909688860C0
:10157000069808990968C860FFE700E0FFE7FFE701
:1015800009B0704700000000704700000000000034
:1015900081B0EFF3108072B60090FFE7FEE7000025
:1015A00080B582B00190009101980099002200F06E
:1015B00003F802B080BD000084B0039002918DF862
:1015C000072001208DF8060000208DF8050043F269
:1015D0002860C2F20040407A002827DCFFE743F28F
:1015E0002863C2F200430093597A002058540399AB
:1015F0005A7A03EB820251609DF807105A7A1A4416
:101600001172597A4A1C5A728DF805109DF805100E
:101610003031029A1170029A3A215170029A2F21A8
:1016200091700299C8708DF80600FFE79DF80600DA
:1016300004B070470000000084B002900298406B34
:10164000009002980068D0F884004FF6FC7188433F
:10165000009940EA810002990968C1F88400029863
:101660000068D0F8840020F47F00029A1168926B21
:1016700040EA0240C1F884000298816B0098084457
:10168000009002980068D0F888006FF38F000099EE
:1016900040EA810002990968C1F888000298006850
:1016A000D0F8880020F4FE00029A1168D26B40EA5C
:1016B0000240C1F888000298C16B009800EB41001D
:1016C000009002980068D0F8A0006FF38F00009996
:1016D00040EA810002990968C1F8A00002980068F8
:1016E000D0F8A00020F4FE00029A1168126C40EAC3
:1016F0000240C1F8A0000299086C496C009A00FBF6
:101700000120009002980068D0F8B0006FF38F00BD
:10171000009940EA810002990968C1F8B000029876
:101720000068D0F8B00020F4FE00029A1168926CB4
:1017300040EA0240C1F8B0000299886CC96C009A76
:1017400000FB0120009002980068D0F8AC006FF315
:101750008F00009940EA810002990968C1F8AC0045
:101760000299086D496D009A00FB012000900298D3
:101770000068D0F8F0006FF38F00009940EA810014
:1017800002990968C1F8F00002980068D0F8F000EA
:1017900020F47C10029A1168926D40EA0240C1F870
:1017A000F0000298816D009800EB410000900298D3
:1017B0000068D0F8C0006FF38F00009940EA810004
:1017C00002990968C1F8C00002980068D0F8C0000A
:1017D00020F47C10029A1168D26D40EA0240C1F8F0
:1017E000C00002980068D0F8C00020F07C50029A37
:1017F0001168126E40EA0260C1F8C00002994A6B9B
:101800004AF60040C4F2000000EB8200C86602996C
:101810008A6BC86E00EB820008670299CA6B086F7A
:1018200000EBC200486702990A6C4B6C486F5A4340
:1018300000EB8200886702998A6CCB6C886F5A43F0
:1018400000EB8200C86702990A6D4B6DC86F5A435E
:1018500000EB8200C1F8800002998A6DD1F8800007
:1018600000EBC200C1F884000299CA6D8B6ED1F8FA
:1018700084005A4300EB8200C1F8880002990A6E86
:101880008B6ED1F888005A4300EB8200C1F89000BB
:101890000298D0F890004DF2FD31C4F20001884268
:1018A0000FD3FFE70299D1F89C0040F02000C1F867
:1018B0009C000299032081F8980001208DF80F0008
:1018C00017E00298C06E0190FFE701980299D1F8E5
:1018D0009010884208D2FFE7019900200860FFE7D6
:1018E000019804300190F0E7FFE700208DF80F0029
:1018F000FFE79DF80F0004B07047000000000000F3
:1019000080B583B0029001910198006800BBFFE7A9
:101910000298006847F6FF718843019A0092516867
:10192000D2F808E0D2F80CC0136941EA0E0141EA8E
:101930000C0119435369194393691943D369194336
:10194000136A1943526A114308430299086025E05B
:101950000298006820F4F840019AD169136A526A2B
:10196000194311430843029908600298406847F6FA
:10197000FF718843019A5168D2F808E0D2F80CC090
:10198000136941EA0E0141EA0C01194353691943F5
:1019900092691143084302994860FFE7002003B0B1
:1019A00080BD00000000000082B00190009101980D
:1019B000406943F6FE718843009940EA410001996D
:1019C0004861002002B0704783B0029001910092FC
:1019D000029800696FF31500019A11685368D2F8F4
:1019E00008C0D26819436FF01F0303EB4C1319436F
:1019F00041EA4221084302990861002003B0704780
:101A000010B583B00290019100920098A8BBFFE747
:101A10000298806800F07040019A11685468D2F80A
:101A200008E0D2F80CC001396FF00F0303EB041388
:101A300019436FF0FF0303EB0E2319434FF200032A
:101A4000CFF6FF7303EB0C331943D2F810C0002319
:101A5000CFF6FF7303EB0C431943D2F814C00023F5
:101A6000CFF6F07303EB0C5319439269013A41EA44
:101A700002610843029988603CE00298806840F661
:101A8000FF71CFF60F7108400199CA684B694FF298
:101A90000001CFF6FF7101EB02310022CFF6F072A8
:101AA00002EB035211430843029988600298C06810
:101AB00000F07040019A11685468D2F808E0D2F83A
:101AC00010C001396FF00F0303EB041319436FF0DB
:101AD000FF0303EB0E2319430023CFF6FF7303EB41
:101AE0000C4319439269013A41EA026108430299A1
:101AF000C860FFE7002003B010BD00000000000038
:101B000080B584B04EF60000C1F6F1700068039015
:101B10004EF60400C1F6F170006802904EF608001F
:101B2000C1F6F17000680190019903980844039090
:101B3000039888B1FFE7039840F2E401C2F2004144
:101B40000091023108220CF0E3FC00990298123156
:101B500004220CF0DDFCFFE704B080BD00000000B3
:101B600081B0009001B0704780B582B0019040F222
:101B70000000CCF20000694608600021AA23084654
:101B80001A460DF02DF801980168C86840F0010070
:101B9000C86002B080BD000080B582B0019001989D
:101BA0000068006900909DF800004007002818D5E3
:101BB000FFE70198016804204861019AD16C41F067
:101BC0000201D164019981F835000198816C40F2DD
:101BD000A970C0F6000008650198806C01F05CF8FF
:101BE000FFE79DF800008007002819D5FFE701985E
:101BF0000168022048610199C86C40F00100C86486
:101C00000199042081F835000198816C40F2A97097
:101C1000C0F6000008650198806C01F03DF8FFE710
:101C20009DF80000C006002808D5FFE7019801686C
:101C300010204861019800F09BF8FFE79DF8000034
:101C40000007002808D5FFE70198016808204861CF
:101C5000019800F049FAFFE79DF80000C007E0B1E5
:101C6000FFE70198006800688007002807D5FFE7B4
:101C700001980168C86820F01E00C860FFE701985D
:101C80000168C86820F00100C8600198016801205F
:101C900048610198FFF768FFFFE702B080BD0000D0
:101CA00080B584B00290029820B9FFE701208DF83A
:101CB0000F0058E0029890F8350020B9FFE702982D
:101CC00000F05AF8FFE70299022081F835000298E7
:101CD000806920B1FFE7029900204862FFE702987F
:101CE000016808684FF20702CFF6E0721040086002
:101CF000029A0192D2F814E0116850689368D2F801
:101D00000CC040EA0E0040EA0C00D2F810C040EAD5
:101D10000C00184393691843136A1843536A184315
:101D2000936A1843D36A1843126B0243086810433E
:101D3000086002984068102805D1FFE70298016802
:101D4000C0698861FFE702980168C86840F01E001A
:101D5000C86002990020C864029A012182F83510F7
:101D60008DF80F00FFE79DF80F0004B080BD000064
:101D700081B0009001B0704780B592B01190002002
:101D800010900F900E900D900C901198006800210B
:101D9000C4F60201884240F0D380FFE7FFE744F237
:101DA000DC40C5F60200016841F0010101600068F5
:101DB00000F001000B900B98FFE7FFE744F2E040D2
:101DC000C5F60200016841F001010160006800F001
:101DD00001000A900A98FFE7FFE744F2E040C5F6E9
:101DE0000200016841F080010160006800F080009D
:101DF00009900998FFE7FFE744F2E040C5F60200CA
:101E0000016841F004010160006800F004000890DE
:101E10000898FFE7FFE744F2E040C5F602000168DA
:101E200041F480710160006800F4807007900798A9
:101E3000FFE740200C90022002900D9000200590BA
:101E40000E900F900D20039010900020C5F6020018
:101E50000CA9049103F0B8FE029B03980499059A1B
:101E60004FF4F85CCDF830C00D930E920F921090A5
:101E700041F60040C5F6020003F0A6FE029B03985F
:101E80000499059A4FF4006CCDF830C00D930E9272
:101E90000F92109040F60000C5F6020003F094FE89
:101EA000029B03980499059A4FF0F00CCDF830C0CE
:101EB0000D930E920F92109042F20000C5F60200B0
:101EC00003F082FE059943F66410C2F200400690CA
:101ED0001022C4F2020202604B2242608160C160A3
:101EE0004FF4806202614FF4805242614FF48042AD
:101EF00082614FF48072C2614FF440320262042268
:101F0000426201228262C162016302F0FDFA18B1ED
:101F1000FFE7FFF73DFBFFE7FFE7119843F664118A
:101F2000C2F20041816411988863FFE74E2001905E
:101F30000022114604F0E8FA019804F0D9FAFFE70C
:101F400012B080BD0000000080B588B006900591F9
:101F500004920393FFE7069890F83400012804D117
:101F6000FFE702208DF81F00BAE00699012081F8F2
:101F70003400FFE7FFE70699022081F83500069854
:101F80000168086840F480400860069801680868A5
:101F900020F002000860059A06980168086810435E
:101FA00008600698816C40F2E170C0F60000C863DA
:101FB0000698816C40F2A970C0F60000C8640698CB
:101FC000816C002008650699886306990864069963
:101FD000C86306994864BDF80E00E0B9FFE70698AB
:101FE0000168806C2831049A039B02F041FF88B19C
:101FF000FFE706994020C8640699012081F8350062
:10200000FFE70699002081F83400FFE701208DF8F2
:102010001F0065E054E00698816C40F2E170C0F664
:102020000000486406990120886303980699C863F4
:10203000049806994864FFE70698C06BB0F5803FA6
:102040000BD3FFE70698C06B40080699C863069853
:10205000806B400006998863EEE70698806B023833
:10206000069988630698806B069908640498069917
:10207000C96B00EB81000290DDF818C0DCF800109D
:10208000DCF848002831049A029BDCF83CC0EE469C
:10209000CEF800C000F004F988B1FFE706994020AF
:1020A000C8640699012081F83500FFE706990020F1
:1020B00081F83400FFE701208DF81F0010E0FFE7F2
:1020C00006980168086840F001000860FFE706997B
:1020D000002081F83400FFE700208DF81F00FFE7A3
:1020E0009DF81F0008B080BD81B0009001B070471E
:1020F00084B0039002918DF80720039801680120B5
:102100001022C4F202029142009000F0A380FFE787
:102110000398016801202822C4F202029142009033
:1021200000F09880FFE70398016801204022C4F284
:1021300002029142009000F08D80FFE70398016851
:1021400001205822C4F202029142009000F08280E5
:10215000FFE70398016801207022C4F20202914255
:10216000009077D0FFE70398016801208822C4F22D
:102170000202914200906DD0FFE7039801680120B0
:10218000A022C4F202029142009063D0FFE70398BC
:1021900001680120B822C4F202029142009059D095
:1021A000FFE703980168012040F21042C4F20202E6
:1021B000914200904ED0FFE703980168012040F261
:1021C0002842C4F202029142009043D0FFE70398F4
:1021D0000168012040F24042C4F2020291420090A4
:1021E00038D0FFE703980168012040F25842C4F25A
:1021F0000202914200902DD0FFE703980168012070
:1022000040F27042C4F202029142009022D0FFE7F5
:1022100003980168012040F28842C4F20202914210
:10222000009017D0FFE703980168012040F2A04218
:10223000C4F20202914200900CD0FFE703980068BC
:102240004FF64831CBF6FD710844B0FA80F04009F2
:102250000090FFE70098C00778B1FFE79DF80700FE
:1022600028B9FFE7029803990968C86004E002985A
:10227000039909680861FFE70EE09DF8070028B997
:10228000FFE7029803990968C86004E0029803997F
:1022900009680861FFE7FFE7002004B0704700000D
:1022A00080B58CB0DDF838C00A9009910892079388
:1022B00000208DF81B000A988068802809D1FFE76C
:1022C0000A994FF48070486501208DF82F0000F0C6
:1022D000DEBCFFE70A9890F83400012805D1FFE73B
:1022E00002208DF82F0000F0D2BC0A99012081F85D
:1022F0003400FFE7FFE70A9890F83500012840F026
:10230000B984FFE70A99022081F835000A99002074
:1023100048650A98016801201022C4F20202914225
:10232000049000F0A380FFE70A98016801202822AA
:10233000C4F202029142049000F09880FFE70A98EC
:10234000016801204022C4F202029142049000F090
:102350008D80FFE70A98016801205822C4F202022A
:102360009142049000F08280FFE70A980168012002
:102370007022C4F202029142049077D0FFE70A98DB
:10238000016801208822C4F20202914204906DD0BB
:10239000FFE70A9801680120A022C4F202029142DC
:1023A000049063D0FFE70A9801680120B822C4F2C4
:1023B00002029142049059D0FFE70A980168012077
:1023C00040F21042C4F20202914204904ED0FFE764
:1023D0000A980168012040F22842C4F202029142A8
:1023E000049043D0FFE70A980168012040F2404280
:1023F000C4F202029142049038D0FFE70A980168C3
:10240000012040F25842C4F20202914204902DD0C1
:10241000FFE70A980168012040F27042C4F202020C
:102420009142049022D0FFE70A980168012040F20F
:102430008842C4F202029142049017D0FFE70A9842
:102440000168012040F2A042C4F2020291420490CD
:102450000CD0FFE70A9800684FF64831CBF6FD71C3
:102460000844B0FA80F040090490FFE70498C007E0
:10247000B8B1FFE70A980168086840F48020086056
:1024800007980A99096808610A98806D08300590D4
:102490000A98C06D00F01F013F2088400599086030
:1024A00017E00A980168086848F2200210430860A3
:1024B00007980A99096808610A98806D04300590A8
:1024C0000A98C06D00F01F0101208840059908603E
:1024D000FFE70A980999089A0E9BFEF7D9FC0A981B
:1024E000016801201022C4F202029142039000F020
:1024F0000381FFE70A98016801202822C4F2020242
:102500009142039000F0F880FFE70A9801680120EB
:102510004022C4F202029142039000F0ED80FFE7F6
:102520000A98016801205822C4F2020291420390E5
:1025300000F0E280FFE70A98016801207022C4F2EF
:1025400002029142039000F0D780FFE70A980168E9
:1025500001208822C4F202029142039000F0CC8054
:10256000FFE70A9801680120A022C4F2020291420A
:10257000039000F0C180FFE70A9801680120B822AB
:10258000C4F202029142039000F0B680FFE70A987D
:102590000168012040F21042C4F20202914203900D
:1025A00000F0AA80FFE70A980168012040F2284263
:1025B000C4F202029142039000F09E80FFE70A9865
:1025C0000168012040F24042C4F2020291420390AD
:1025D00000F09280FFE70A980168012040F258421B
:1025E000C4F202029142039000F08680FFE70A984D
:1025F0000168012040F27042C4F20202914203904D
:102600007AD0FFE70A980168012040F28842C4F2BC
:102610000202914203906FD0FFE70A9801680120FF
:1026200040F2A042C4F202029142039064D0FFE75C
:102630000A980168012040F2B842C4F202029142B5
:10264000039059D0FFE70A980168012045F208423B
:10265000C5F60202914203904ED0FFE70A98016846
:10266000012045F21C42C5F602029142039043D07C
:10267000FFE70A980168012045F23042C5F60202E0
:102680009142039038D0FFE70A980168012045F293
:102690004442C5F60202914203902DD0FFE70A980A
:1026A0000168012045F25842C5F6020291420390AA
:1026B00022D0FFE70A980168012045F26C42C5F676
:1026C00002029142039017D0FFE70A9801680120A7
:1026D00045F28042C5F60202914203900CD0FFE71A
:1026E0000A9800684AF66C31CAF2FD710844B0FAE3
:1026F00080F040090390FFE70398C00770B1FFE73F
:102700000A98416E806E48600A98C06E28B1FFE753
:102710000A98016F406F4860FFE7FFE70A98016879
:1027200001201022C4F202029142029000F0A38024
:10273000FFE70A98016801202822C4F202029142B0
:10274000029000F09880FFE70A980168012040227B
:10275000C4F202029142029000F08D80FFE70A98D5
:10276000016801205822C4F202029142029000F056
:102770008280FFE70A98016801207022C4F20202F9
:102780009142029077D0FFE70A98016801208822E1
:10279000C4F20202914202906DD0FFE70A980168EC
:1027A0000120A022C4F202029142029063D0FFE70E
:1027B0000A9801680120B822C4F2020291420290F4
:1027C00059D0FFE70A980168012040F21042C4F294
:1027D0000202914202904ED0FFE70A980168012060
:1027E00040F22842C4F202029142029043D0FFE735
:1027F0000A980168012040F24042C4F2020291426C
:10280000029038D0FFE70A980168012040F2584250
:10281000C4F20202914202902DD0FFE70A980168AB
:10282000012040F27042C4F202029142029022D092
:10283000FFE70A980168012040F28842C4F20202D0
:102840009142029017D0FFE70A980168012040F2F8
:10285000A042C4F20202914202900CD0FFE70A9813
:1028600000684FF64831CBF6FD710844B0FA80F0AD
:1028700040090290FFE70298C007F8B1FFE70A9805
:10288000006800680B2161F344000A990968086038
:102890000A980168486940F0800048610A98006C15
:1028A00020B9FFE70A98806C38B1FFE70A98016801
:1028B000086840F008000860FFE718E00A98006820
:1028C0000068052161F343000A99096808600A98C5
:1028D000006C20B9FFE70A98806C38B1FFE70A98CE
:1028E0000168086840F004000860FFE7FFE70A9805
:1028F000016801201022C4F202029142019000F00E
:102900000381FFE70A98016801202822C4F202022D
:102910009142019000F0F880FFE70A9801680120D9
:102920004022C4F202029142019000F0ED80FFE7E4
:102930000A98016801205822C4F2020291420190D3
:1029400000F0E280FFE70A98016801207022C4F2DB
:1029500002029142019000F0D780FFE70A980168D7
:1029600001208822C4F202029142019000F0CC8042
:10297000FFE70A9801680120A022C4F202029142F6
:10298000019000F0C180FFE70A9801680120B82299
:10299000C4F202029142019000F0B680FFE70A986B
:1029A0000168012040F21042C4F2020291420190FB
:1029B00000F0AA80FFE70A980168012040F228424F
:1029C000C4F202029142019000F09E80FFE70A9853
:1029D0000168012040F24042C4F20202914201909B
:1029E00000F09280FFE70A980168012040F2584207
:1029F000C4F202029142019000F08680FFE70A983B
:102A00000168012040F27042C4F20202914201903A
:102A10007AD0FFE70A980168012040F28842C4F2A8
:102A20000202914201906FD0FFE70A9801680120ED
:102A300040F2A042C4F202029142019064D0FFE74A
:102A40000A980168012040F2B842C4F202029142A1
:102A5000019059D0FFE70A980168012045F2084229
:102A6000C5F60202914201904ED0FFE70A98016834
:102A7000012045F21C42C5F602029142019043D06A
:102A8000FFE70A980168012045F23042C5F60202CC
:102A90009142019038D0FFE70A980168012045F281
:102AA0004442C5F60202914201902DD0FFE70A98F8
:102AB0000168012045F25842C5F602029142019098
:102AC00022D0FFE70A980168012045F26C42C5F662
:102AD00002029142019017D0FFE70A980168012095
:102AE00045F28042C5F60202914201900CD0FFE708
:102AF0000A9800684AF66C31CAF2FD710844B0FACF
:102B000080F040090190FFE70198C007D0B1FFE7CE
:102B10000A98006E0068C003002807D5FFE70A98EE
:102B2000016E086840F480700860FFE70A98C06E84
:102B300038B1FFE70A98C16E086840F480700860F9
:102B4000FFE7FFE70A9800681021C4F202018842FB
:102B500000F08180FFE70A9800682821C4F2020192
:102B6000884278D0FFE70A9800684021C4F2020149
:102B7000884270D0FFE70A9800685821C4F2020129
:102B8000884268D0FFE70A9800687021C4F2020109
:102B9000884260D0FFE70A9800688821C4F20201E9
:102BA000884258D0FFE70A980068A021C4F20201C9
:102BB000884250D0FFE70A980068B821C4F20201A9
:102BC000884248D0FFE70A98006840F21041C4F2FA
:102BD000020188423FD0FFE70A98006840F228418E
:102BE000C4F20201884236D0FFE70A98006840F23A
:102BF0004041C4F2020188422DD0FFE70A980068E4
:102C000040F25841C4F20201884224D0FFE70A98FA
:102C1000006840F27041C4F2020188421BD0FFE715
:102C20000A98006840F28841C4F20201884212D03A
:102C3000FFE70A98006840F2A041C4F2020188420E
:102C400009D0FFE70A98006840F2B841C4F20201D7
:102C5000884207D1FFE70A980168086840F0010040
:102C6000086006E00A980168086840F00100086002
:102C7000FFE707E00A994FF40060486501208DF8EE
:102C80001B00FFE79DF81B008DF82F00FFE79DF864
:102C90002F000CB080BD000080B586B00490049871
:102CA00020B9FFE701208DF8170046E3049890F85B
:102CB0003500022807D0FFE70499802048650120ED
:102CC0008DF8170039E30498016801201022C4F23E
:102CD00002029142029000F0A380FFE7049801688D
:102CE00001202822C4F202029142029000F0988052
:102CF000FFE70498016801204022C4F202029142D9
:102D0000029000F08D80FFE70498016801205822AE
:102D1000C4F202029142029000F08280FFE7049820
:102D2000016801207022C4F202029142029077D021
:102D3000FFE70498016801208822C4F20202914250
:102D400002906DD0FFE7049801680120A022C4F230
:102D500002029142029063D0FFE7049801680120CB
:102D6000B822C4F202029142029059D0FFE70498BF
:102D70000168012040F21042C4F202029142029026
:102D80004ED0FFE704980168012040F22842C4F2C7
:102D900002029142029043D0FFE7049801680120AB
:102DA00040F24042C4F202029142029038D0FFE762
:102DB00004980168012040F25842C4F20202914294
:102DC00002902DD0FFE704980168012040F2704284
:102DD000C4F202029142029022D0FFE704980168F7
:102DE000012040F28842C4F202029142029017D0C0
:102DF000FFE704980168012040F2A042C4F20202F9
:102E0000914202900CD0FFE7049800684FF64831D9
:102E1000CBF6FD710844B0FA80F040090290FFE75C
:102E20000298C007002800F09D80FFE70499042065
:102E300081F83500049800681021C4F2020188422C
:102E400000F08180FFE7049800682821C4F20201A5
:102E5000884278D0FFE7049800684021C4F202015C
:102E6000884270D0FFE7049800685821C4F202013C
:102E7000884268D0FFE7049800687021C4F202011C
:102E8000884260D0FFE7049800688821C4F20201FC
:102E9000884258D0FFE704980068A021C4F20201DC
:102EA000884250D0FFE704980068B821C4F20201BC
:102EB000884248D0FFE70498006840F21041C4F20D
:102EC000020188423FD0FFE70498006840F22841A1
:102ED000C4F20201884236D0FFE70498006840F24D
:102EE0004041C4F2020188422DD0FFE704980068F7
:102EF00040F25841C4F20201884224D0FFE704980E
:102F0000006840F27041C4F2020188421BD0FFE722
:102F10000498006840F28841C4F20201884212D04D
:102F2000FFE70498006840F2A041C4F20201884221
:102F300009D0FFE70498006840F2B841C4F20201EA
:102F4000884207D1FFE704980168086820F0010073
:102F5000086006E004980168086820F00100086035
:102F6000FFE7E5E104980168086820F00E000860BA
:102F7000049800681021C4F20201884200F08180A8
:102F8000FFE7049800682821C4F20201884278D043
:102F9000FFE7049800684021C4F20201884270D023
:102FA000FFE7049800685821C4F20201884268D003
:102FB000FFE7049800687021C4F20201884260D0E3
:102FC000FFE7049800688821C4F20201884258D0C3
:102FD000FFE704980068A021C4F20201884250D0A3
:102FE000FFE704980068B821C4F20201884248D083
:102FF000FFE70498006840F21041C4F202018842E1
:103000003FD0FFE70498006840F22841C4F2020173
:10301000884236D0FFE70498006840F24041C4F28D
:10302000020188422DD0FFE70498006840F2584121
:10303000C4F20201884224D0FFE70498006840F2FD
:103040007041C4F2020188421BD0FFE70498006877
:1030500040F28841C4F20201884212D0FFE704988E
:10306000006840F2A041C4F20201884209D0FFE7A3
:103070000498006840F2B841C4F20201884207D1C6
:10308000FFE704980168086820F00100086006E086
:1030900004980168086820F001000860FFE70498C0
:1030A000016801201022C4F202029142019000F056
:1030B0000381FFE70498016801202822C4F202027C
:1030C0009142019000F0F880FFE704980168012028
:1030D0004022C4F202029142019000F0ED80FFE72D
:1030E0000498016801205822C4F202029142019022
:1030F00000F0E280FFE70498016801207022C4F22A
:1031000002029142019000F0D780FFE70498016825
:1031100001208822C4F202029142019000F0CC808A
:10312000FFE7049801680120A022C4F20202914244
:10313000019000F0C180FFE7049801680120B822E7
:10314000C4F202029142019000F0B680FFE70498B9
:103150000168012040F21042C4F202029142019043
:1031600000F0AA80FFE704980168012040F228429D
:10317000C4F202029142019000F09E80FFE70498A1
:103180000168012040F24042C4F2020291420190E3
:1031900000F09280FFE704980168012040F2584255
:1031A000C4F202029142019000F08680FFE7049889
:1031B0000168012040F27042C4F202029142019083
:1031C0007AD0FFE704980168012040F28842C4F2F7
:1031D0000202914201906FD0FFE70498016801203C
:1031E00040F2A042C4F202029142019064D0FFE793
:1031F00004980168012040F2B842C4F202029142F0
:10320000019059D0FFE704980168012045F2084277
:10321000C5F60202914201904ED0FFE70498016882
:10322000012045F21C42C5F602029142019043D0B2
:10323000FFE704980168012045F23042C5F602021A
:103240009142019038D0FFE704980168012045F2CF
:103250004442C5F60202914201902DD0FFE7049846
:103260000168012045F25842C5F6020291420190E0
:1032700022D0FFE704980168012045F26C42C5F6B0
:1032800002029142019017D0FFE7049801680120E3
:1032900045F28042C5F60202914201900CD0FFE750
:1032A000049800684AF66C31CAF2FD710844B0FA1D
:1032B00080F040090190FFE70198C00728B3FFE7BD
:1032C0000498016E086820F4807008600498806D8E
:1032D00003900498C06D00F01F01012088400399FD
:1032E00048600498416E806E48600498C06E58B182
:1032F000FFE70498C16E086820F4807008600498A5
:10330000016F406F4860FFE7FFE70499012081F8F3
:103310003500FFE70499002081F83400FFE70498A6
:10332000006D20B1FFE70498016D8847FFE7FFE7D4
:10333000FFE700208DF81700FFE79DF8170006B0A3
:1033400080BD00000000000080B590B00F9000200C
:103350000B9040F22800C2F20040006848F2B5111C
:10336000C1F64E31A0FB0110800A0A900F98806DC3
:1033700009900F98806D0890099800680E90089841
:1033800000680D900F98016801201022C4F202021B
:103390009142079000F0A380FFE70F980168012099
:1033A0002822C4F202029142079000F09880FFE7C1
:1033B0000F98016801204022C4F202029142079056
:1033C00000F08D80FFE70F98016801205822C4F2B9
:1033D00002029142079000F08280FFE70F98016897
:1033E00001207022C4F202029142079077D0FFE7D9
:1033F0000F98016801208822C4F2020291420790CE
:103400006DD0FFE70F9801680120A022C4F20202EC
:103410009142079063D0FFE70F9801680120B8221E
:10342000C4F202029142079059D0FFE70F98016859
:10343000012040F21042C4F20202914207904ED0A5
:10344000FFE70F980168012040F22842C4F202020F
:103450009142079043D0FFE70F980168012040F2A6
:103460004042C4F202029142079038D0FFE70F9821
:103470000168012040F25842C4F2020291420790D2
:103480002DD0FFE70F980168012040F27042C4F28E
:1034900002029142079022D0FFE70F9801680120B5
:1034A00040F28842C4F202029142079017D0FFE72F
:1034B0000F980168012040F2A042C4F2020291423A
:1034C00007900CD0FFE70F9800684FF64831CBF615
:1034D000FD710844B0FA80F040090790FFE70798B3
:1034E000C007002800F01385FFE70E980F99C96DFB
:1034F00001F01F01C8400007002840F1B080FFE73D
:103500000F9800681021C4F20201884200F0818007
:10351000FFE70F9800682821C4F20201884278D0A2
:10352000FFE70F9800684021C4F20201884270D082
:10353000FFE70F9800685821C4F20201884268D062
:10354000FFE70F9800687021C4F20201884260D042
:10355000FFE70F9800688821C4F20201884258D022
:10356000FFE70F980068A021C4F20201884250D002
:10357000FFE70F980068B821C4F20201884248D0E2
:10358000FFE70F98006840F21041C4F20201884240
:103590003FD0FFE70F98006840F22841C4F20201D3
:1035A000884236D0FFE70F98006840F24041C4F2ED
:1035B000020188422DD0FFE70F98006840F2584181
:1035C000C4F20201884224D0FFE70F98006840F25D
:1035D0007041C4F2020188421BD0FFE70F980068D7
:1035E00040F28841C4F20201884212D0FFE70F98EE
:1035F000006840F2A041C4F20201884209D0FFE70E
:103600000F98006840F2B841C4F20201884207D125
:10361000FFE70F980068006800F00400069006E0DD
:103620000F980068006800F008000690FFE7069811
:10363000A0B1FFE70F980168086820F00400086057
:103640000F98C06D00F01F0108208840099988601C
:103650000F99486D40F001004865FFE7FFE70E98BD
:103660000F99C96D01F01F01C840C007002800F084
:10367000A980FFE70F9800681021C4F20201884278
:1036800000F08180FFE70F9800682821C4F2020152
:10369000884278D0FFE70F9800684021C4F2020109
:1036A000884270D0FFE70F9800685821C4F20201E9
:1036B000884268D0FFE70F9800687021C4F20201C9
:1036C000884260D0FFE70F9800688821C4F20201A9
:1036D000884258D0FFE70F980068A021C4F2020189
:1036E000884250D0FFE70F980068B821C4F2020169
:1036F000884248D0FFE70F98006840F21041C4F2BA
:10370000020188423FD0FFE70F98006840F228414D
:10371000C4F20201884236D0FFE70F98006840F2F9
:103720004041C4F2020188422DD0FFE70F980068A3
:1037300040F25841C4F20201884224D0FFE70F98BA
:10374000006840F27041C4F2020188421BD0FFE7DA
:103750000F98006840F28841C4F20201884212D0FA
:10376000FFE70F98006840F2A041C4F202018842CE
:1037700009D0FFE70F98006840F2B841C4F2020197
:10378000884207D1FFE70F980068406900F0800089
:10379000059005E00F980068006800200590FFE79D
:1037A000059870B1FFE70F98C06D00F01F01012070
:1037B0008840099988600F99486D40F0020048657B
:1037C000FFE7FFE70E980F99C96D01F01F01C84090
:1037D0004007002840F1A980FFE70F9800681021FA
:1037E000C4F20201884200F08180FFE70F98006870
:1037F0002821C4F20201884278D0FFE70F980068C0
:103800004021C4F20201884270D0FFE70F9800689F
:103810005821C4F20201884268D0FFE70F9800687F
:103820007021C4F20201884260D0FFE70F9800685F
:103830008821C4F20201884258D0FFE70F9800683F
:10384000A021C4F20201884250D0FFE70F9800681F
:10385000B821C4F20201884248D0FFE70F980068FF
:1038600040F21041C4F2020188423FD0FFE70F98B6
:10387000006840F22841C4F20201884236D0FFE7D6
:103880000F98006840F24041C4F2020188422DD0F6
:10389000FFE70F98006840F25841C4F202018842E5
:1038A00024D0FFE70F98006840F27041C4F2020193
:1038B00088421BD0FFE70F98006840F28841C4F2AD
:1038C0000201884212D0FFE70F98006840F2A04141
:1038D000C4F20201884209D0FFE70F98006840F265
:1038E000B841C4F20201884207D1FFE70F9800688F
:1038F000006800F00200049005E00F98006800687E
:1039000000200490FFE7049870B1FFE70F98C06DA6
:1039100000F01F0104208840099988600F99486DC4
:1039200040F004004865FFE7FFE70E980F99C96D66
:1039300001F01F01C840C006002840F1DE80FFE70B
:103940000F9800681021C4F20201884200F08180C3
:10395000FFE70F9800682821C4F20201884278D05E
:10396000FFE70F9800684021C4F20201884270D03E
:10397000FFE70F9800685821C4F20201884268D01E
:10398000FFE70F9800687021C4F20201884260D0FE
:10399000FFE70F9800688821C4F20201884258D0DE
:1039A000FFE70F980068A021C4F20201884250D0BE
:1039B000FFE70F980068B821C4F20201884248D09E
:1039C000FFE70F98006840F21041C4F202018842FC
:1039D0003FD0FFE70F98006840F22841C4F202018F
:1039E000884236D0FFE70F98006840F24041C4F2A9
:1039F000020188422DD0FFE70F98006840F258413D
:103A0000C4F20201884224D0FFE70F98006840F218
:103A10007041C4F2020188421BD0FFE70F98006892
:103A200040F28841C4F20201884212D0FFE70F98A9
:103A3000006840F2A041C4F20201884209D0FFE7C9
:103A40000F98006840F2B841C4F20201884207D1E1
:103A5000FFE70F980068006800F00800039006E098
:103A60000F980068006800F004000390FFE70398D7
:103A7000002841D0FFE70F98C06D00F01F01102013
:103A80008840099988600F98006800684003002802
:103A90001AD5FFE70F98006800680003002809D4D2
:103AA000FFE70F98006C20B1FFE70F98016C884783
:103AB000FFE708E00F98806C20B1FFE70F98816C5A
:103AC0008847FFE7FFE716E00F9800680068C00529
:103AD000002807D4FFE70F980168086820F0080065
:103AE0000860FFE70F98006C20B1FFE70F98016CAA
:103AF0008847FFE7FFE7FFE7FFE70E980F99C96DDB
:103B000001F01F01C8408006002840F12681FFE730
:103B10000F9800681021C4F20201884200F08180F1
:103B2000FFE70F9800682821C4F20201884278D08C
:103B3000FFE70F9800684021C4F20201884270D06C
:103B4000FFE70F9800685821C4F20201884268D04C
:103B5000FFE70F9800687021C4F20201884260D02C
:103B6000FFE70F9800688821C4F20201884258D00C
:103B7000FFE70F980068A021C4F20201884250D0EC
:103B8000FFE70F980068B821C4F20201884248D0CC
:103B9000FFE70F98006840F21041C4F2020188422A
:103BA0003FD0FFE70F98006840F22841C4F20201BD
:103BB000884236D0FFE70F98006840F24041C4F2D7
:103BC000020188422DD0FFE70F98006840F258416B
:103BD000C4F20201884224D0FFE70F98006840F247
:103BE0007041C4F2020188421BD0FFE70F980068C1
:103BF00040F28841C4F20201884212D0FFE70F98D8
:103C0000006840F2A041C4F20201884209D0FFE7F7
:103C10000F98006840F2B841C4F20201884207D10F
:103C2000FFE70F980068006800F01000029006E0BF
:103C30000F980068006800F002000290FFE7029809
:103C4000002800F08980FFE70F98C06D00F01F0189
:103C500020208840099988600F9890F83500042842
:103C600037D1FFE70F980168086820F01600086058
:103C70000F980168486920F0800048610F98006C37
:103C800020B9FFE70F98806C38B1FFE70F98016803
:103C9000086820F008000860FFE70F98C06D00F08A
:103CA0001F013F208840099988600F99012081F801
:103CB0003500FFE70F99002081F83400FFE70F98E7
:103CC000006D20B1FFE70F98016D8847FFE700F016
:103CD00019BC0F9800680068400300281AD5FFE758
:103CE0000F98006800680003002809D4FFE70F98C8
:103CF000406C20B1FFE70F98416C8847FFE708E070
:103D00000F98C06B20B1FFE70F98C16B8847FFE7A2
:103D1000FFE720E00F9800680068C005002811D474
:103D2000FFE70F980168086820F0100008600F99FD
:103D3000012081F83500FFE70F99002081F8340059
:103D4000FFE7FFE70F98C06B20B1FFE70F98C16B4B
:103D50008847FFE7FFE7FFE7FFE70F98406D002880
:103D600000F0D480FFE70F98406DC007002800F0F6
:103D7000C480FFE70F99042081F835000F98006890
:103D80001021C4F20201884200F08180FFE70F9801
:103D900000682821C4F20201884278D0FFE70F981A
:103DA00000684021C4F20201884270D0FFE70F98FA
:103DB00000685821C4F20201884268D0FFE70F98DA
:103DC00000687021C4F20201884260D0FFE70F98BA
:103DD00000688821C4F20201884258D0FFE70F989A
:103DE0000068A021C4F20201884250D0FFE70F987A
:103DF0000068B821C4F20201884248D0FFE70F985A
:103E0000006840F21041C4F2020188423FD0FFE74F
:103E10000F98006840F22841C4F20201884236D06F
:103E2000FFE70F98006840F24041C4F20201884267
:103E30002DD0FFE70F98006840F25841C4F202010C
:103E4000884224D0FFE70F98006840F27041C4F226
:103E5000020188421BD0FFE70F98006840F28841BA
:103E6000C4F20201884212D0FFE70F98006840F2C6
:103E7000A041C4F20201884209D0FFE70F98006810
:103E800040F2B841C4F20201884207D1FFE70F981F
:103E90000168086820F00100086006E00F980168DA
:103EA000086820F001000860FFE7FFE70B98013089
:103EB0000B900A99884201D9FFE707E0FFE70F98C6
:103EC00000680068C0070028F0D1FFE70F9800687D
:103ED0000068C00728B1FFE70F99032081F835007B
:103EE00004E00F99012081F83500FFE7FFE70F9903
:103EF000002081F83400FFE7FFE70F98C06C20B185
:103F0000FFE70F98C16C8847FFE7FFE7FAE20F98D9
:103F10000168012045F20842C5F602029142019073
:103F20004ED0FFE70F980168012045F21C42C5F60C
:103F300002029142019043D0FFE70F9801680120EF
:103F400045F23042C5F602029142019038D0FFE7B7
:103F50000F980168012045F24442C5F602029142E1
:103F600001902DD0FFE70F980168012045F25842DB
:103F7000C5F602029142019022D0FFE70F98016836
:103F8000012045F26C42C5F602029142019017D021
:103F9000FFE70F980168012045F28042C5F6020252
:103FA000914201900CD0FFE70F9800684AF66C31FF
:103FB000CAF2FD710844B0FA80F040090190FFE7B1
:103FC0000198C007002800F09B82FFE70F98006867
:103FD00000680C900D980F99C96D01F01F01C84041
:103FE0004007002840F1D780FFE79DF830004007E8
:103FF000002840F1D080FFE70F98C06D00F01F014E
:1040000004208840089948609DF831000006002887
:1040100018D5FFE79DF83200C00748B9FFE70F98B1
:10402000806C20B1FFE70F98816C8847FFE708E0BC
:104030000F98006C20B1FFE70F98016C8847FFE7ED
:10404000FFE7A7E09DF830008006002800F1998086
:10405000FFE70F9800681021C4F20201884200F0C7
:104060008180FFE70F9800682821C4F2020188428E
:1040700078D0FFE70F9800684021C4F2020188421F
:1040800070D0FFE70F9800685821C4F202018842FF
:1040900068D0FFE70F9800687021C4F202018842DF
:1040A00060D0FFE70F9800688821C4F202018842BF
:1040B00058D0FFE70F980068A021C4F2020188429F
:1040C00050D0FFE70F980068B821C4F2020188427F
:1040D00048D0FFE70F98006840F21041C4F2020197
:1040E00088423FD0FFE70F98006840F22841C4F2B1
:1040F0000201884236D0FFE70F98006840F2404145
:10410000C4F2020188422DD0FFE70F98006840F208
:104110005841C4F20201884224D0FFE70F9800689A
:1041200040F27041C4F2020188421BD0FFE70F98B1
:10413000006840F28841C4F20201884212D0FFE7D1
:104140000F98006840F2A041C4F20201884209D0F1
:10415000FFE70F98006840F2B841C4F202018842BC
:1041600007D1FFE70F980168086820F00800086091
:1041700006E00F980168086820F004000860FFE777
:10418000FFE70F98006C20B1FFE70F98016C88479C
:10419000FFE7FFE7B3E10D980F99C96D01F01F012B
:1041A000C8408007002840F1E180FFE79DF830001B
:1041B0008007002840F1DA80FFE70F98C06D00F01B
:1041C0001F0102208840089948609DF831000006D0
:1041D000002818D5FFE79DF83200C00748B9FFE76F
:1041E0000F98406C20B1FFE70F98416C8847FFE7BC
:1041F00008E00F98C06B20B1FFE70F98C16B8847AC
:10420000FFE7FFE7B1E09DF830008006002800F1ED
:10421000A380FFE70F9800681021C4F202018842D2
:1042200000F08180FFE70F9800682821C4F20201A6
:10423000884278D0FFE70F9800684021C4F202015D
:10424000884270D0FFE70F9800685821C4F202013D
:10425000884268D0FFE70F9800687021C4F202011D
:10426000884260D0FFE70F9800688821C4F20201FD
:10427000884258D0FFE70F980068A021C4F20201DD
:10428000884250D0FFE70F980068B821C4F20201BD
:10429000884248D0FFE70F98006840F21041C4F20E
:1042A000020188423FD0FFE70F98006840F22841A2
:1042B000C4F20201884236D0FFE70F98006840F24E
:1042C0004041C4F2020188422DD0FFE70F980068F8
:1042D00040F25841C4F20201884224D0FFE70F980F
:1042E000006840F27041C4F2020188421BD0FFE72F
:1042F0000F98006840F28841C4F20201884212D04F
:10430000FFE70F98006840F2A041C4F20201884222
:1043100009D0FFE70F98006840F2B841C4F20201EB
:10432000884207D1FFE70F980168086820F0140061
:10433000086006E00F980168086820F00A0008602D
:10434000FFE70F99012081F83500FFE70F99002062
:1043500081F83400FFE7FFE70F98C06B20B1FFE75B
:104360000F98C16B8847FFE7FFE7C7E00D980F99EB
:10437000C96D01F01F01C8400007002840F1BC8052
:10438000FFE79DF830000007002840F1B580FFE707
:104390000F9800681021C4F20201884200F0818069
:1043A000FFE70F9800682821C4F20201884278D004
:1043B000FFE70F9800684021C4F20201884270D0E4
:1043C000FFE70F9800685821C4F20201884268D0C4
:1043D000FFE70F9800687021C4F20201884260D0A4
:1043E000FFE70F9800688821C4F20201884258D084
:1043F000FFE70F980068A021C4F20201884250D064
:10440000FFE70F980068B821C4F20201884248D043
:10441000FFE70F98006840F21041C4F202018842A1
:104420003FD0FFE70F98006840F22841C4F2020134
:10443000884236D0FFE70F98006840F24041C4F24E
:10444000020188422DD0FFE70F98006840F25841E2
:10445000C4F20201884224D0FFE70F98006840F2BE
:104460007041C4F2020188421BD0FFE70F98006838
:1044700040F28841C4F20201884212D0FFE70F984F
:10448000006840F2A041C4F20201884209D0FFE76F
:104490000F98006840F2B841C4F20201884207D187
:1044A000FFE70F980168086820F01C00086006E02C
:1044B0000F980168086820F00E000860FFE70F9869
:1044C000C06D00F01F01012000FA01F1089A51604F
:1044D0000F9948650F9981F83500FFE70F99002083
:1044E00081F83400FFE70F98C06C20B1FFE70F9808
:1044F000C16C8847FFE700E0FFE7FFE7FFE700E068
:10450000FFE7FFE710B080BD10B58EB00C9001F052
:1045100077FD0A900C9828B9FFE701208DF8370045
:1045200000F09FBC0C98016801201022C4F2020226
:104530009142079000F0A380FFE70C9801680120EA
:104540002822C4F202029142079000F09880FFE70F
:104550000C98016801204022C4F2020291420790A7
:1045600000F08D80FFE70C98016801205822C4F20A
:1045700002029142079000F08280FFE70C980168E8
:1045800001207022C4F202029142079077D0FFE727
:104590000C98016801208822C4F20202914207901F
:1045A0006DD0FFE70C9801680120A022C4F202023E
:1045B0009142079063D0FFE70C9801680120B82270
:1045C000C4F202029142079059D0FFE70C980168AB
:1045D000012040F21042C4F20202914207904ED0F4
:1045E000FFE70C980168012040F22842C4F2020261
:1045F0009142079043D0FFE70C980168012040F2F8
:104600004042C4F202029142079038D0FFE70C9872
:104610000168012040F25842C4F202029142079020
:104620002DD0FFE70C980168012040F27042C4F2DF
:1046300002029142079022D0FFE70C980168012006
:1046400040F28842C4F202029142079017D0FFE77D
:104650000C980168012040F2A042C4F2020291428B
:1046600007900CD0FFE70C9800684FF64831CBF666
:10467000FD710844B0FA80F040090790FFE7079801
:10468000C007002800F07981FFE70C98406A08B164
:10469000FFE7FFE70C99022081F83500FFE70C994E
:1046A000002081F83400FFE70C9800681021C4F264
:1046B0000201884200F08180FFE70C980068282101
:1046C000C4F20201884278D0FFE70C9800684021CC
:1046D000C4F20201884270D0FFE70C9800685821AC
:1046E000C4F20201884268D0FFE70C98006870218C
:1046F000C4F20201884260D0FFE70C98006888216C
:10470000C4F20201884258D0FFE70C980068A0214B
:10471000C4F20201884250D0FFE70C980068B8212B
:10472000C4F20201884248D0FFE70C98006840F2CA
:104730001041C4F2020188423FD0FFE70C980068A4
:1047400040F22841C4F20201884236D0FFE70C98BB
:10475000006840F24041C4F2020188422DD0FFE7D8
:104760000C98006840F25841C4F20201884224D0FB
:10477000FFE70C98006840F27041C4F202018842E1
:104780001BD0FFE70C98006840F28841C4F2020198
:10479000884212D0FFE70C98006840F2A041C4F2B2
:1047A0000201884209D0FFE70C98006840F2B84146
:1047B000C4F20201884207D1FFE70C98016808683B
:1047C00020F00100086006E00C980168086820F0FD
:1047D00001000860FFE7FFE70C9800680068C00769
:1047E00098B1FFE701F00CFC0A99401A06280BD398
:1047F000FFE70C99202048650C99032081F83500CB
:1048000001208DF837002CE3E6E70C98006800687B
:104810000B900B9848F23F01CFF6106108400B90C7
:104820000C998868D1F80CC00B694A6940EA0C0001
:10483000184310438A691043CA691043096A014347
:104840000B9808430B900C98406A042808D1FFE7A6
:104850000C99C86A096B01430B9808430B90FFE75A
:1048600041F20000C5F6004000684FF6FF71884332
:10487000B0F1005F40D3FFE70C984068292807D3C8
:10488000FFE70C98416801202F2906902AD3FFE703
:104890000C9840683F2807D3FFE70C984168012037
:1048A000432906901ED3FFE70C984068472807D39A
:1048B000FFE70C98416801204929069012D3FFE7D1
:1048C0000C98416800204F29059008D3FFE70C9809
:1048D00041680020532938BF01200590FFE7059863
:1048E0000690FFE70698C00728B1FFE70B9840F451
:1048F00080100B90FFE7FFE70B980C9909680860A0
:104900000C98006840690B900B9820F007000B9002
:104910000C98416A0B9808430B900C98406A042845
:104920001AD1FFE70C98816A0B9808430B900C98FA
:10493000C06A80B1FFE70C98FCF732FA50B1FFE78C
:104940000C99402048650C99012081F835008DF8BC
:10495000370086E2FFE7FFE70B980C99096848618A
:104960000C98FBF7E1FF09900C98C06D00F01F0157
:104970003F2088400999886026E10C980168012051
:1049800045F20842C5F60202914204904ED0FFE77C
:104990000C980168012045F21C42C5F602029142C2
:1049A000049043D0FFE70C980168012045F23042A3
:1049B000C5F602029142049038D0FFE70C980168D6
:1049C000012045F24442C5F60202914204902DD0E6
:1049D000FFE70C980168012045F25842C5F6020233
:1049E0009142049022D0FFE70C980168012045F223
:1049F0006C42C5F602029142049017D0FFE70C9872
:104A00000168012045F28042C5F6020291420490FD
:104A10000CD0FFE70C9800684AF66C31CAF2FD71C1
:104A20000844B0FA80F040090490FFE70498C007FA
:104A3000002800F0BD80FFE70C980168012045F2D6
:104A40000842C5F60202914203904ED0FFE70C984F
:104A50000168012045F21C42C5F602029142039012
:104A600043D0FFE70C980168012045F23042C5F6BB
:104A700002029142039038D0FFE70C9801680120B0
:104A800045F24442C5F60202914203902DD0FFE761
:104A90000C980168012045F25842C5F60202914285
:104AA000039022D0FFE70C980168012045F26C4288
:104AB000C5F602029142039017D0FFE70C980168F7
:104AC000012045F28042C5F60202914203900CD0CB
:104AD000FFE70C9800684AF66C31CAF2FD71084491
:104AE000B0FA80F040090390FFE70398C00708B1CF
:104AF000FFE7FFE70C99022081F83500FFE70C99EA
:104B0000002081F83400FFE70C98006800680B90E3
:104B10000B986FF310100B900C988068402803D10D
:104B2000FFE71020029008E00C9880688038B0FA07
:104B300080F0400980030290FFE702980C99CA6850
:104B40000B69D1F814C0D1F818E0CC694EEA040E14
:104B50004CEA0E0C43EA0C031A4340EAD200096AFD
:104B600040EA11110B9808430B900B980C990968B7
:104B700008600C9908684AF6F832CAF2FD721044CF
:104B80004CF6CD42CCF6CC42A0FB02026FF0030003
:104B900000EA9200C8650C98FBF7C6FE08900C98D6
:104BA000C06D00F01F0101208840089948600AE0AC
:104BB0000C99402048650C99032081F835000120AC
:104BC0008DF837004DE1FFE70C98016801201022B5
:104BD000C4F202029142019000F00381FFE70C98B9
:104BE000016801202822C4F202029142019000F0E3
:104BF000F880FFE70C98016801204022C4F202020D
:104C00009142019000F0ED80FFE70C9801680120CF
:104C10005822C4F202029142019000F0E280FFE7C4
:104C20000C98016801207022C4F2020291420190A6
:104C300000F0D780FFE70C98016801208822C4F2B9
:104C400002029142019000F0CC80FFE70C980168CD
:104C50000120A022C4F202029142019000F0C18022
:104C6000FFE70C9801680120B822C4F202029142C9
:104C7000019000F0B680FFE70C980168012040F237
:104C80001042C4F202029142019000F0AA80FFE7B4
:104C90000C980168012040F22842C4F202029142BD
:104CA000019000F09E80FFE70C980168012040F21F
:104CB0004042C4F202029142019000F09280FFE76C
:104CC0000C980168012040F25842C4F2020291425D
:104CD000019000F08680FFE70C980168012040F207
:104CE0007042C4F20202914201907AD0FFE70C9820
:104CF0000168012040F28842C4F202029142019010
:104D00006FD0FFE70C980168012040F2A042C4F286
:104D100002029142019064D0FFE70C9801680120E3
:104D200040F2B842C4F202029142019059D0FFE72A
:104D30000C980168012045F20842C5F60202914232
:104D400001904ED0FFE70C980168012045F21C420B
:104D5000C5F602029142019043D0FFE70C9801682A
:104D6000012045F23042C5F602029142019038D04E
:104D7000FFE70C980168012045F24442C5F60202A3
:104D8000914201902DD0FFE70C980168012045F277
:104D90005842C5F602029142019022D0FFE70C98DA
:104DA0000168012045F26C42C5F602029142019071
:104DB00017D0FFE70C980168012045F28042C5F644
:104DC0000202914201900CD0FFE70C9800684AF66D
:104DD0006C31CAF2FD710844B0FA80F040090190CC
:104DE000FFE70198C00790B3FFE70C98FBF784FE3C
:104DF0000C988068802804D1FFE70C990020486057
:104E0000FFE70C990879096E08600C98416E806E76
:104E100048600C98406888B1FFE70C984068082803
:104E20000CD8FFE70C98FBF723FF0C98C16E00200D
:104E300008600C98016F406F486007E00C990020F3
:104E4000C8660C9908670C994867FFE7FFE70C995B
:104E5000002048650C9A012182F835108DF8370042
:104E6000FFE79DF837000EB010BD00000000000005
:104E700080B588B0069005910492039300208DF8C8
:104E80000B00069820B9FFE701208DF81F006CE3A6
:104E9000FFE7069890F83400012804D1FFE70220CC
:104EA0008DF81F0061E30699012081F83400FFE7C7
:104EB000FFE7069890F83500012840F04383FFE7AC
:104EC0000699022081F83500069900204865069869
:104ED00000681021C4F20201884200F08180FFE7DF
:104EE000069800682821C4F20201884278D0FFE7C2
:104EF000069800684021C4F20201884270D0FFE7A2
:104F0000069800685821C4F20201884268D0FFE781
:104F1000069800687021C4F20201884260D0FFE761
:104F2000069800688821C4F20201884258D0FFE741
:104F300006980068A021C4F20201884250D0FFE721
:104F400006980068B821C4F20201884248D0FFE701
:104F50000698006840F21041C4F2020188423FD036
:104F6000FFE70698006840F22841C4F20201884237
:104F700036D0FFE70698006840F24041C4F20201D3
:104F800088422DD0FFE70698006840F25841C4F2ED
:104F90000201884224D0FFE70698006840F2704181
:104FA000C4F2020188421BD0FFE70698006840F275
:104FB0008841C4F20201884212D0FFE706980068D7
:104FC00040F2A041C4F20201884209D0FFE70698EE
:104FD000006840F2B841C4F20201884207D1FFE7FD
:104FE00006980168086820F00100086006E006984D
:104FF0000168086820F001000860FFE7069805993D
:10500000049A039BFCF734F80698016801201022EB
:10501000C4F202029142019000F0A380FFE70698DB
:10502000016801202822C4F202029142019000F09E
:105030009880FFE70698016801204022C4F202022E
:105040009142019000F08D80FFE7069801680120F1
:105050005822C4F202029142019000F08280FFE7E0
:105060000698016801207022C4F202029142019068
:1050700077D0FFE70698016801208822C4F2020277
:10508000914201906DD0FFE7069801680120A022AF
:10509000C4F202029142019063D0FFE706980168D2
:1050A0000120B822C4F202029142019059D0FFE7D8
:1050B00006980168012040F21042C4F202029142B7
:1050C00001904ED0FFE706980168012040F2284287
:1050D000C4F202029142019043D0FFE706980168B2
:1050E000012040F24042C4F202029142019038D0C5
:1050F000FFE706980168012040F25842C4F202021C
:10510000914201902DD0FFE706980168012040F2FE
:105110007042C4F202029142019022D0FFE7069849
:105120000168012040F28842C4F2020291420190DB
:1051300017D0FFE706980168012040F2A042C4F2B0
:105140000202914201900CD0FFE7069800684FF6EA
:105150004831CBF6FD710844B0FA80F04009019067
:10516000FFE70198C007A8B1FFE70698006800684C
:105170000B2161F344000699096808600698006CE9
:1051800038B1FFE706980168086840F00800086039
:10519000FFE714E0069800680068052161F343000A
:1051A0000699096808600698006C38B1FFE7069810
:1051B0000168086840F004000860FFE7FFE7069810
:1051C000016801201022C4F202029142009000F016
:1051D0000381FFE70698016801202822C4F2020239
:1051E0009142009000F0F880FFE7069801680120E6
:1051F0004022C4F202029142009000F0ED80FFE7ED
:105200000698016801205822C4F2020291420090DF
:1052100000F0E280FFE70698016801207022C4F2E6
:1052200002029142009000F0D780FFE706980168E3
:1052300001208822C4F202029142009000F0CC804A
:10524000FFE7069801680120A022C4F20202914201
:10525000009000F0C180FFE7069801680120B822A5
:10526000C4F202029142009000F0B680FFE7069877
:105270000168012040F21042C4F202029142009003
:1052800000F0AA80FFE706980168012040F228425A
:10529000C4F202029142009000F09E80FFE706985F
:1052A0000168012040F24042C4F2020291420090A3
:1052B00000F09280FFE706980168012040F2584212
:1052C000C4F202029142009000F08680FFE7069847
:1052D0000168012040F27042C4F202029142009043
:1052E0007AD0FFE706980168012040F28842C4F2B4
:1052F0000202914200906FD0FFE7069801680120FA
:1053000040F2A042C4F202029142009064D0FFE752
:1053100006980168012040F2B842C4F202029142AC
:10532000009059D0FFE706980168012045F2084235
:10533000C5F60202914200904ED0FFE70698016840
:10534000012045F21C42C5F602029142009043D072
:10535000FFE706980168012045F23042C5F60202D7
:105360009142009038D0FFE706980168012045F28D
:105370004442C5F60202914200902DD0FFE7069804
:105380000168012045F25842C5F6020291420090A0
:1053900022D0FFE706980168012045F26C42C5F66D
:1053A00002029142009017D0FFE7069801680120A1
:1053B00045F28042C5F60202914200900CD0FFE710
:1053C000069800684AF66C31CAF2FD710844B0FADA
:1053D00080F040090090FFE70098C007D0B1FFE7D8
:1053E0000698006E0068C003002807D5FFE70698FE
:1053F000016E086840F480700860FFE70698C06E90
:1054000038B1FFE70698C16E086840F48070086004
:10541000FFE7FFE7069800681021C4F20201884206
:1054200000F08180FFE7069800682821C4F202019D
:10543000884278D0FFE7069800684021C4F2020154
:10544000884270D0FFE7069800685821C4F2020134
:10545000884268D0FFE7069800687021C4F2020114
:10546000884260D0FFE7069800688821C4F20201F4
:10547000884258D0FFE706980068A021C4F20201D4
:10548000884250D0FFE706980068B821C4F20201B4
:10549000884248D0FFE70698006840F21041C4F205
:1054A000020188423FD0FFE70698006840F2284199
:1054B000C4F20201884236D0FFE70698006840F245
:1054C0004041C4F2020188422DD0FFE706980068EF
:1054D00040F25841C4F20201884224D0FFE7069806
:1054E000006840F27041C4F2020188421BD0FFE71D
:1054F0000698006840F28841C4F20201884212D046
:10550000FFE70698006840F2A041C4F20201884219
:1055100009D0FFE70698006840F2B841C4F20201E2
:10552000884207D1FFE706980168086840F001004B
:10553000086006E006980168086840F0010008600D
:10554000FFE70DE006994FF400604865FFE7069914
:10555000002081F83400FFE701208DF80B00FFE701
:105560009DF80B008DF81F00FFE79DF81F0008B0A5
:1055700080BD00000000000080B584B0039000F002
:105580003FFD0290039801900198013048B1FFE778
:1055900040F2FE00C2F200400178019808440190F8
:1055A000FFE7FFE700F02CFD0299401A01998842BD
:1055B00001D2FFE7F6E704B080BD00000000000064
:1055C00080B598B0169049F21C71C0F6010101A88F
:1055D0004C22FAF749FF169820B9FFE701208DF811
:1055E0005F00D9E1169800684AF20001C4F2000198
:1055F000884206D1FFE71699086800F58070486078
:10560000FFE716988068B0F5407F01D1FFE7FFE71C
:105610001698006C08B1FFE7FFE71698806C08B198
:10562000FFE7FFE71698006D08B1FFE7FFE7169860
:10563000006E08B1FFE7FFE71699C86D096E0844D0
:1056400008B1FFE7FFE7169890F8980040B9FFE728
:105650001699002081F89900169800F0A1F9FFE74B
:1056600016980168886920F01000886100F0C8FC75
:105670001590FFE71698006880690007002817D585
:10568000FFE700F0BDFC1599401A0B280FD3FFE788
:105690001699D1F89C0040F00100C1F89C001699C1
:1056A000032081F8980001208DF85F0074E1E1E7A4
:1056B00016980168886940F00100886100F0A0FC3C
:1056C0001590FFE7169800688069C007B8B9FFE732
:1056D00000F096FC1599401A0B280FD3FFE7169996
:1056E000D1F89C0040F00100C1F89C0016990320FD
:1056F00081F8980001208DF85F004DE1E2E71698EF
:105700000168886940F0020088611698007C0128D1
:1057100007D1FFE716980168886920F0400088618A
:1057200006E016980168886940F040008861FFE74C
:105730001698407C012807D1FFE716980168886910
:1057400040F48040886106E016980168886920F47A
:1057500080408861FFE71698807C012807D1FFE729
:1057600016980168886920F48050886106E01698D0
:105770000168886940F480508861FFE716980068E6
:10578000806920F44070169A11689268104388610D
:1057900016980168886920F0A4008861169801684D
:1057A000086920F0100008611698C068012807D128
:1057B000FFE716980168886940F0040088612BE0D3
:1057C0001698C06830B3FFE71698C068022819D051
:1057D000FFE716980168886940F080008861169894
:1057E0000168086940F0100008611698C068032835
:1057F00007D1FFE716980168886940F020008861AA
:10580000FFE706E016980168886940F0200088618B
:10581000FFE700E0FFE7FFE7169A11685369906918
:10582000D2F81CE0A0F1010C6FF0FF0000EB0E209D
:1058300040EA4C60126A013A10430022CFF6FF7230
:1058400002EB03421043C86116988068B0F5407FB0
:105850001CD1FFE7169A1168536A906AD2F82CE0BF
:1058600001386FF0FF0C0CEB0E2C40EA0C00D2F864
:1058700030C06FF00F0202EB0C1210430022CFF683
:10588000FF7202EB03421043C860FFE71698006EF8
:1058900048B1FFE716980168426ED1F8C000104386
:1058A000C1F8C000FFE71699C86D096E084480B1C1
:1058B000FFE716980068D0F8C80020F00700169A95
:1058C0001168936E01AA52F823201043C1F8C80052
:1058D000FFE71698006C80B1FFE716980068D0F8D3
:1058E000BC0020F00700169A1168536C01AA52F808
:1058F00023201043C1F8BC00FFE71698806C88B1E4
:10590000FFE716980068D0F8BC0020F07000169AE7
:105910001168D36C01AA52F8232040EA0210C1F8A2
:10592000BC00FFE71698006D88B1FFE71698006885
:10593000D0F8BC0020F4E060169A1168536D01AAFB
:1059400052F8232040EA0220C1F8BC00FFE7169875
:1059500000684AF20001C4F20001884207D1FFE763
:1059600016984168886820F003008860FFE7169960
:105970000020C1F894001699C1F89C0016990120E6
:1059800081F898001698FBF757FE8DF853009DF8A4
:1059900053008DF85F00FFE79DF85F0018B080BDF1
:1059A00080B5B8B037900020369035903490339061
:1059B000329002A8C021FAF789FD379800684AF2B0
:1059C0000001C4F2000188423ED1FFE700200390AD
:1059D0004FF4004102911E9002A803F035FA18B16D
:1059E000FFE7FBF7D5FDFFE7FFE744F2EC40C5F624
:1059F0000200016841F480710160006800F4807069
:105A000001900198FFE7FFE744F2E040C5F602008D
:105A1000016841F080010160006800F080000090A2
:105A20000098FFE74FF4C0403290022033900020EE
:105A3000349035900920369041F60040C5F60200BA
:105A400032A900F0C1F8FFE738B080BD00000000C7
:105A500080B5BEB000203D903C903B903A9039908C
:105A600040F26810C2F20040006808B1FFE7A7E00A
:105A700040F26811C2F200410120086008A80690B7
:105A8000C021FAF723FD0698002109914FF080729A
:105A900008921A9103F0D8F918B1FFE7FBF778FDE7
:105AA000FFE7FFE744F2D440C5F60200016841F485
:105AB00080510160006800F4805007900798FFE76C
:105AC0004FF63F003990022001903A90002002905A
:105AD0003B90032003903C900C2004903D9041F2B9
:105AE0000040C5F6020039A9059100F06DF8DDF817
:105AF00004C0029B039A049805994FF0800ECDF8DC
:105B0000E4E0CDF8E8C03B933C923D900020C5F620
:105B1000020000F059F8DDF804C0029B039A0498D3
:105B200005994FF0300ECDF8E4E0CDF8E8C03B9396
:105B30003C923D9040F60000C5F6020000F044F8AB
:105B4000DDF804C0029B039A0498059948F2371EB9
:105B5000CDF8E4E0CDF8E8C03B933C923D9041F6AF
:105B60000000C5F6020000F02FF8DDF804C0029B2B
:105B7000039A049805994FF6837ECDF8E4E0CDF8BA
:105B8000E8C03B933C923D9041F20000C5F6020014
:105B900000F01AF8DDF804C0029B039A04980599F6
:105BA0004CF2037ECDF8E4E0CDF8E8C03B933C92A4
:105BB0003D9040F60040C5F6020000F005F8FFE712
:105BC0003EB080BD0000000090B00F900E9100200C
:105BD0000D908020C5F600000A90FFE70E9800683F
:105BE0000D99C840002800F0CF81FFE70E980068AB
:105BF0000D9A0121914008400C900C98002800F06B
:105C0000BF81FFE70E98406800F00300012807D02D
:105C1000FFE70E98406800F0030002282FD1FFE74D
:105C20000F9880680B900D984100032000FA01F155
:105C30000B9888430B900E98C0680D99490000FAA4
:105C400001F10B9808430B900B980F9988600F98FF
:105C500040680B900D99012000FA01F10B988843E0
:105C60000B900E984068C0F300100D9900FA01F1F6
:105C70000B9808430B900B980F994860FFE70E981C
:105C8000406800F00300032818D0FFE70F98C068B1
:105C90000B900D984100032000FA01F10B98884306
:105CA0000B900E9880680D99490000FA01F10B984D
:105CB00008430B900B980F99C860FFE70E98406857
:105CC00000F00300022826D1FFE70F980D996FF02E
:105CD000030202EA51010844006A0B900D9800F09B
:105CE000070081000F2000FA01F10B9888430B9008
:105CF0000E9800690D9901F00701890000FA01F181
:105D00000B9808430B900B980F990D9B02EA5302D6
:105D100011440862FFE70F9800680B900D9841004E
:105D2000032000FA01F10B9888430B900E9840680D
:105D300000F003000D99490000FA01F10B980843A7
:105D40000B900B980F9908600E98807980070028B7
:105D500000F01581FFE7FFE744F2F440C5F60200CA
:105D6000016841F002010160006800F00200099042
:105D70000998FFE70D9820F0030040F20841C5F6AE
:105D8000000140580B900D9800F0030081000F2097
:105D900000FA01F10B9888430B900F980021C5F68B
:105DA0000201884203D1FFE7002008907AE00F98B3
:105DB00040F20041C5F60201884203D1FFE701200D
:105DC00007906CE00F9840F60001C5F6020188428A
:105DD00003D1FFE7022006905EE00F9840F60041F5
:105DE000C5F60201884203D1FFE70320059050E089
:105DF0000F9841F20001C5F60201884203D1FFE786
:105E00000420049042E00F9841F20041C5F60201DF
:105E1000884203D1FFE70520039034E00F9841F654
:105E20000001C5F60201884203D1FFE70620029077
:105E300026E00F9841F60041C5F60201884203D1E1
:105E4000FFE70720019018E00F9842F20001C5F625
:105E50000201884203D1FFE7082000900AE00F9971
:105E600042F20042C5F602020A20914208BF092010
:105E70000090FFE700980190FFE701980290FFE78C
:105E800002980390FFE703980490FFE704980590B9
:105E9000FFE705980690FFE706980790FFE7079849
:105EA0000890FFE708980D9901F00301890000FAB6
:105EB00001F10B9808430B900B980D9921F0030109
:105EC00040F20842C5F6000288504FF0B04000682A
:105ED0000B900C990B9888430B900E988079C00614
:105EE000002805D5FFE70C990B9808430B90FFE7B6
:105EF0000B984FF0B04108600420C5F60000006820
:105F00000B900C990B9888430B900E988079800623
:105F1000002805D5FFE70C990B9808430B90FFE785
:105F20000B980421C5F6000108600A9840680B90A0
:105F30000C990B9888430B900E9880798007002865
:105F400005D5FFE70C990B9808430B90FFE70B98DA
:105F50000A9948600A9800680B900C990B9888433E
:105F60000B900E988079C00728B1FFE70C990B9829
:105F700008430B90FFE70B980A990860FFE7FFE7DB
:105F80000D9801300D9029E610B070470000000018
:105F900082B00190ADF8021001980069BDF80210BE
:105FA000084204D0FFE701208DF8010003E0002043
:105FB0008DF80100FFE79DF8010002B07047000076
:105FC00082B00190ADF802108DF801209DF801001B
:105FD00028B1FFE7BDF802000199886105E0BDF82E
:105FE0000200000401998861FFE702B070470000D9
:105FF00041F20000C5F600400068000C7047000048
:1060000044F21870C2F200400068704700000000BF
:1060100083B001900091019890F8410020283BD175
:10602000FFE7FFE7019890F84000012804D1FFE75F
:1060300002208DF80B0033E00199012081F8400027
:10604000FFE7FFE70199242081F8410001980168EA
:10605000086820F00100086001980168086820F4D1
:1060600080500860009A0198016808681043086031
:1060700001980168086840F001000860019920203B
:1060800081F84100FFE70199002081F84000FFE717
:1060900000208DF80B0003E002208DF80B00FFE7D5
:1060A0009DF80B0003B0704784B0029001910298F4
:1060B00090F84100202840D1FFE7FFE7029890F8D0
:1060C0004000012804D1FFE702208DF80F0038E0DE
:1060D0000299012081F84000FFE7FFE702992420A0
:1060E00081F8410002980168086820F0010008600A
:1060F0000298006800680090009820F4706000909A
:106100000199009840EA01200090009802990968DE
:10611000086002980168086840F001000860029970
:10612000202081F84100FFE70299002081F840001B
:10613000FFE700208DF80F0003E002208DF80F002C
:10614000FFE79DF80F0004B070470000000000005A
:1061500080B582B00090009820B9FFE701208DF84B
:1061600007007BE0009890F8410040B9FFE70099F4
:10617000002081F84000009800F076F8FFE70099D1
:10618000242081F8410000980168086820F001008F
:10619000086000980168406820F07060086100980D
:1061A0000168886820F4004088600098C068012871
:1061B00007D1FFE700980168806840F400408860DC
:1061C00006E000980168806840F404408860FFE7BA
:1061D0000098C068022807D1FFE700980168486866
:1061E00040F40060486006E000980168486820F4C8
:1061F00000604860FFE700980168486848F20002C4
:10620000C0F200221043486000980168C86820F47A
:106210000040C860009A1168106953699269184378
:1062200040EA0220C860009A1168D069126A1043DF
:10623000086000980168086840F001000860009953
:1062400000204864009A202182F8411000990863D8
:10625000009981F842008DF80700FFE79DF80700DC
:1062600002B080BD0000000080B5BAB039900020B7
:106270003890379036903590349004A8C021FAF7C2
:1062800025F93998006845F60001C4F200018842FA
:106290003CD1FFE70020059008210491259004A837
:1062A00002F0D2FD18B1FFE7FBF772F9FFE7FFE755
:1062B00044F2E040C5F60200016841F0800101604F
:1062C000006800F0800003900398FFE730203490CE
:1062D000122035900020369037900420389041F6F7
:1062E0000040C5F6020034A9FFF76EFCFFE744F258
:1062F000E840C5F60200016841F4800101600068D1
:1063000000F4800002900298FFE746E039980068A8
:1063100041F60041C5F6000188423DD1FFE700206B
:106320000590102104912A9004A802F08DFD18B167
:10633000FFE7FBF72DF9FFE7FFE744F2E040C5F682
:106340000200016841F008010160006800F00800E7
:1063500001900198FFE74FF440503490122035909F
:106360000020369037900420389040F60040C5F663
:10637000020034A9FFF728FCFFE744F2F440C5F619
:106380000200016841F080010160006800F08000B7
:1063900000900098FFE7FFE7FFE73AB080BD0000FC
:1063A00040F2FE00C2F20040027844F21871C2F2DC
:1063B00000410868104408607047000000000000B9
:1063C00080B582B0032000F0B7F804F02DF844F255
:1063D0001842C5F602021168C1F3032349F268713D
:1063E000C0F60101CB5C03F01F03D8400090009879
:1063F000126802F00F02895C01F01F01C84040F2F0
:106400002C01C2F200410860009840F22801C2F25B
:10641000004108600F2000F013F820B1FFE70120D1
:106420008DF8070005E000F04FF800208DF8070018
:10643000FFE79DF8070002B080BD000000000000EB
:1064400080B582B0009040F2FE00C2F200400078B9
:1064500020B9FFE701208DF8070030E040F2280066
:10646000C2F20040006840F2FE01C2F200410A7828
:106470004FF47A71B1FBF2F1B0FBF1F007F068FA7A
:1064800020B1FFE701208DF8070018E000980F28E1
:106490000DD8FFE700994FF0FF30002200F034F8EC
:1064A000009840F20011C2F20041086003E00120B0
:1064B0008DF8070003E000208DF80700FFE79DF846
:1064C000070002B080BD000081B0FFE744F2F44055
:1064D000C5F60200016841F002010160006800F0A9
:1064E000020000900098FFE701B070470000000034
:1064F00080B582B0ADF80600BDF9060010F01CFDB5
:1065000002B080BD0000000080B586B0ADF8160076
:106510000491039210F028FD0290BDF9160001903D
:1065200002980499039A09F0B3F90146019810F012
:1065300023FD06B080BD000080B582B001900198B7
:1065400010F03EFD02B080BD82B00190019800685D
:10655000009001990120C1F8D8040199002081F828
:10656000CC04009A916941F000619161009A516DEB
:106570000323C1F200031943516502B070470000C4
:1065800082B001908DF8031002B070470000000047
:1065900082B00190ADF80210BDF8020001990968BF
:1065A0004862002002B0704784B003908DF80B1051
:1065B000ADF8082003980068406A00909DF80B0031
:1065C00048B9FFE7BDF80810009840EA0140039978
:1065D0000968886233E003980068816A009800EBDC
:1065E0001140009000208DF80700FFE79DF807009C
:1065F0009DF80B100139884213D2FFE70398006819
:106600009DF8071000EB8100D0F80411009800EB12
:1066100011400090FFE79DF8070001308DF807005A
:10662000E4E7BDF80810009840EA014003990968C2
:106630009DF80B2001EB8201C1F80001FFE700206B
:1066400004B070470000000080B582B0019001984E
:10665000D0F8E0040EF0D8FA02B080BD00000000CF
:1066600080B582B001908DF80310019AD2F8E00451
:106670009DF8031001EBC10302EB8302126A0EF0D6
:106680001FF902B080BD000080B582B001908DF886
:106690000310019AD2F8E0049DF8031001EBC10346
:1066A00002EB8302D2F860220EF0D2F902B080BD74
:1066B00080B582B001900198D0F8E0040EF0ACFAF9
:1066C00002B080BD0000000080B584B003908DF85A
:1066D0000B109DF80B00000600280CD5FFE703986F
:1066E0009DF80B1001F00F0101EBC10100EB8100DF
:1066F000143001900CE003989DF80B1001F00F018D
:1067000001EBC10100EB810000F515700190FFE77E
:1067100003980068019910F02BF88DF80A009DF895
:106720000A0004B080BD000080B584B002908DF8EE
:1067300007109DF80700000600280FD5FFE7029814
:106740009DF8071001F00F0101EBC10100EB810082
:10675000143000900099012048700FE002989DF8D5
:10676000071001F00F0101EBC10100EB810000F502
:1067700015700090009900204870FFE79DF8070011
:1067800000F00F0000990870FFE7029890F8940459
:10679000012804D1FFE702208DF80F0014E00299D0
:1067A000012081F89404FFE7FFE702980068009950
:1067B0000FF0D6FAFFE70299002081F89404FFE772
:1067C00000208DF80F00FFE79DF80F0004B080BD9A
:1067D00080B584B002908DF807109DF8070000F096
:1067E0000F0002990979884204D9FFE701208DF84A
:1067F0000F004DE09DF80700000600280FD5FFE7C9
:1068000002989DF8071001F00F0101EBC10100EBA8
:106810008100143000900099012048700FE0029828
:106820009DF8071001F00F0101EBC10100EB8100A1
:1068300000F515700090009900204870FFE700995E
:10684000002088709DF8070000F00F000099087084
:10685000FFE7029890F89404012804D1FFE7022092
:106860008DF80F0014E00299012081F89404FFE7ED
:10687000FFE70298006800990FF0E2FCFFE7029939
:10688000002081F89404FFE700208DF80F00FFE757
:106890009DF80F0004B080BD82B001908DF8031008
:1068A00001989DF8031001F00F0101EBC10100EB0D
:1068B0008100D0F8680202B07047000000000000BC
:1068C00080B586B004908DF80F10ADF80C208DF8CF
:1068D0000B3000208DF80A009DF80F0000060028FC
:1068E0000FD5FFE704989DF80F1001F00F0101EBA1
:1068F000C10100EB81001430019001990120487022
:106900000FE004989DF80F1001F00F0101EBC10199
:1069100000EB810000F5157001900199002048708E
:10692000FFE79DF80F0000F00F0001990870BDF817
:106930000C00019988609DF80B000199087101987D
:10694000407820B1FFE7019908784883FFE79DF878
:106950000B00022804D1FFE7019900204871FFE7EE
:10696000FFE7049890F89404012804D1FFE702207F
:106970008DF8170015E00499012081F89404FFE7D1
:10698000FFE70498006801990FF0AEF8FFE704995B
:10699000002081F89404FFE79DF80A008DF81700A5
:1069A000FFE79DF8170006B080BD00000000000062
:1069B00080B586B005908DF8131003920293059868
:1069C0009DF8131001F00F0101EBC10100EB8100F4
:1069D00000F51570019003980199C860029801991B
:1069E0000861019900204861019948709DF81300E1
:1069F00000F00F000199087005988079012804D1F2
:106A0000FFE703980199C861FFE7059A10680199AB
:106A100092790FF0B9FC002006B080BD00000000A4
:106A200080B584B002908DF807109DF8070000F043
:106A30000F0002990979884204D9FFE701208DF8F7
:106A40000F0058E09DF80700000600280FD5FFE76B
:106A500002989DF8071001F00F0101EBC10100EB56
:106A60008100143000900099012048700DE00298D8
:106A70009DF8071001EBC10100EB810000F51570D6
:106A80000090009900204870FFE70099012088706D
:106A90009DF8070000F00F0000990870FFE70298CA
:106AA00090F89404012804D1FFE702208DF80F002C
:106AB00021E00299012081F89404FFE7FFE70298A2
:106AC000006800990FF00CFC9DF80700000740B922
:106AD000FFE7029A1068917902F29C420FF060FB86
:106AE000FFE7FFE70299002081F89404FFE7002008
:106AF0008DF80F00FFE79DF80F0004B080BD000087
:106B000080B586B005908DF8131003920293059816
:106B10009DF8131001F00F0101EBC10100EB8100A2
:106B20001430019003980199C86002980199086196
:106B30000199002048610199012048709DF81300D7
:106B400000F00F000199087005988079012804D1A0
:106B5000FFE703980199C861FFE7059A106801995A
:106B600092790FF011FC002006B080BD00000000FB
:106B700080B58CB00B900B9800680A900A98099029
:106B80000B9800680FF034FF002840F03384FFE7D3
:106B90000B9800680FF09CFF10B9FFE700F02ABCCB
:106BA0000998D0F80808C0F30D200B99C1F8D40457
:106BB0000B9800680FF08CFF8007002807D5FFE7CF
:106BC0000B980168486900F002004861FFE70B98E4
:106BD00000680FF07DFFC006002862D5FFE70B9824
:106BE0000168886920F0100088610A98006A0290A4
:106BF0000B98029901F00F0101EBC10100EB81003C
:106C000000F515700890029800F4F0110220B0EB26
:106C1000514F23D1FFE7BDF8080047F6F071084255
:106C20001BD0FFE70A980899C968029AC2F30A12B2
:106C30000FF05EFF029847F6F07100EA0103089A30
:106C4000D06800EB1310D060029800EA01020899A6
:106C5000486900EB12104861FFE71BE0029800F45E
:106C6000F0110620B0EB514F12D1FFE70A980B99B3
:106C700001F29C4108220FF03BFF029847F6F071A9
:106C800000EA01020899486900EB1210486100E02F
:106C9000FFE7FFE70B980168886940F01000886102
:106CA000FFE70B9800680FF013FF0003002840F186
:106CB000A680FFE7002004900B9800680FF0B4FE58
:106CC0000690FFE70698002800F09880FFE79DF8FF
:106CD0001800C007002800F08A80FFE70B980068C2
:106CE0009DF810100FF0DCFE05909DF81400C00711
:106CF00060B1FFE70998049900EB41110120C1F848
:106D0000080B0B98049909F073F9FFE79DF814003C
:106D1000000700280CD5FFE70998049900EB411102
:106D20000820C1F8080B0B98049909F019F9FFE73E
:106D30009DF81400C006002808D5FFE709980499BB
:106D400000EB41111020C1F8080BFFE79DF814007B
:106D5000800700282DD5FFE70A9840690006002823
:106D600008D5FFE70999D1F8040840F48060C1F81C
:106D70000408FFE70B98049901EBC10100EB8100C7
:106D800000F5157008900898C078012809D1FFE730
:106D900008990020C8700B989DF8101000F03CFB7B
:106DA000FFE70998049900EB41110220C1F8080B94
:106DB000FFE79DF814008006002808D5FFE7099832
:106DC000049900EB41112020C1F8080BFFE79DF862
:106DD00015008006002809D5FFE70998049900EB03
:106DE00041114FF40050C1F8080BFFE7FFE704988A
:106DF0000130049006984008069063E7FFE70B987F
:106E000000680FF065FE4003002840F1C680FFE7F0
:106E10000B9800680FF0F4FD069000200490FFE747
:106E20000698002800F0B880FFE79DF81800C0071A
:106E3000002800F0AA80FFE70B9800689DF810106A
:106E40000FF006FE05909DF81400C00700283ED004
:106E5000FFE7049800F00F01012000FA01F103910F
:106E6000039B099AD2F834189943C2F83418099947
:106E7000049A01EB4211C1F808090B9880790128A6
:106E80001FD1FFE70B98049901EBC10100EB8101D1
:106E9000CA69086A10440862049888B9FFE70B9829
:106EA000049901EBC10100EB8100406A40B9FFE7A2
:106EB0000B99086801F29C4201210FF071F9FFE77C
:106EC000FFE70B989DF81010FFF7CAFBFFE79DF84E
:106ED00014000007002808D5FFE70998049900EB83
:106EE00041110820C1F80809FFE79DF81400C00609
:106EF000002808D5FFE70998049900EB41111020FC
:106F0000C1F80809FFE79DF814004006002808D5DD
:106F1000FFE70998049900EB41114020C1F80809E6
:106F2000FFE79DF814008007002822D5FFE70A98A4
:106F300004990FF0F5FC0B98049901EBC10100EBEB
:106F40008100143008900898C078012809D1FFE723
:106F500008990020C8700B989DF8101000F04CFAAA
:106F6000FFE70998049900EB41110220C1F80809D4
:106F7000FFE79DF814000006002805D5FFE70B98F1
:106F8000049909F019F9FFE7FFE70498013004902C
:106F900006984008069043E7FFE70B9800680FF05B
:106FA00097FDC00F00B3FFE70999D1F8040820F05E
:106FB0000100C1F804080B9890F8CC04012808D10E
:106FC000FFE70B98002180F8CC140B98FFF7D8FA54
:106FD00003E00B9800F0E0FBFFE70B9801684869BD
:106FE00000F000404861FFE70B9800680FF070FD6B
:106FF0000005002811D5FFE70998D0F80808C00758
:1070000020B1FFE70B9800F05BFCFFE70B980168ED
:10701000486900F400604861FFE70B9800680FF0D2
:1070200057FD0001002820D5FFE70B98016848694B
:1070300000F0006048610B9890F8CC0480B9FFE73D
:107040000B98012180F8CC140B980068406DC0F3B8
:1070500083000B9AC2F8D0040B98FFF791FA03E073
:107060000B9800F02DFCFFE7FFE70B9800680FF08E
:107070002FFDC004002840F18680FFE70999D1F870
:10708000040820F00100C1F804080B9800681021E2
:107090000FF046FC00200790FFE707980B9909794D
:1070A000884231D2FFE70998079900EB41114FF66A
:1070B0007F30C1F808090999079A01EB4212D2F80A
:1070C000001921F40011C2F800190999079A01EB7F
:1070D0004211C1F8080B0998079900EB4111D1F84A
:1070E000000B20F40010C1F8000B0998079900EB81
:1070F0004111D1F8000B40F00060C1F8000BFFE730
:10710000079801300790C8E70999D1F81C0840F0AA
:107110000110C1F81C080B98C07B78B1FFE70999F2
:10712000D1F8840840F00B00C1F884080999D1F81F
:10713000440840F00B00C1F844080FE00999D1F869
:10714000140842F22B021043C1F814080999D1F82F
:10715000100840F00B00C1F81008FFE70999D1F8BA
:10716000000820F4FE60C1F800080B9A10689179BD
:1071700002F29C420FF014F80B980168486900F481
:1071800080504861FFE70B9800680FF0A1FC800475
:1071900000281FD5FFE70B9800680EF015FD0B982F
:1071A00000680FF0FDFB0B99C8710B980068019007
:1071B00003F0E6F8014601980B9AD2790FF094FD9E
:1071C0000B9800F0BDFA0B980168486900F4005074
:1071D0004861FFE70B9800680FF07AFC0007002871
:1071E0000AD5FFE70B9800F0E3FA0B9801684869AD
:1071F00000F008004861FFE70B9800680FF068FC9A
:107200000006002825D5FFE70A99886920F080004C
:10721000886101200490FFE704980B99097988425E
:1072200016D2FFE70B98049901EBC10100EB810036
:1072300090F85702012806D1FFE70B989DF810102F
:10724000FFF742FAFFE7FFE7049801300490E3E715
:10725000FFE70B9800680FF03BFCC00200283CD50C
:10726000FFE701200490FFE704980B990979884211
:107270002CD2FFE70998049900EB4110D0F80009DF
:1072800002900B98049901EBC10100EB8100007E94
:10729000012816D1FFE79DF80B000006002810D545
:1072A000FFE70B98049901EBC10100EB810101207C
:1072B000C8750B989DF8101041F08001FFF704FA93
:1072C000FFE7FFE7049801300490CDE70B980168D1
:1072D000486900F480104861FFE70B9800680FF0E0
:1072E000F7FB8002002855D5FFE701200490FFE757
:1072F00004980B990979884245D2FFE709980499C7
:1073000000EB4110D0F8000B02900B98049901EBB0
:10731000C10100EB810090F8580201282ED1FFE74F
:107320009DF80B000006002828D5FFE7029800F41E
:1073300080300B99D1F8D41401F0010188421DD19D
:10734000FFE70B98049901EBC10100EB81010120DB
:1073500081F857020A99886940F0800088610A988C
:1073600040690006002808D4FFE70999D1F804080D
:1073700040F40070C1F8040805E0FFE7FFE7049857
:1073800001300490B4E70B980168486900F40010DC
:107390004861FFE70B9800680FF09AFB4000002857
:1073A0000AD5FFE70B98FFF74FF90B98016848697A
:1073B00000F080404861FFE70B9800680FF088FB01
:1073C0004007002815D5FFE70B9800684068029039
:1073D0009DF808004007002804D5FFE70B98FFF749
:1073E00067F9FFE7029A0B98016848681043486004
:1073F000FFE7FFE70CB080BD80B582B001908DF84B
:1074000003100198D0F8E0049DF803100DF0A8FCDB
:1074100002B080BD0000000080B582B001908DF800
:1074200003100198D0F8E0049DF803100DF0D0FC93
:1074300002B080BD0000000080B58CB00A900A98B0
:1074400020B9FFE701208DF82F000EE10A9890F88F
:10745000950440B9FFE70A99002081F894040A983E
:1074600000F00AF9FFE70A99032081F895040A98C9
:1074700000680EF089FE0A9B1868197C8DF82010B0
:1074800059689A68DB680793069205910599069AF0
:10749000079BDDF820C0EE46CEF800C00EF0ACFB36
:1074A00040B1FFE70A99022081F8950401208DF888
:1074B0002F00DAE00A98006800210FF075FB40B158
:1074C000FFE70A99022081F8950401208DF82F002A
:1074D000CBE000208DF82700FFE79DF827000A99F0
:1074E0000979884241DAFFE70A989DF8271001EBF5
:1074F000C10100EB8101012048759DF827000A9920
:1075000000EBC00201EB820108759DF827000A9983
:1075100000EBC00201EB8201C8850A989DF8271094
:1075200001EBC10100EB8101002008760A999DF86A
:10753000272002EBC20201EB8201C8610A999DF883
:10754000272002EBC20201EB820108620A999DF832
:10755000272002EBC20201EB82014862FFE79DF89F
:10756000270001308DF82700B7E700208DF82700AD
:10757000FFE79DF827000A99097988423EDAFFE77C
:107580000A989DF8271001EBC10100EB8101002052
:1075900081F855029DF827100A9A01EBC10302EB0E
:1075A000830282F854120A999DF8272002EBC20246
:1075B00001EB820181F858020A999DF8272002EB1D
:1075C000C20201EB8201C1F85C020A999DF82720F2
:1075D00002EBC20201EB8201C1F860020A999DF838
:1075E000272002EBC20201EB8201C1F86402FFE72F
:1075F0009DF8270001308DF82700BAE70A9B18682C
:10760000197C8DF8101059689A68DB680393029210
:1076100001910199029A039BDDF810C0EE46CEF865
:1076200000C00EF069FC40B1FFE70A99022081F822
:10763000950401208DF82F0017E00A990020487466
:107640000A99012081F895040A98007B012804D149
:10765000FFE70A98FEF778FFFFE70A9800680EF048
:1076600033FC00208DF82F00FFE79DF82F000CB0B1
:1076700080BD00000000000080B5BAB03990002045
:107680003890379036903590349004A8C021F8F7A0
:107690001DFF399800680021C4F2080188424AD1D0
:1076A000FFE7002005904FF4802004904FF4401035
:1076B000269004A801F0C8FB18B1FFE7F9F768FFAE
:1076C000FFE700F071F9FFE744F2E040C5F6020081
:1076D000016841F001010160006800F001000390C1
:1076E0000398FFE74FF4C0503490022035900020FB
:1076F000369037900A2038900020C5F6020034A951
:10770000FEF762FAFFE744F2D840C5F602000168CE
:1077100041F000610160006800F000600290029892
:10772000FFE76520019000221146FEF7EDFE01986B
:10773000FEF7DEFEFFE73AB080BD0000000000006B
:1077400080B582B0019001208DF803000198C079C6
:1077500020B9FFE700208DF803000CE00198C07904
:10776000022804D1FFE701208DF8030002E0F9F7B9
:107770000FFFFFE7FFE70198D0F8E0049DF8031042
:107780000DF02EFC0198D0F8E0040DF0A5FB02B03E
:1077900080BD00000000000080B582B0019001981B
:1077A000D0F8E0040DF0E8FB02B080BD000000005E
:1077B00080B582B001900198D0F8E0040DF0F0FBA4
:1077C00002B080BD0000000080B584B002908DF84A
:1077D0000710FFE7029890F89404012804D1FFE70E
:1077E00002208DF80F0019E00299012081F894041D
:1077F000FFE7FFE79DF807000299487402980068C8
:107800009DF807100FF040FAFFE70299002081F879
:107810009404FFE700208DF80F00FFE79DF80F00AC
:1078200004B080BD0000000080B582B001900199D5
:10783000D1F8E00401F29C410DF0FEFB02B080BDE6
:1078400080B584B00290029800680190FFE702982A
:1078500090F89404012804D1FFE702208DF80F006E
:1078600028E00299012081F89404FFE7FFE70198DE
:10787000C068400600280BD5FFE70298407B01282E
:1078800006D1FFE70199886B40F480308863FFE7F9
:10789000029800680EF0FCFF029800680EF0FCFAF7
:1078A000FFE70299002081F89404FFE700208DF89B
:1078B0000F00FFE79DF80F0004B080BD000000003E
:1078C00080B582B001900198D0F8E0040DF03CFC46
:1078D00001980168D1F8000E40F00100C1F8000ED7
:1078E0000198C07A48B1FFE74EF61051CEF2000180
:1078F000086840F006000860FFE702B080BD0000A5
:1079000080B584B0029044F60C00C5F60200006811
:1079100000F004010020B0EB910F13D1FFE744F613
:107920000C00C5F60200006800F0070002998842CA
:1079300004D0FFE701208DF80F002EE000208DF825
:107940000F002AE044F60C01C5F60201086820F099
:107950000700029A10430860FEF752FB0190FFE710
:1079600044F60400C5F60200006800F4005100204F
:10797000B0EB513F0DD1FFE7FEF742FB0199401AF2
:10798000B0F57A7F04D9FFE701208DF80F0004E0FD
:10799000E6E700208DF80F00FFE79DF80F0004B028
:1079A00080BD00000000000044F60C01C5F6020195
:1079B000086840F080700860704700000000000018
:1079C00080B502F0DDFC44F22041C5F602010968F1
:1079D000C1F3021249F26871C0F60101895C01F03D
:1079E0001F01C84080BD000088B0079044F22840C5
:1079F000C5F60200016801F0030106910068C0F3BA
:107A00000510059044F22C40C5F60200006800F015
:107A100001000490049844F23441C5F6020109685B
:107A200089B2C908484300EE100AB8EE400A8DED4D
:107A3000020A0598002800F01B81FFE706980090D5
:107A400048B1FFE70098012869D0FFE700980228B5
:107A500000F08980ABE044F20040C5F60200006807
:107A600000F020010020B0EB511F33D0FFE744F2BB
:107A70000040C5F602000068C0F3C10149F20000F1
:107A8000C0F2D030C84003909DED030AB8EE400A22
:107A90009DED051AB8EE411A80EE010A44F230401D
:107AA000C5F6020000686FF35F2001EE100AB8EE21
:107AB000411A9DED022A9FED743A82EE032A31EEBF
:107AC000021AB7EE002A31EE021A20EE010A8DEDFD
:107AD000010A23E09DED050AB8EE401A9FED6C0AFD
:107AE00080EE010A44F23040C5F6020000686FF3F0
:107AF0005F2001EE100AB8EE411A9DED022A9FEDBB
:107B0000623A82EE032A31EE021AB7EE002A31EE13
:107B1000021A20EE010A8DED010AFFE76BE09DEDF0
:107B2000050AB8EE401A9FED590A80EE010A44F2A8
:107B30003040C5F6020000686FF35F2001EE100AC6
:107B4000B8EE411A9DED022A9FED4F3A82EE032ACC
:107B500031EE021AB7EE002A31EE021A20EE010AC7
:107B60008DED010A47E09DED050AB8EE401A9FED44
:107B7000450A80EE010A44F23040C5F60200006872
:107B80006FF35F2001EE100AB8EE411A9DED022A54
:107B90009FED3D3A82EE032A31EE021AB7EE002A3B
:107BA00031EE021A20EE010A8DED010A23E09DED6F
:107BB000050AB8EE401A9FED360A80EE010A44F23B
:107BC0003040C5F6020000686FF35F2001EE100A36
:107BD000B8EE411A9DED022A9FED2B3A82EE032A60
:107BE00031EE021AB7EE002A31EE021A20EE010A37
:107BF0008DED010AFFE79DED010A44F23040C5F624
:107C00000200016889B2490A01EE101AB8EE411A61
:107C1000B7EE002A31EE021A80EE010A0799BCEE97
:107C2000C00A81ED000A9DED010A0168C1F3064119
:107C300001EE101AB8EE411A31EE021A80EE010A76
:107C40000799BCEEC00A81ED010A9DED010A0068AA
:107C5000C0F3066001EE100AB8EE411A31EE021AC6
:107C600080EE010A0798BCEEC00A80ED020A07E028
:107C70000799002008600799486007998860FFE726
:107C800008B0704720BCBE4B000000460024744A78
:107C90000024744C0000000088B0079044F2284093
:107CA000C5F60200016801F0030106910068C0F307
:107CB0000530059044F22C40C5F602000068C0F380
:107CC00000100490049844F23C41C5F60201096892
:107CD00089B2C908484300EE100AB8EE400A8DED9B
:107CE000020A0598002800F01B81FFE70698009023
:107CF00048B1FFE70098012869D0FFE70098022803
:107D000000F08980ABE044F20040C5F60200006854
:107D100000F020010020B0EB511F33D0FFE744F208
:107D20000040C5F602000068C0F3C10149F200003E
:107D3000C0F2D030C84003909DED030AB8EE400A6F
:107D40009DED051AB8EE411A80EE010A44F2384062
:107D5000C5F6020000686FF35F2001EE100AB8EE6E
:107D6000411A9DED022A9FED743A82EE032A31EE0C
:107D7000021AB7EE002A31EE021A20EE010A8DED4A
:107D8000010A23E09DED050AB8EE401A9FED6C0A4A
:107D900080EE010A44F23840C5F6020000686FF335
:107DA0005F2001EE100AB8EE411A9DED022A9FED08
:107DB000623A82EE032A31EE021AB7EE002A31EE61
:107DC000021A20EE010A8DED010AFFE76BE09DED3E
:107DD000050AB8EE401A9FED590A80EE010A44F2F6
:107DE0003840C5F6020000686FF35F2001EE100A0C
:107DF000B8EE411A9DED022A9FED4F3A82EE032A1A
:107E000031EE021AB7EE002A31EE021A20EE010A14
:107E10008DED010A47E09DED050AB8EE401A9FED91
:107E2000450A80EE010A44F23840C5F602000068B7
:107E30006FF35F2001EE100AB8EE411A9DED022AA1
:107E40009FED3D3A82EE032A31EE021AB7EE002A88
:107E500031EE021A20EE010A8DED010A23E09DEDBC
:107E6000050AB8EE401A9FED350A80EE010A44F289
:107E70003840C5F6020000686FF35F2001EE100A7B
:107E8000B8EE411A9DED022A9FED2B3A82EE032AAD
:107E900031EE021AB7EE002A31EE021A20EE010A84
:107EA0008DED010AFFE79DED010A44F23840C5F669
:107EB0000200016889B2490A01EE101AB8EE411AAF
:107EC000B7EE002A31EE021A80EE010A0799BCEEE5
:107ED000C00A81ED000A9DED010A0168C1F3064167
:107EE00001EE101AB8EE411A31EE021A80EE010AC4
:107EF0000799BCEEC00A81ED010A9DED010A0068F8
:107F0000C0F3066001EE100AB8EE411A31EE021A13
:107F100080EE010A0798BCEEC00A80ED020A07E075
:107F20000799002008600799486007998860FFE773
:107F300008B0704720BCBE4B000000460024744AC5
:107F40000024744C0000000088B0079044F22840E0
:107F5000C5F60200016801F0030106910068C0F354
:107F60000550059044F22C40C5F602000068C0F3AD
:107F700000200490049844F24441C5F602010968C7
:107F800089B2C908484300EE100AB8EE400A8DEDE8
:107F9000020A0598002800F01B81FFE70698009070
:107FA00048B1FFE70098012869D0FFE70098022850
:107FB00000F08980ABE044F20040C5F602000068A2
:107FC00000F020010020B0EB511F33D0FFE744F256
:107FD0000040C5F602000068C0F3C10149F200008C
:107FE000C0F2D030C84003909DED030AB8EE400ABD
:107FF0009DED051AB8EE411A80EE010A44F24040A8
:10800000C5F6020000686FF35F2001EE100AB8EEBB
:10801000411A9DED022A9FED743A82EE032A31EE59
:10802000021AB7EE002A31EE021A20EE010A8DED97
:10803000010A23E09DED050AB8EE401A9FED6C0A97
:1080400080EE010A44F24040C5F6020000686FF37A
:108050005F2001EE100AB8EE411A9DED022A9FED55
:10806000623A82EE032A31EE021AB7EE002A31EEAE
:10807000021A20EE010A8DED010AFFE76BE09DED8B
:10808000050AB8EE401A9FED590A80EE010A44F243
:108090004040C5F6020000686FF35F2001EE100A51
:1080A000B8EE411A9DED022A9FED4F3A82EE032A67
:1080B00031EE021AB7EE002A31EE021A20EE010A62
:1080C0008DED010A47E09DED050AB8EE401A9FEDDF
:1080D000450A80EE010A44F24040C5F602000068FD
:1080E0006FF35F2001EE100AB8EE411A9DED022AEF
:1080F0009FED3D3A82EE032A31EE021AB7EE002AD6
:1081000031EE021A20EE010A8DED010A23E09DED09
:10811000050AB8EE401A9FED350A80EE010A44F2D6
:108120004040C5F6020000686FF35F2001EE100AC0
:10813000B8EE411A9DED022A9FED2B3A82EE032AFA
:1081400031EE021AB7EE002A31EE021A20EE010AD1
:108150008DED010AFFE79DED010A44F24040C5F6AE
:108160000200016889B2490A01EE101AB8EE411AFC
:10817000B7EE002A31EE021A80EE010A0799BCEE32
:10818000C00A81ED000A9DED010A0168C1F30641B4
:1081900001EE101AB8EE411A31EE021A80EE010A11
:1081A0000799BCEEC00A81ED010A9DED010A006845
:1081B000C0F3066001EE100AB8EE411A31EE021A61
:1081C00080EE010A0798BCEEC00A80ED020A07E0C3
:1081D0000799002008600799486007998860FFE7C1
:1081E00008B0704720BCBE4B000000460024744A13
:1081F0000024744C0000000080B59AB019911890CA
:108200001898199980F480700843002840F0A880DD
:10821000FFE744F25040C5F60200006800F0070096
:108220000D900D980A90042800F295800A99DFE8D5
:1082300001F00316298C3C0044F20040C5F6020010
:1082400000688001002806D5FFE715A8FFF7CCFBE2
:1082500016980E9002E000200E90FFE77EE044F2B8
:108260000040C5F6020000680001002806D5FFE7BF
:1082700012A8FFF711FD12980E9002E000200E9058
:10828000FFE76BE044F20040C5F6020000688000A2
:10829000002806D5FFE70FA8FFF756FE0F980E90AF
:1082A00002E000200E90FFE758E044F24C40C5F693
:1082B0000200006800F040500C9044F20040C5F607
:1082C000020000684007002811D5FFE70C9870B93C
:1082D000FFE744F20040C5F602000068C0F3C101A8
:1082E00049F20000C0F2D030C8400E902CE044F2B9
:1082F0000040C5F602000068C00500280BD5FFE766
:108300000C98B0F1805F06D1FFE740F60010C0F294
:108310003D000E9017E044F20040C5F602000068F0
:10832000800300280BD5FFE70C98B0F1005F06D161
:10833000FFE747F64000C0F27D100E9002E00020FB
:108340000E90FFE7FFE7FFE708E048F20000C0F209
:10835000BB000E9002E000200E90FFE700F06EBD23
:108360001898199980F400700843002840F0B380F1
:10837000FFE744F25040C5F60200006800F4E070E8
:108380000D900D98099090B1FFE70998402821D0F1
:10839000FFE70998802830D0FFE70998C02800F04F
:1083A0008F80FFE70998B0F5807F39D08EE044F2E6
:1083B0000040C5F6020000688001002806D5FFE7EE
:1083C00015A8FFF711FB16980E9002E000200E9002
:1083D000FFE77EE044F20040C5F6020000680001BD
:1083E000002806D5FFE712A8FFF756FC12980E905A
:1083F00002E000200E90FFE76BE044F20040C5F67B
:10840000020000688000002806D5FFE70FA8FFF7EC
:108410009BFD0F980E9002E000200E90FFE758E0C1
:1084200044F24C40C5F60200006800F040500C9049
:1084300044F20040C5F6020000684007002811D54C
:10844000FFE70C9870B9FFE744F20040C5F6020060
:108450000068C0F3C10149F20000C0F2D030C8404A
:108460000E902CE044F20040C5F602000068C00502
:1084700000280BD5FFE70C98B0F1805F06D1FFE72D
:1084800040F60010C0F23D000E9017E044F20040AC
:10849000C5F602000068800300280BD5FFE70C98A2
:1084A000B0F1005F06D1FFE747F64000C0F27D1053
:1084B0000E9002E000200E90FFE7FFE7FFE708E0E4
:1084C00048F20000C0F2BB000E9002E000200E90C7
:1084D000FFE700F0B2BC1898199980F48060084357
:1084E000002840F0B580FFE744F25840C5F602008E
:1084F000006800F460000D900D980890A8B1FFE7A7
:108500000898B0F5001F23D0FFE70898B0F5800F5A
:1085100031D0FFE70898B0F5C00F00F08F80FFE77B
:108520000898B0F5000F39D08EE044F20040C5F64F
:10853000020000688001002806D5FFE715A8FFF7B4
:1085400053FA16980E9002E000200E90FFE77EE0AE
:1085500044F20040C5F6020000680001002806D57C
:10856000FFE712A8FFF798FB12980E9002E0002098
:108570000E90FFE76BE044F20040C5F60200006891
:108580008000002806D5FFE70FA8FFF7DDFC0F9855
:108590000E9002E000200E90FFE758E044F24C40BD
:1085A000C5F60200006800F040500C9044F2004014
:1085B000C5F6020000684007002811D5FFE70C98B7
:1085C00070B9FFE744F20040C5F602000068C0F34E
:1085D000C10149F20000C0F2D030C8400E902CE03A
:1085E00044F20040C5F602000068C00500280BD523
:1085F000FFE70C98B0F1805F06D1FFE740F600106E
:10860000C0F23D000E9017E044F20040C5F60200B3
:108610000068800300280BD5FFE70C98B0F1005FDD
:1086200006D1FFE747F64000C0F27D100E9002E051
:1086300000200E90FFE7FFE7FFE708E048F20000A8
:10864000C0F2BB000E9002E000200E90FFE7F3E3C3
:108650001898199980F400600843002840F0B5800C
:10866000FFE744F25840C5F60200006800F0E06001
:108670000D900D980790A8B1FFE70798B0F1807FA3
:1086800023D0FFE70798B0F1007F31D0FFE70798CC
:10869000B0F1407F00F08F80FFE70798B0F1806F66
:1086A00039D08EE044F20040C5F602000068800137
:1086B000002806D5FFE715A8FFF796F916980E9043
:1086C00002E000200E90FFE77EE044F20040C5F695
:1086D000020000680001002806D5FFE712A8FFF796
:1086E000DBFA12980E9002E000200E90FFE76BE09C
:1086F00044F20040C5F6020000688000002806D55C
:10870000FFE70FA8FFF720FC0F980E9002E0002073
:108710000E90FFE758E044F24C40C5F602000068B6
:1087200000F040500C9044F20040C5F60200006892
:108730004007002811D5FFE70C9870B9FFE744F215
:108740000040C5F602000068C0F3C10149F2000014
:10875000C0F2D030C8400E902CE044F20040C5F684
:1087600002000068C00500280BD5FFE70C98B0F1A7
:10877000805F06D1FFE740F60010C0F23D000E908A
:1087800017E044F20040C5F60200006880030028AC
:108790000BD5FFE70C98B0F1005F06D1FFE747F675
:1087A0004000C0F27D100E9002E000200E90FFE726
:1087B000FFE7FFE708E048F20000C0F2BB000E90C0
:1087C00002E000200E90FFE735E31898199980F435
:1087D00080500843002840F0B580FFE744F2504045
:1087E000C5F60200006800F4E0400B900B9806907C
:1087F000A8B1FFE70698B0F5805F23D0FFE70698A1
:10880000B0F5005F31D0FFE70698B0F5405F00F0AB
:108810008F80FFE70698B0F5804F39D08EE044F2A4
:108820000040C5F6020000688001002806D5FFE779
:1088300015A8FFF7D9F816980E9002E000200E90C8
:10884000FFE77EE044F20040C5F602000068000148
:10885000002806D5FFE712A8FFF71EFA12980E901F
:1088600002E000200E90FFE76BE044F20040C5F606
:10887000020000688000002806D5FFE70FA8FFF778
:1088800063FB0F980E9002E000200E90FFE758E087
:1088900044F24C40C5F60200006800F040500C90D5
:1088A00044F20040C5F6020000684007002811D5D8
:1088B000FFE70C9870B9FFE744F20040C5F60200EC
:1088C0000068C0F3C10149F20000C0F2D030C840D6
:1088D0000E902CE044F20040C5F602000068C0058E
:1088E00000280BD5FFE70C98B0F1805F06D1FFE7B9
:1088F00040F60010C0F23D000E9017E044F2004038
:10890000C5F602000068800300280BD5FFE70C982D
:10891000B0F1005F06D1FFE747F64000C0F27D10DE
:108920000E9002E000200E90FFE7FFE7FFE708E06F
:1089300048F20000C0F2BB000E9002E000200E9052
:10894000FFE777E21898199980F40050084300284F
:1089500040F09580FFE744F25040C5F60200006801
:1089600000F4E0200B900B980590C8B1FFE7059844
:10897000B0F5803F18D0FFE70598B0F5003F26D04E
:10898000FFE70598B0F5403F34D0FFE70598B0F514
:10899000802F4AD0FFE70598B0F5A02F58D06AE0A5
:1089A00001F01AFD0E9069E044F20040C5F60200A5
:1089B00000680001002806D5FFE712A8FFF76CF950
:1089C00013980E9002E000200E90FFE756E044F26C
:1089D0000040C5F6020000688000002806D5FFE7C9
:1089E0000FA8FFF7B1FA10980E9002E000200E9049
:1089F000FFE743E044F20040C5F60200006840078C
:108A000000280ED5FFE744F20040C5F602000068DA
:108A1000C0F3C10149F20000C0F2D030C8400E904E
:108A200002E000200E90FFE728E044F20040C5F687
:108A300002000068C005002806D5FFE740F60010D8
:108A4000C0F23D000E9002E000200E90FFE715E01E
:108A500044F20040C5F6020000688003002806D5F5
:108A6000FFE747F64000C0F27D100E9002E00020C4
:108A70000E90FFE702E000200E90FFE7D9E1189882
:108A8000199980F400200843002840F09180FFE706
:108A900044F25840C5F60200006800F440300B90E4
:108AA0000B98049050B1FFE70498B0F5803F18D0C0
:108AB000FFE70498B0F5003F26D075E044F200408F
:108AC000C5F6020000680001002806D5FFE712A8DD
:108AD000FFF7E2F812980E9002E000200E90FFE7F8
:108AE00065E044F20040C5F60200006880000028FE
:108AF00006D5FFE70FA8FFF727FA11980E9002E0BE
:108B000000200E90FFE752E044F24C40C5F6020010
:108B1000006800F040500C9044F20040C5F602009E
:108B200000684007002811D5FFE70C9870B9FFE7EF
:108B300044F20040C5F602000068C0F3C10149F2EA
:108B40000000C0F2D030C8400E902CE044F200404B
:108B5000C5F602000068C00500280BD5FFE70C9899
:108B6000B0F1805F06D1FFE740F60010C0F23D0093
:108B70000E9017E044F20040C5F602000068800342
:108B800000280BD5FFE70C98B0F1005F06D1FFE796
:108B900047F64000C0F27D100E9002E000200E90DB
:108BA000FFE7FFE7FFE702E000200E90FFE73FE16D
:108BB0001898199980F480300843D8BBFFE744F235
:108BC0004C40C5F60200006800F480300B900B9812
:108BD000039028B1FFE70398B0F5803F13D025E05C
:108BE00044F20040C5F6020000688001002806D566
:108BF000FFE715A8FEF7F8FE16980E9002E0002099
:108C00000E90FFE715E044F20040C5F60200006850
:108C10000001002806D5FFE712A8FFF73DF81498D9
:108C20000E9002E000200E90FFE702E000200E9080
:108C3000FFE7FCE01898199980F480400843002869
:108C400040F09580FFE744F25840C5F60200006806
:108C500000F0E0400B900B980290C8B1FFE702983B
:108C6000B0F1805F18D0FFE70298B0F1005F26D026
:108C7000FFE70298B0F1405F34D0FFE70298B0F10F
:108C8000804F4AD0FFE70298B0F1A04F58D06AE079
:108C9000FEF796FE0E9069E044F20040C5F6020031
:108CA00000680001002806D5FFE712A8FEF7F4FFD0
:108CB00013980E9002E000200E90FFE756E044F279
:108CC0000040C5F6020000688000002806D5FFE7D6
:108CD0000FA8FFF739F910980E9002E000200E90CF
:108CE000FFE743E044F20040C5F602000068400799
:108CF00000280ED5FFE744F20040C5F602000068E8
:108D0000C0F3C10149F20000C0F2D030C8400E905B
:108D100002E000200E90FFE728E044F20040C5F694
:108D200002000068C005002806D5FFE740F60010E5
:108D3000C0F23D000E9002E000200E90FFE715E02B
:108D400044F20040C5F6020000688003002806D502
:108D5000FFE747F64000C0F27D100E9002E00020D1
:108D60000E90FFE702E000200E90FFE75EE018980B
:108D7000199980F400400843002853D1FFE744F2DA
:108D80005040C5F60200006800F040500B900B9870
:108D9000019050B1FFE70198B0F1805F18D0FFE774
:108DA0000198B0F1005F26D038E044F20040C5F6EB
:108DB000020000688003002806D5FFE747F6400060
:108DC000C0F27D100E9002E000200E90FFE728E038
:108DD00044F20040C5F6020000688001002806D574
:108DE000FFE715A8FEF700FE16980E9002E000209F
:108DF0000E90FFE715E044F20040C5F6020000685F
:108E00000001002806D5FFE712A8FEF745FF1398DA
:108E10000E9002E000200E90FFE702E000200E908E
:108E2000FFE702E000200E90FFE7FFE7FFE7FFE724
:108E3000FFE7FFE7FFE7FFE7FFE7FFE70E981AB05E
:108E400080BD00000000000080B59AB0189000209E
:108E50008DF857008DF856001898C0780007002844
:108E600048D5FFE71898806E149078B1FFE7149802
:108E7000B0F5801F13D0FFE71498B0F5001F16D08F
:108E8000FFE71498B0F5401F19D019E044F22C41C7
:108E9000C5F60201086840F40030086014E0189834
:108EA0000830022107F044FA8DF857000CE01898BA
:108EB0002830022107F024FB8DF8570004E003E07E
:108EC00001208DF85700FFE79DF8570060B9FFE7D4
:108ED00044F25041C5F60201086820F44010189A87
:108EE000926E1043086004E09DF857008DF856001C
:108EF000FFE7FFE718984078C007002840D0FFE759
:108F00001898806D1390042820D81399DFE801F099
:108F1000030C141C1D0044F22C41C5F60201086824
:108F200040F40030086015E018980830002107F080
:108F3000FFF98DF857000DE018982830002107F050
:108F4000DFFA8DF8570005E004E003E001208DF81A
:108F50005700FFE79DF8570060B9FFE744F2504122
:108F6000C5F60201086820F00700189A926D1043B8
:108F7000086004E09DF857008DF85600FFE7FFE712
:108F800018984078800700284BD5FFE71898C06DE7
:108F9000129088B1FFE71298402816D0FFE7129888
:108FA00080281AD0FFE71298C0281ED0FFE7129839
:108FB000B0F5807F1AD01AE044F22C41C5F60201C8
:108FC000086840F40030086015E018980830002167
:108FD00007F0AEF98DF857000DE018982830002101
:108FE00007F08EFA8DF8570005E004E003E0012059
:108FF0008DF85700FFE79DF8570060B9FFE744F28E
:109000005041C5F60201086820F4E070189AD26D4C
:109010001043086004E09DF857008DF85600FFE704
:10902000FFE7189840784007002850D5FFE71898C8
:10903000D0F8A8001190A0B1FFE71198B0F5001F7B
:1090400018D0FFE71198B0F5800F1BD0FFE71198FB
:10905000B0F5C00F1ED0FFE71198B0F5000F1AD081
:109060001AE044F22C41C5F60201086840F40030D1
:10907000086015E018980830002107F059F98DF8BC
:1090800057000DE018982830002107F039FA8DF8C4
:10909000570005E004E003E001208DF85700FFE7EA
:1090A0009DF8570068B9FFE744F25841C5F6020140
:1090B000086820F46000189AD2F8A82010430860CD
:1090C00004E09DF857008DF85600FFE7FFE7189879
:1090D00040780007002850D5FFE71898D0F8AC007A
:1090E0001090A0B1FFE71098B0F1807F18D0FFE793
:1090F0001098B0F1007F1BD0FFE71098B0F1407FCF
:109100001ED0FFE71098B0F1806F1AD01AE044F239
:109110002C41C5F60201086840F40030086015E0F3
:1091200018980830002107F003F98DF857000DE07A
:1091300018982830002107F0E3F98DF8570005E072
:1091400004E003E001208DF85700FFE79DF8570089
:1091500068B9FFE744F25841C5F60201086820F0FB
:10916000E060189AD2F8AC201043086004E09DF843
:1091700057008DF85600FFE7FFE71898C078800782
:1091800000283ED5FFE71898C06C0F90F0B1FFE7BC
:109190000F98102808D0FFE70F9820280DD0FFE780
:1091A0000F98302811D012E044F22C41C5F602018C
:1091B000086840F4003008600DE01898083002217B
:1091C00007F0B6F88DF8570005E004E003E0012051
:1091D0008DF85700FFE79DF8570060B9FFE744F2AC
:1091E0004C41C5F60201086820F03000189AD26C94
:1091F0001043086004E09DF857008DF85600FFE723
:10920000FFE718984078C00600284ED5FFE7189869
:10921000006E0E90A0B1FFE70E98B0F5805F18D0F9
:10922000FFE70E98B0F5005F1BD0FFE70E98B0F592
:10923000405F1ED0FFE70E98B0F5804F1AD01AE0BD
:1092400044F22C41C5F60201086840F40030086081
:1092500015E018980830002107F06AF88DF85700DB
:109260000DE018982830002107F04AF98DF85700D2
:1092700005E004E003E001208DF85700FFE79DF8CA
:10928000570060B9FFE744F25041C5F60201086893
:1092900020F4E040189A126E1043086004E09DF834
:1092A00057008DF85600FFE7FFE7189840788006D2
:1092B00000284CD5FFE71898406E0D90C8B1FFE725
:1092C0000D98B0F5803F15D0FFE70D98B0F5003F41
:1092D00018D0FFE70D98B0F5403F1BD0FFE70D9881
:1092E000B0F5802F17D0FFE70D98B0F5A02F13D061
:1092F00013E016E018980830012107F019F88DF8EE
:1093000057000EE018982830012107F0F9F88DF881
:10931000570006E005E004E003E001208DF8570067
:10932000FFE79DF8570060B9FFE744F25041C5F6EA
:109330000201086820F4E020189A526E1043086079
:1093400004E09DF857008DF85600FFE7FFE71898F6
:109350004078400600284ED5FFE71898D0F8B000B6
:109360000C90C8B1FFE70C98B0F1805F15D0FFE713
:109370000C98B0F1005F18D0FFE70C98B0F1405F97
:109380001BD0FFE70C98B0F1804F17D0FFE70C9887
:10939000B0F1A04F13D013E016E018980830012167
:1093A00006F0C6FF8DF857000EE01898283001210E
:1093B00007F0A6F88DF8570006E005E004E003E0AA
:1093C00001208DF85700FFE79DF8570068B9FFE7C7
:1093D00044F25841C5F60201086820F0E040189AAE
:1093E000D2F8B0201043086004E09DF857008DF8D3
:1093F0005600FFE7FFE718984078000600283BD5A5
:10940000FFE71898006F0B90D8B1FFE70B98B0F109
:10941000805F05D0FFE70B98B0F1005F09D011E045
:1094200044F22C41C5F60201086840F4003008609F
:109430000CE018980830012106F07AFF8DF85700EB
:1094400004E003E001208DF85700FFE79DF8570086
:1094500060B9FFE744F25041C5F60201086820F008
:109460004050189A126F1043086004E09DF85700AE
:109470008DF85600FFE7FFE71898C078C00700286E
:1094800037D0FFE71898806C0A90032817D80A99FC
:10949000DFE801F014020B1344F22C41C5F602017F
:1094A000086840F4003008600DE018980830022188
:1094B00006F03EFF8DF8570005E004E003E00120D0
:1094C0008DF85700FFE79DF8570060B9FFE744F2B9
:1094D0004C41C5F60201086820F00300189A926C0E
:1094E0001043086004E09DF857008DF85600FFE730
:1094F000FFE7189880784006002840F1B480FFE725
:1095000044F60001C5F60201086840F48070086066
:10951000FCF776FD1690FFE744F60000C5F6020062
:109520000068C00500280CD4FFE7FCF769FD169918
:10953000401A652804D3FFE703208DF8570000E0A8
:10954000EAE79DF85700002840F08780FFE744F2E3
:109550007040C5F60200006800F440701899D1F818
:10956000B41001F44071884213D0FFE744F2704117
:10957000C5F60201086820F440701790086840F4AE
:1095800080300860086820F4803008601798086010
:10959000FFE71898D0F8B400B0F5807F1FD1FFE73F
:1095A000FCF72EFD1690FFE744F27040C5F602006E
:1095B000006800F002010020B0EB510F0ED1FFE770
:1095C000FCF71EFD1699401A41F28931884204D3F6
:1095D000FFE703208DF8570000E0E5E7FFE79DF87F
:1095E0005700A0BBFFE7FFE71898D0F8B40000F4DD
:1095F0004070B0F5407F13D1FFE744F21041C5F64B
:109600000201086820F47C50189AD2F8B4204FF672
:10961000F043C0F6FF731A4040EA1210086008E0F9
:1096200044F21041C5F60201086820F47C5008603D
:10963000FFE71898D0F8B4206FF31F3244F270415E
:10964000C5F60201086810430860FFE704E09DF8D2
:1096500057008DF85600FFE704E09DF857008DF89D
:109660005600FFE7FFE718980068C007002800F0E1
:109670004C80FFE71898C06F099028282BD80999CB
:10968000DFE801F01529292929292929162929295D
:10969000292929291E292929292929292629292948
:1096A000292929292729292929292929280016E0B2
:1096B00018980830012106F03BFE8DF857000EE0A7
:1096C00018982830012106F01BFF8DF8570006E09E
:1096D00005E004E003E001208DF85700FFE79DF866
:1096E000570060B9FFE744F25441C5F6020108682B
:1096F00020F03800189AD26F1043086004E09DF8FB
:1097000057008DF85600FFE7FFE7189800788007AC
:10971000002839D5FFE71898806F0890052819D8D8
:109720000899DFE801F003040C14151616E01898E8
:109730000830012106F0FCFD8DF857000EE0189866
:109740002830012106F0DCFE8DF8570006E005E028
:1097500004E003E001208DF85700FFE79DF8570073
:1097600060B9FFE744F25441C5F60201086820F0F1
:109770000700189A926F1043086004E09DF85700A4
:109780008DF85600FFE7FFE718980078400700289B
:109790003BD5FFE71898D0F894000790052819D812
:1097A0000799DFE801F003040C14151616E0189869
:1097B0000830012106F0BCFD8DF857000EE0189826
:1097C0002830012106F09CFE8DF8570006E005E0E8
:1097D00004E003E001208DF85700FFE79DF85700F3
:1097E00068B9FFE744F25841C5F60201086820F065
:1097F0000700189AD2F894201043086004E09DF8FE
:1098000057008DF85600FFE7FFE7189800788006AC
:1098100000284ED5FFE71898D0F890000690C8B100
:10982000FFE70698B0F1805F15D0FFE70698B0F12A
:10983000005F18D0FFE70698B0F1405F1BD0FFE74C
:109840000698B0F1804F17D0FFE70698B0F1A04F0F
:1098500013D013E016E018980830002106F068FDD8
:109860008DF857000EE018982830022106F048FEC7
:109870008DF8570006E005E004E003E001208DF8D4
:109880005700FFE79DF8570068B9FFE744F25441DD
:10989000C5F60201086820F0E040189AD2F890203E
:1098A0001043086004E09DF857008DF85600FFE76C
:1098B000FFE718980078400600284ED5FFE7189873
:1098C000D0F89C000590C8B1FFE70598B0F5806F0F
:1098D00015D0FFE70598B0F5006F18D0FFE70598A1
:1098E000B0F5406F1BD0FFE70598B0F5805F17D04B
:1098F000FFE70598B0F5A05F13D013E016E01898C5
:109900000830002106F014FD8DF857000EE018987D
:109910002830022106F0F4FD8DF8570006E005E03E
:1099200004E003E001208DF85700FFE79DF85700A1
:1099300068B9FFE744F25841C5F60201086820F40F
:10994000E050189AD2F89C201043086004E09DF87B
:1099500057008DF85600FFE7FFE7189800780006DB
:1099600000284ED5FFE71898D0F8A0000490C8B1A1
:10997000FFE70498B0F5005F15D0FFE70498B0F555
:10998000804F18D0FFE70498B0F5C04F1BD0FFE719
:109990000498B0F5004F17D0FFE70498B0F5204FBA
:1099A00013D013E016E018980830002106F0C0FC30
:1099B0008DF857000EE018982830022106F0A0FD1F
:1099C0008DF8570006E005E004E003E001208DF883
:1099D0005700FFE79DF8570068B9FFE744F2584188
:1099E000C5F60201086820F46040189AD2F8A02059
:1099F0001043086004E09DF857008DF85600FFE71B
:109A0000FFE7189800780007002820D5FFE718988E
:109A1000D0F88400B0F5805F0CD1FFE718982830AB
:109A2000022106F06DFD20B1FFE701208DF8560000
:109A3000FFE7FFE744F25441C5F60201086820F44D
:109A40004050189AD2F8842010430860FFE7189815
:109A50000078C006002820D5FFE71898D0F89800B5
:109A6000B0F5807F0CD1FFE718982830022106F06E
:109A700047FD20B1FFE701208DF85600FFE7FFE723
:109A800044F25841C5F60201086820F44070189A63
:109A9000D2F8982010430860FFE7189880780007F4
:109AA00000283CD5FFE71898D0F8A400039050B1E7
:109AB000FFE70398B0F5803F0DD0FFE70398B0F5BE
:109AC000003F10D010E018980830002106F030FC5C
:109AD0008DF857000CE018982830022106F010FD90
:109AE0008DF8570004E003E001208DF85700FFE7F0
:109AF0009DF8570068B9FFE744F25841C5F60201E6
:109B0000086820F44030189AD2F8A4201043086066
:109B100004E09DF857008DF85600FFE7FFE718981E
:109B20008078400700283FD5FFE71898D0F88800D4
:109B30000290B0F5801F0AD0FFE70298B0F5001F31
:109B40000ED0FFE70298B0F5401F11D011E044F2AB
:109B50002C41C5F60201086840F4003008600CE0B2
:109B600018982830012106F0CBFC8DF8570004E04E
:109B700003E001208DF85700FFE79DF8570068B912
:109B8000FFE744F25441C5F60201086820F4401092
:109B9000189AD2F888201043086004E09DF8570016
:109BA0008DF85600FFE7FFE718988078C007A8B344
:109BB000FFE71898006D019028B1FFE70198B0F514
:109BC000803F09D010E044F22C41C5F6020108683C
:109BD00040F4003008600BE018980830022106F0CD
:109BE000A7FB8DF8570003E001208DF85700FFE731
:109BF0009DF8570060B9FFE744F24C41C5F60201F9
:109C0000086820F48030189A126D1043086004E050
:109C10009DF857008DF85600FFE7FFE71898C078C9
:109C2000800600280CD5FFE718982830022106F09E
:109C300067FC20B1FFE701208DF85600FFE7FFE742
:109C400018988078800700283CD5FFE71898D0F84E
:109C500080000090D0B1FFE70098B0F5807F0AD077
:109C6000FFE70098B0F5007F0ED0FFE70098B0F551
:109C7000407F0AD00BE044F22C41C5F6020108688F
:109C800040F40030086006E005E004E003E0012055
:109C90008DF85700FFE79DF8570068B9FFE744F2D9
:109CA0005441C5F60201086820F44070189AD2F8B1
:109CB00080201043086004E09DF857008DF856009E
:109CC000FFE7FFE718988078C00600280CD5FFE76B
:109CD00044F25041C5F60201086820F00040189A8D
:109CE000526F10430860FFE71898C078C00600283C
:109CF0000DD5FFE744F21041C5F60201086820F4D3
:109D00008040189AD2F8B82010430860FFE71898EE
:109D10008078800600280CD5FFE744F25041C5F654
:109D20000201086820F08070189AD26E1043086013
:109D3000FFE71898C0784006002811D5FFE7FFE735
:109D400044F21041C5F60201086820F400400860A2
:109D50001898D0F8BC20086810430860FFE7FFE7B8
:109D60001898C078000600280CD5FFE744F24C4153
:109D7000C5F60201086820F04050189A526D104351
:109D80000860FFE718988078000600280DD5FFE7E7
:109D900044F25441C5F60201086820F44000189AC4
:109DA000D2F88C2010430860FFE718980079C007AC
:109DB00090B1FFE718980830002106F0B9FA8DF845
:109DC00057009DF8570008B9FFE704E09DF85700D9
:109DD0008DF85600FFE7FFE7189800798007002804
:109DE00012D5FFE718980830012106F0A1FA8DF886
:109DF00057009DF8570008B9FFE704E09DF85700A9
:109E00008DF85600FFE7FFE7189800794007002813
:109E100012D5FFE718980830022106F089FA8DF86C
:109E200057009DF8570008B9FFE704E09DF8570078
:109E30008DF85600FFE7FFE7189800790007002823
:109E400012D5FFE718982830002106F059FB8DF84D
:109E500057009DF8570008B9FFE704E09DF8570048
:109E60008DF85600FFE7FFE718980079C006002834
:109E700012D5FFE718982830012106F041FB8DF834
:109E800057009DF8570008B9FFE704E09DF8570018
:109E90008DF85600FFE7FFE7189800798006002844
:109EA00012D5FFE718982830022106F029FB8DF81B
:109EB00057009DF8570008B9FFE704E09DF85700E8
:109EC0008DF85600FFE7FFE79DF8560020B9FFE741
:109ED00000208DF8670003E001208DF86700FFE7A0
:109EE0009DF867001AB080BD80B586B004900391DC
:109EF000049820B9FFE701208DF817003CE2039891
:109F000042F20001C5F20021096801F00F01884208
:109F100016D9FFE742F20000C5F20020016821F0E7
:109F20000F01039A11430160006800F00F000399CC
:109F3000884204D0FFE701208DF817001CE2FFE7FC
:109F4000049800784007002819D5FFE704980069B5
:109F500044F21841C5F60201096801F07001884217
:109F60000CD9FFE744F21841C5F60201086820F059
:109F70007000049A126910430860FFE7FFE7049835
:109F800000780007002819D5FFE70498406944F2DB
:109F90001C41C5F60201096801F0700188420CD924
:109FA000FFE744F21C41C5F60201086820F070008A
:109FB000049A526910430860FFE7FFE704980078AD
:109FC000C006002819D5FFE70498806944F21C41B7
:109FD000C5F60201096801F4E06188420CD9FFE787
:109FE00044F21C41C5F60201086820F4E060049ABE
:109FF000926910430860FFE7FFE704980078800645
:10A00000002819D5FFE70498C06944F22041C5F63D
:10A010000201096801F0700188420CD9FFE744F29F
:10A020002041C5F60201086820F07000049AD26948
:10A0300010430860FFE7FFE70498007880070028D6
:10A0400019D5FFE70498C06844F21841C5F602012B
:10A05000096801F00F0188420CD9FFE744F218416A
:10A06000C5F60201086820F00F00049AD268104378
:10A070000860FFE7FFE704980078C007002800F0B9
:10A080008C80FFE744F21841C5F60201086820F40D
:10A090007060049A9268104308600498406802282F
:10A0A00011D1FFE744F20040C5F60200006800F459
:10A0B00000310020B0EB514F04D1FFE701208DF8B3
:10A0C000170059E13EE004984068032811D1FFE7EA
:10A0D00044F20040C5F60200006800F00071002064
:10A0E000B0EB516F04D1FFE701208DF8170043E179
:10A0F00027E004984068012811D1FFE744F20040AE
:10A10000C5F60200006800F480710020B0EB112F4A
:10A1100004D1FFE701208DF817002DE110E044F293
:10A120000040C5F60200006800F004010020B0EB1A
:10A13000910F04D1FFE701208DF817001CE1FFE724
:10A14000FFE7FFE744F21041C5F60201086820F07E
:10A150000700049A526810430860FBF751FF019012
:10A16000FFE744F21040C5F60200006800F0380036
:10A1700004994968B0EBC10F0ED0FFE7FBF740FF31
:10A180000199401A41F28931884204D3FFE7032044
:10A190008DF81700F0E0E4E7FFE704980078800707
:10A1A000002819D5FFE70498C06844F21841C5F6A5
:10A1B0000201096801F00F0188420CD2FFE744F266
:10A1C0001841C5F60201086820F00F00049AD26811
:10A1D00010430860FFE7FFE7039842F20001C5F271
:10A1E0000021096801F00F01884216D2FFE742F210
:10A1F0000000C5F20020016821F00F01039A11430D
:10A200000160006800F00F000399884204D0FFE766
:10A2100001208DF81700AFE0FFE7049800784007B1
:10A22000002819D5FFE70498006944F21841C5F6E3
:10A230000201096801F0700188420CD2FFE744F284
:10A240001841C5F60201086820F07000049A1269EE
:10A2500010430860FFE7FFE7049800780007002834
:10A2600019D5FFE70498406944F21C41C5F6020184
:10A27000096801F0700188420CD2FFE744F21C41EA
:10A28000C5F60201086820F07000049A5269104374
:10A290000860FFE7FFE704980078C006002819D59A
:10A2A000FFE70498806944F21C41C5F60201096881
:10A2B00001F4E06188420CD2FFE744F21C41C5F68C
:10A2C0000201086820F4E060049A92691043086073
:10A2D000FFE7FFE7049800788006002819D5FFE71C
:10A2E0000498C06944F22041C5F60201096801F0F2
:10A2F000700188420CD2FFE744F22041C5F602010A
:10A30000086820F07000049AD26910430860FFE7E3
:10A31000FFE700F089F844F21842C5F6020211681E
:10A32000C1F3032349F26871C0F60101CB5C03F06D
:10A330001F03D84000900098126802F00F02895C59
:10A3400001F01F01C84040F22C01C2F20041086038
:10A35000009840F22801C2F20041086040F200106B
:10A36000C2F200400068FCF76BF88DF80B009DF816
:10A370000B008DF81700FFE79DF8170006B080BDB1
:10A3800080B582B000F050F844F21842C5F60202DF
:10A390001168C1F3032349F26871C0F60101CB5C77
:10A3A00003F01F03D84001900198126802F00F02D9
:10A3B000895C01F01F0120FA01F140F22C00C2F289
:10A3C00000400160019940F22802C2F2004211608F
:10A3D000006802B080BD000080B5FFF7D1FF44F2F5
:10A3E0001C41C5F602010968C1F3021249F2687105
:10A3F000C0F60101895C01F01F01C84080BD00006A
:10A4000080B5FFF7BDFF44F21C41C5F602010968A3
:10A41000C1F3022249F26871C0F60101895C01F0C2
:10A420001F01C84080BD00008AB044F21040C5F64C
:10A430000200006800F0380001460191182800F27F
:10A4400069810199DFE811F0190066016601660172
:10A4500066016601660166013A00660166016601F1
:10A4600066016601660166014000660166016601DB
:10A470006601660166016601460044F20040C5F6C9
:10A480000200006800F020010020B0EB511F0ED048
:10A49000FFE744F20040C5F602000068C0F3C101C6
:10A4A00049F20000C0F2D030C840029005E049F205
:10A4B0000000C0F2D0300290FFE731E140F600101A
:10A4C000C0F23D0002902BE147F64000C0F27D1043
:10A4D000029025E144F22840C5F60200016801F02F
:10A4E000030108910068C0F30510079044F22C4066
:10A4F000C5F60200006800F001000690069844F2DC
:10A500003441C5F60201096889B2C908484300EE22
:10A51000100AB8EE400A8DED040A0798002800F0F2
:10A52000F580FFE70898009048B1FFE70098012800
:10A5300069D0FFE70098022800F08980ABE044F280
:10A540000040C5F60200006800F020010020B0EBDA
:10A55000511F33D0FFE744F20040C5F60200006807
:10A56000C0F3C10149F20000C0F2D030C8400590EC
:10A570009DED050AB8EE400A9DED071AB8EE411AA6
:10A5800080EE010A44F23040C5F6020000686FF325
:10A590005F2001EE100AB8EE411A9DED042A9FEDEE
:10A5A000633A82EE032A31EE021AB7EE002A31EE48
:10A5B000021A20EE010A8DED030A23E09DED070A41
:10A5C000B8EE401A9FED5B0A80EE010A44F230407B
:10A5D000C5F6020000686FF35F2001EE100AB8EEC6
:10A5E000411A9DED042A9FED513A82EE032A31EE85
:10A5F000021AB7EE002A31EE021A20EE010A8DEDA2
:10A60000030AFFE76BE09DED070AB8EE401A9FEDE5
:10A61000480A80EE010A44F23040C5F602000068A4
:10A620006FF35F2001EE100AB8EE411A9DED042A87
:10A630009FED3E3A82EE032A31EE021AB7EE002A6F
:10A6400031EE021A20EE010A8DED030A47E09DED7E
:10A65000070AB8EE401A9FED340A80EE010A44F270
:10A660003040C5F6020000686FF35F2001EE100A6B
:10A67000B8EE411A9DED042A9FED2C3A82EE032A92
:10A6800031EE021AB7EE002A31EE021A20EE010A6C
:10A690008DED030A23E09DED070AB8EE401A9FED09
:10A6A000240A80EE010A44F23040C5F60200006838
:10A6B0006FF35F2001EE100AB8EE411A9DED042AF7
:10A6C0009FED1A3A82EE032A31EE021AB7EE002A03
:10A6D00031EE021A20EE010A8DED030AFFE744F283
:10A6E0003040C5F60200006881B2012000EB512025
:10A6F00009909DED030A9DED091AB8EE411A80EE0E
:10A70000010ABCEEC00A8DED020A02E000200290B0
:10A71000FFE705E040F60010C0F23D000290FFE7C1
:10A7200002980AB0704700BF20BCBE4B0000004634
:10A730000024744A0024744C80B58AB009900891B2
:10A740000792099860BBFFE7FFE744F2E040C5F6D7
:10A750000200016841F001010160006800F00100A1
:10A7600001900198FFE74FF480700290022003905F
:10A77000032005900020049006900020C5F60200FA
:10A7800002A9FBF721FA44F21041C5F6020108685C
:10A7900020F0FE70089A079B1A43104308602DE0D2
:10A7A000FFE744F2E040C5F60200016841F0040111
:10A7B0000160006800F0040000900098FFE74FF48B
:10A7C0000070029002200390032005900020049066
:10A7D000069040F60000C5F6020002A9FBF7F4F966
:10A7E00044F21041C5F60201086820F07E40089A44
:10A7F000079B42EAC31210430860FFE70AB080BD1E
:10A8000080B58CB00A900A9828B9FFE701208DF82E
:10A810002F0000F09DBD0A980078C007002800F0C6
:10A82000B980FFE744F21040C5F60200006800F06E
:10A830003800069044F22840C5F6020000680590F2
:10A84000069810280AD0FFE7069818281CD1FFE7C1
:10A85000059800F00300022816D1FFE744F20040FB
:10A86000C5F60200006800F400310020B0EB514F43
:10A8700009D0FFE70A98406828B9FFE701208DF862
:10A880002F0000F065BD84E0FFE70A984068B0F54E
:10A89000803F09D1FFE744F20041C5F60201086894
:10A8A00040F48030086032E00A98406868B9FFE7F9
:10A8B00044F20041C5F60201086820F480300860C7
:10A8C000086820F48020086020E00A984068B0F50D
:10A8D000A02F0DD1FFE744F20041C5F60201086840
:10A8E00040F480200860086840F4803008600CE084
:10A8F00044F20041C5F60201086820F48030086087
:10A90000086820F480200860FFE7FFE7FFE7FFE723
:10A910000A984068F0B1FFE7FBF772FB0990FFE788
:10A9200044F20040C5F60200006800F40031002047
:10A93000B0EB514F0DD1FFE7FBF762FB0999401ACD
:10A94000652805D3FFE703208DF82F0000F000BD38
:10A95000E6E71DE0FBF754FB0990FFE744F20040F7
:10A96000C5F60200006800F400310020B0EB514F42
:10A970000DD0FFE7FBF744FB0999401A652805D382
:10A98000FFE703208DF82F0000F0E2BCE6E7FFE7C9
:10A99000FFE7FFE70A9800788007002840F116815A
:10A9A000FFE744F21040C5F60200006800F03800EE
:10A9B000049044F22840C5F6020000680390049811
:10A9C00050B1FFE70498182878D1FFE79DF80C00F4
:10A9D0008007002872D1FFE744F20040C5F602006C
:10A9E000006800F004010020B0EB910F09D0FFE7F0
:10A9F0000A98C06828B9FFE701208DF82F0000F001
:10AA0000A7BC44F20041C5F60201086820F0190015
:10AA10000A9AD26810430860FBF7F2FA0990FFE740
:10AA200044F20040C5F60200006800F00401002076
:10AA3000B0EB910F0DD1FFE7FBF7E2FA0999401A4D
:10AA4000032805D3FFE703208DF82F0000F080BC1A
:10AA5000E6E7FFE7FBF7CCFA41F2030188421DD895
:10AA6000FFE70A98006940280AD1FFE744F2044151
:10AA7000C5F602010868202262F3113008600CE07C
:10AA800044F20441C5F60201086820F47C300A9AB9
:10AA9000126940EA02300860FFE70CE044F204412A
:10AAA000C5F60201086820F0FE400A9A126940EAE1
:10AAB00002600860FFE7FFE7FFE786E00A98C068EA
:10AAC00000285CD0FFE744F20041C5F602010868A7
:10AAD00020F019000A9AD26810430860FBF790FA38
:10AAE0000990FFE744F20040C5F60200006800F05C
:10AAF00004010020B0EB910F0DD1FFE7FBF780FAC6
:10AB00000999401A032805D3FFE703208DF82F0089
:10AB100000F01EBCE6E7FFE7FBF76AFA41F203012B
:10AB200088421DD8FFE70A98006940280AD1FFE74C
:10AB300044F20441C5F602010868202262F3113094
:10AB400008600CE044F20441C5F60201086820F4F4
:10AB50007C300A9A126940EA02300860FFE70CE094
:10AB600044F20441C5F60201086820F0FE400A9A4A
:10AB7000126940EA02600860FFE7FFE724E044F260
:10AB80000041C5F60201086820F001000860FBF7EB
:10AB900037FA0990FFE744F20040C5F6020000686A
:10ABA00000F004010020B0EB910F0CD0FFE7FBF7A1
:10ABB00027FA0999401A032804D3FFE703208DF8E8
:10ABC0002F00C5E3E7E7FFE7FFE7FFE70A98007814
:10ABD000C006002840F1EB80FFE744F21040C5F6C4
:10ABE0000200006800F03800029044F22840C5F6E8
:10ABF000020000680190029808280AD0FFE7029836
:10AC0000182850D1FFE7019800F0030001284AD12D
:10AC1000FFE744F20040C5F60200006800F48071CE
:10AC20000020B0EB112F09D0FFE70A98C0698028F7
:10AC300004D0FFE701208DF82F0089E3FFE7FBF741
:10AC4000D7F941F2030188421DD8FFE70A98006A4C
:10AC500020280AD1FFE744F20441C5F60201086842
:10AC6000102262F39E6008600CE044F20441C5F6D5
:10AC70000201086820F0F8400A9A126A40EA8260ED
:10AC80000860FFE70CE044F20C41C5F602010868D9
:10AC900020F07C500A9A126A40EA02600860FFE7DE
:10ACA000FFE7FFE782E00A98C069002858D0FFE775
:10ACB00044F20041C5F60201086840F080000860D7
:10ACC000FBF79EF90990FFE744F20040C5F6020049
:10ACD000006800F480710020B0EB112F0CD1FFE769
:10ACE000FBF78EF90999401A032804D3FFE70320E4
:10ACF0008DF82F002CE3E7E7FFE7FBF779F941F246
:10AD0000030188421DD8FFE70A98006A20280AD16B
:10AD1000FFE744F20441C5F602010868102262F31D
:10AD20009E6008600CE044F20441C5F60201086828
:10AD300020F0F8400A9A126A40EA82600860FFE751
:10AD40000CE044F20C41C5F60201086820F07C508A
:10AD50000A9A126A40EA02600860FFE7FFE724E00F
:10AD600044F20041C5F60201086820F08000086046
:10AD7000FBF746F90990FFE744F20040C5F60200F0
:10AD8000006800F480710020B0EB112F0CD0FFE7B9
:10AD9000FBF736F90999401A032804D3FFE703208B
:10ADA0008DF82F00D4E2E7E7FFE7FFE7FFE70A9817
:10ADB0000078000700284FD5FFE70A98406928B3BC
:10ADC000FFE744F27441C5F60201086840F0010053
:10ADD0000860FBF715F90990FFE744F27440C5F6E7
:10ADE0000200006800F002010020B0EB510F0CD10E
:10ADF000FFE7FBF705F90999401A032804D3FFE799
:10AE000003208DF82F00A3E2E7E724E044F2744129
:10AE1000C5F60201086820F001000860FBF7F0F8B1
:10AE20000990FFE744F27440C5F60200006800F0A4
:10AE300002010020B0EB510F0CD0FFE7FBF7E0F868
:10AE40000999401A032804D3FFE703208DF82F0047
:10AE50007EE2E7E7FFE7FFE70A9800788006002830
:10AE60004FD5FFE70A98806928B3FFE744F2004115
:10AE7000C5F60201086840F480500860FBF7C0F88E
:10AE80000990FFE744F20040C5F60200006800F4B4
:10AE900000510020B0EB513F0CD1FFE7FBF7B0F8B9
:10AEA0000999401A032804D3FFE703208DF82F00E7
:10AEB0004EE2E7E724E044F20041C5F602010868EB
:10AEC00020F480500860FBF79BF80990FFE744F2FC
:10AED0000040C5F60200006800F400510020B0EB0D
:10AEE000513F0CD0FFE7FBF78BF80999401A032874
:10AEF00004D3FFE703208DF82F0029E2E7E7FFE7FF
:10AF0000FFE70A9800784007002840F1A780FFE794
:10AF100044F60001C5F60201086840F4807008603C
:10AF2000FBF76EF80990FFE744F60000C5F6020053
:10AF30000068C00500280CD4FFE7FBF761F8099909
:10AF4000401A652804D3FFE703208DF82F00FFE1A6
:10AF5000EAE7FFE70A988068012809D1FFE744F291
:10AF60007041C5F60201086840F00100086031E058
:10AF70000A98806868B9FFE744F27041C5F602019B
:10AF8000086820F001000860086820F004000860EC
:10AF90001FE00A98806805280DD1FFE744F2704150
:10AFA000C5F60201086840F004000860086840F037
:10AFB000010008600CE044F27041C5F60201086827
:10AFC00020F001000860086820F004000860FFE736
:10AFD000FFE7FFE7FFE70A988068F8B1FFE7FBF7B4
:10AFE0000FF80990FFE744F27040C5F602000068D0
:10AFF00000F002010020B0EB510F0ED1FFE7FAF78D
:10B00000FFFF0999401A41F28931884204D3FFE7D2
:10B0100003208DF82F009BE1E5E71EE0FAF7F0FF33
:10B020000990FFE744F27040C5F60200006800F0A6
:10B0300002010020B0EB510F0ED0FFE7FAF7E0FF5E
:10B040000999401A41F28931884204D3FFE703206D
:10B050008DF82F007CE1E5E7FFE7FFE70A98406AFB
:10B06000002800F07181FFE744F21040C5F60200AD
:10B07000006800F03800182800F0E080FFE70A9828
:10B08000406A022840F0B480FFE744F20041C5F670
:10B090000201086820F080700860FAF7B1FF09909B
:10B0A000FFE744F20040C5F60200006800F00071BE
:10B0B0000020B0EB516F0CD0FFE7FAF7A1FF099920
:10B0C000401A032804D3FFE703208DF82F003FE147
:10B0D000E7E7FFE744F22841C5F60201086840F2BD
:10B0E000F33290430A9B9A6ADB6A42EA03121043E6
:10B0F00008600A99086BD1F834C08B6BCA6B0138B1
:10B100006FF35F204FF60061CFF6FF7101EB4C212A
:10B1100089B208440021CFF6FF7101EB034101F42D
:10B12000FE0108444FF07F4101EB026101F0FE4156
:10B13000084444F23041C5F602010860FFE744F2DA
:10B140002C41C5F602010091086820F0010008605A
:10B1500044F23442C5F6020210684FF6F873984381
:10B160000A9B9B6C40EAC3001060086820F00C004A
:10B170000A9A126C10430860086820F002000A9ACC
:10B18000526C10430860086840F48030086008681A
:10B1900040F400300860086840F4802008600868C7
:10B1A00040F00100086044F20041C5F60201086861
:10B1B00040F080700860FAF723FF0990FFE744F23F
:10B1C0000040C5F60200006800F000710020B0EBFE
:10B1D000516F0CD1FFE7FAF713FF0999401A0328C2
:10B1E00004D3FFE703208DF82F00B1E0E7E724E068
:10B1F00044F20041C5F60201086820F08070086042
:10B20000FAF7FEFE0990FFE744F20040C5F602009F
:10B21000006800F000710020B0EB516F0CD0FFE728
:10B22000FAF7EEFE0999401A032804D3FFE703203A
:10B230008DF82F008CE0E7E7FFE784E044F2284038
:10B24000C5F602000068089044F23040C5F60200DE
:10B25000006807900A98406A012837D0FFE70898ED
:10B2600000F003000A99896A88422FD1FFE7089805
:10B2700000F47C710A98C06AB0EB111F26D1FFE779
:10B2800007986FF35F200A99096B013988421DD135
:10B29000FFE7BDF81C100A98406B0138B0EB512F46
:10B2A00014D1FFE7079800F4FE010A98806B01387B
:10B2B000B0EB114F0AD1FFE7079800F0FE410A9862
:10B2C000C06B0138B0EB116F04D0FFE701208DF89F
:10B2D0002F003DE044F23440C5F60200006880B221
:10B2E000C00808900A98806C0899884229D0FFE726
:10B2F00044F22C41C5F60201086820F00100086004
:10B30000FAF77EFE0990FFE7FAF77AFE0999401AEC
:10B3100008B9FFE7F8E744F23441C5F602010868CE
:10B320004FF6F87290430A9A926C40EAC2000860A5
:10B3300044F22C41C5F60201086840F001000860A3
:10B34000FFE7FFE7FFE7FFE700208DF82F00FFE7AB
:10B350009DF82F000CB080BD80B58EB00C900C987D
:10B3600020B9FFE701208DF83700EAE2FAF740FE46
:10B37000B0F5005F01D3FFE7FFE70C9890F83800C5
:10B38000012820D1FFE70C98006845F60401C4F2BB
:10B390000101884209D0FFE70C98006845F204419A
:10B3A000C5F60001884209D1FFE70C9840680128E2
:10B3B00004D1FFE70C98406C20B1FFE701208DF825
:10B3C0003700BEE2FFE70C98006845F60401C4F2BE
:10B3D0000101884209D0FFE70C98006845F6240176
:10B3E000C4F20101884206D1FFE745F60000C4F22D
:10B3F000010008904EE00C98006845F60441C4F244
:10B400000101884209D0FFE70C98006845F6244105
:10B41000C4F20101884206D1FFE745F60040C4F2BC
:10B420000100089035E00C98006846F20401C4F26F
:10B430000101884209D0FFE70C98006846F2240118
:10B44000C4F20101884206D1FFE746F20000C4F2CF
:10B45000010008901CE00C98006845F20441C5F614
:10B460000001884209D0FFE70C98006845F22441AA
:10B47000C5F60001884206D1FFE745F20040C5F657
:10B480000000089003E001208DF8370059E2FFE743
:10B49000FFE7FFE70C9890F8910040B9FFE70C999F
:10B4A000002081F890000C9800F052FAFFE70C9809
:10B4B00005F00EF920B1FFE701208DF8370040E2DA
:10B4C0000C99022081F891000C98C068039040B15B
:10B4D000FFE70398012807D0FFE70398022806D06A
:10B4E00008E000200B9008E010200B9005E02020E1
:10B4F0000B9002E000200B90FFE70C988068029010
:10B50000052828D80299DFE801F003060A0E161E66
:10B510000020099022E04FF4806009901EE04FF473
:10B52000006009901AE04FF4006009900B9840F019
:10B5300001000B9012E04FF4006009900B9840F06E
:10B5400002000B900AE04FF4006009900B9840F065
:10B5500003000B9002E000200990FFE70B98089988
:10B5600008600C98006A002800F0D080FFE70020F7
:10B5700007900C98006845F60401C4F20101884266
:10B5800009D0FFE70C98006845F62401C4F20101D8
:10B59000884207D1FFE74FF480700021FCF72CFEB2
:10B5A0000790FFE70C98006845F60441C4F20101DA
:10B5B000884209D0FFE70C98006845F62441C4F2A0
:10B5C0000101884207D1FFE74FF400700021FCF72A
:10B5D00013FE0790FFE70C98006846F20401C4F2DE
:10B5E0000101884209D0FFE70C98006846F2240167
:10B5F000C4F20101884207D1FFE74FF40070002137
:10B60000FCF7FAFD0790FFE70C98006845F204414B
:10B61000C5F60001884207D1FFE74FF480600021A2
:10B62000FCF7EAFD0790FFE70C98006845F224411B
:10B63000C5F60001884207D1FFE74FF40060002102
:10B64000FCF7DAFD0790FFE70C988069B0F5002F52
:10B6500022D1FFE70C98406C042803D1FFE740207B
:10B6600005900DE00C98406C082804D1FFE74FF4DA
:10B670008070059003E00C98406D0590FFE7FFE7B0
:10B68000079800EB800040000C99096A059A514325
:10B69000B0FBF1F0069014E00C98816A0120B1F142
:10B6A000806F08BF02200490079800EB80004000E4
:10B6B0000C99096A049A51430902B0FBF1F0069013
:10B6C000FFE706984CF6CD41CCF6CC41A0FB01201B
:10B6D000C0080C9A50620698A0FB0121C90801EB32
:10B6E0008101A0EB4100092805D3FFE70C99486AC6
:10B6F00001304862FFE70C98406C042805D1FFE751
:10B700000C99486A40084862FFE7FFE70C984068D8
:10B7100028B1FFE70C984068022808D1FFE70C9891
:10B72000006D013818BF012040020A9008E00C9813
:10B73000006D0138B0FA80F0400940020A90FFE73E
:10B74000FAF756FCB0F5005F39D3FFE70C980168B3
:10B7500008684CF21002CFF20502104008600C9B02
:10B760000193D3F844E0196858681A69D3F814C0F3
:10B7700040EA0E00D3F848E040EA0E00D3F84CE06F
:10B7800040EA0E00DDF828E040EA0E00DDF824E093
:10B7900040EA0E00D3F82CE040EA0E0040EA0C002C
:10B7A000D3F818C040EA0C00D3F824C040EA0C508B
:10B7B0009B6A1843024308681043086033E00C9802
:10B7C000016808684CF21002CFF6050210400860CC
:10B7D0000C9A0092D2F844E011685068D2F814C074
:10B7E000936940EA0E00D2F848E040EA0E00D2F831
:10B7F0004CE040EA0E00DDF828E040EA0E00DDF8FB
:10B8000024E040EA0E00D2F82CE040EA0E0040EAC4
:10B810000C001843536A40EA0350926A02430868D6
:10B8200010430860FFE70C98016848684EF20F0269
:10B83000904348600C9A1168D069136B526B18439F
:10B8400002434868104348600C980168886848F2D1
:10B850000002CFF6F872104088600C9A1168506DA3
:10B86000936DD2F85CC00138D2F864E040EA0E0073
:10B8700040EA0C00126E10436FF0FF0202EB03234C
:10B8800003438868184388600C980168C8684FF2C1
:10B8900020031840C860DDF830C0DCF80010DCF888
:10B8A0006800DCF86CE0DCF8703040EA0E00DCF890
:10B8B00074C040EA0C4002EB03220243C868104304
:10B8C000C8600C98006845F60401C4F20101884282
:10B8D00009D0FFE70C98006845F20441C5F6000165
:10B8E00088421CD1FFE70899486C20F001004864A9
:10B8F0000C9890F83800012810D1FFE70C98C26B23
:10B90000006C6FF00F0101EB0211084308994864C5
:10B910000899486C40F001004864FFE7FFE70C9984
:10B920000020C1F894000C99012081F89100FFE7F4
:10B930000C99002081F89000FFE700208DF8370077
:10B94000FFE79DF837000EB080BD0000000000004A
:10B9500080B5B8B0379002A8C021F4F7B7FD37988A
:10B96000006845F60401C4F2010188423DD1FFE7B9
:10B97000002003904FF480710291189002A8FDF707
:10B9800063FA18B1FFE7F5F703FEFFE740F2941002
:10B99000C2F20040006880B9FFE7FFE744F2F040E0
:10B9A000C5F60200016841F480010160006800F4FE
:10B9B000800001900198FFE7FFE740F29411C2F286
:10B9C00000410868013008607420329002203390F2
:10B9D0000020349035900620369041F20000C5F6E4
:10B9E000020032A9FAF7F0F8FFE73798006845F649
:10B9F0002401C4F2010188423DD1FFE700200390F9
:10BA00004FF480710291189002A8FDF71DFA18B149
:10BA1000FFE7F5F7BDFDFFE740F29410C2F20040EA
:10BA2000006880B9FFE7FFE744F2F040C5F6020086
:10BA3000016841F480010160006800F4800000901A
:10BA40000098FFE7FFE740F29411C2F20041086856
:10BA5000013008600820329002203390002034909A
:10BA600035900620369041F20000C5F6020032A95A
:10BA7000FAF7AAF8FFE738B080BD00000000000028
:10BA800080B584B002900191029820B9FFE70120AF
:10BA90008DF80F002BE0029890F82C0040B9FFE7DA
:10BAA0000299002081F82D00029800F025F8FFE7A8
:10BAB0000299022081F82C00029951F8040BF5F745
:10BAC0001FFF029A019910685268F5F799FF44F236
:10BAD0000001C5F20021086840F0004008600299AA
:10BAE000012081F82C0000208DF80F00FFE79DF861
:10BAF0000F0004B080BD000080B582B00190F9F75E
:10BB0000A7FF02B080BD000080B584B00290019113
:10BB1000029890F82C00022804D1FFE702208DF84B
:10BB20000F001CE0029890F82C0001280ED1FFE7CE
:10BB30000299022081F82C00029800680199F5F71B
:10BB400033FF0299012081F82C0003E001208DF8D9
:10BB50000F0004E0FFE700208DF80F00FFE79DF8DD
:10BB60000F0004B080BD000080B586B00490039142
:10BB70000292049890F82C008DF807009DF80700B9
:10BB8000022804D1FFE702208DF817002CE09DF871
:10BB90000700012805D0FFE79DF8070005281AD106
:10BBA000FFE70499022081F82C00049800680399AB
:10BBB000029AF5F709FF03980068022805D1FFE70C
:10BBC0000499052081F82C0004E00499012081F8F3
:10BBD0002C00FFE703E001208DF8170004E0FFE7E9
:10BBE00000208DF81700FFE79DF8170006B080BD14
:10BBF00010B58CB00B900A9100208DF80B000B99BA
:10BC0000032081F830000B98806B032830D0FFE7C9
:10BC10000A98B0F5004F06D1FFE70B99486B40F04A
:10BC20008050486323E00A98B0F5804F0AD1FFE7BF
:10BC30000B9806F06DF80490049A0B99486B10432A
:10BC4000486313E00A9850B9FFE70B9806F018F81C
:10BC50000490049A0B99486B1043486305E00B99D4
:10BC6000486B40F000604863FFE7FFE7FFE705E04F
:10BC70000B99486B40F080504863FFE70B98406B8E
:10BC800058B1FFE70B98016840F6FF70C1F6E0700D
:10BC9000886301208DF80B00C2E04FF48030002152
:10BCA000FCF7AAFA03900398002800F0AF80FFE7A2
:10BCB0000B98406805900B98806806900A9807904A
:10BCC0000B98006908900B984069039943F68932F4
:10BCD000C5F2E652A1FB0221B0EB116F04D3FFE7DE
:10BCE0000B984069099081E00B98806DB0F5007F5A
:10BCF00004D1FFE70B984069099076E00B98806DBE
:10BD0000B0F5807F38D1FFE70B984069B8B9FFE7FD
:10BD100003984FF28101C0F2FA2188420AD3FFE76B
:10BD2000039843F68931C5F2E651A0FB0110400E9D
:10BD3000099003E00B9840690990FFE71BE0039826
:10BD40000B9949694900B0FBF1F04FF28101C0F253
:10BD5000FA2188420AD3FFE7039843F68931C5F2F6
:10BD6000E651A0FB0110400E099003E00B984069DA
:10BD70000990FFE7FFE737E00B984069B8B9FFE7A4
:10BD8000039847F64101C0F27D1188420AD3FFE7CC
:10BD9000039843F68931C5F2E651A0FB0110000E6D
:10BDA000099003E00B9840690990FFE71BE00398B6
:10BDB0000B9949694900B0FBF1F047F64101C0F227
:10BDC0007D1188420AD3FFE7039843F68931C5F213
:10BDD000E651A0FB0110000E099003E00B984069AA
:10BDE0000990FFE7FFE7FFE7FFE7FFE70B98006831
:10BDF0000599069A079BDDF820C0099CEE46CEF80F
:10BE00000440CEF800C005F063FB08E00B99486BD6
:10BE100040F00060486301208DF80B00FFE7FFE76A
:10BE20000B9800684FF4007104F02AFE0490049807
:10BE300080B1FFE70B98016840F6FF70C1F6E07033
:10BE40008863049A0B99486B1043486301208DF86E
:10BE50000B00FFE70B99012081F830009DF80B00E3
:10BE60000CB010BD0000000083B00190009101985B
:10BE7000C06D800F009908700198C06DC0F3836099
:10BE8000009948700198C06DC0F3016000998870F6
:10BE90000198B0F85E000099C8700198C06D000A62
:10BEA000009908710198C06D009948710198006E61
:10BEB000000D0099C8800198006EC0F303400099FE
:10BEC00008720198B0F86000C00B009948720198A0
:10BED000006EC0F38030009988720198006EC0F344
:10BEE00040300099C8720198006EC0F3003000998C
:10BEF00008730099002048730198806B00284BD18B
:10BF0000FFE70199086E496E6FF39F20800040EAB9
:10BF10009170009908610198406EC0F3C260009969
:10BF200008750198406EC0F3026000994875019849
:10BF3000406EC0F34250009988750198406EC0F37E
:10BF400082400099C8750198406EC0F3C2300099D4
:10BF50000876009800690130019988640098007E95
:10BF600000F00700811C012000FA01F3019A916C96
:10BF7000594391640099097A01F00F0188400199B1
:10BF8000C8640199886CCA6C520A504308650199CB
:10BF90004FF40070486535E00198806B01281DD191
:10BFA000FFE70198016E01F03F01B0F8660040EA3A
:10BFB000014000990861009801694FF4806000EB2E
:10BFC0008120019988640199886C086501994FF472
:10BFD0000070C8640199C86C486512E00198016856
:10BFE00040F6FF70C1F6E07088630199486B40F03D
:10BFF000805048630199012081F830008DF80B00D2
:10C0000073E0FFE70198406EC0F3803000994876F6
:10C010000198406EC0F3C610009988760198406E72
:10C0200000F07F000099C8760198806EC00F0099DB
:10C0300008770198806EC0F34170009948770198A5
:10C04000806EC0F38260009988770198806EC0F39B
:10C0500083500099C8770198806EC0F340500099D2
:10C0600081F820000099002081F821000199896E53
:10C07000C1F30041009A82F822100199B1F86810CA
:10C08000C90B009A82F823100199896EC1F380319F
:10C09000009A82F824100199896EC1F34031009A08
:10C0A00082F825100199896EC1F30031009A82F857
:10C0B00026100199896EC1F38121009A82F8271018
:10C0C0000199896EC1F30121009A82F82810019923
:10C0D00091F868104908009A82F82910009A012105
:10C0E00082F82A108DF80B00FFE79DF80B0003B0D3
:10C0F000704700000000000082B00190009101989C
:10C10000806B009908600198C06B009948600198A5
:10C11000006C009988600198406C0099C860019893
:10C12000806C009908610198C06C00994861019881
:10C13000006D009988610198406D0099C8610020E8
:10C1400002B070470000000080B584B0039000206A
:10C1500000900398694605F06BFD0190019830B19D
:10C16000FFE7019A0399486B10434863FFE7009883
:10C17000C0F343200290029804B080BD000000008C
:10C1800080B596B01490139100208DF80700149894
:10C1900090F83000032804D1FFE701208DF8570004
:10C1A00084E0149803A905F06FFC0290029898B1FE
:10C1B000FFE71498016840F6FF70C1F6E0708863ED
:10C1C000029A1499486B104348631499012081F82E
:10C1D00030008DF8070049E09DF80C0080091399A4
:10C1E00008700398C0F3401013994870039901F444
:10C1F0007F00000A40EA11601399488004990806FC
:10C2000001F47F4240EA022001F47F0240EA12205A
:10C2100040EA1160139948600598139908720598CF
:10C22000000A139948720598C0F303501399887255
:10C23000BDF8170040BA13998881BDF81800800A2C
:10C24000139988730698C0F301201399C8739DF859
:10C250001800000913990874069800F00F0013994C
:10C2600048749DF81F0013998874FFE714980068BC
:10C270004FF4007104F004FC0290029888B1FFE7CB
:10C280001498016840F6FF70C1F6E0708863029868
:10C29000149948631499012081F830008DF8070043
:10C2A000FFE79DF807008DF85700FFE79DF857005E
:10C2B00016B080BD0000000080B58AB008900898D4
:10C2C00020B9FFE701208DF827007BE0089890F85F
:10C2D000300038B9FFE7089900200876089800F088
:10C2E00013F9FFE70899042081F83000089800F05E
:10C2F0006FF820B1FFE701208DF8270062E0089871
:10C3000003A9FFF73DFF20B1FFE701208DF82700CB
:10C3100058E09DF81C0002909DF81D0001900898BF
:10C32000806B01280BD1FFE7029818B9FFE701984D
:10C3300028B1FFE708994FF4007088650EE008986F
:10C34000806B012805D1FFE708994FF4807088655C
:10C3500003E0089900208865FFE7FFE70898C168B7
:10C36000FFF746FC20B1FFE701208DF8270029E008
:10C37000F9F746FE0090FFE70898FFF7E5FE04286E
:10C3800014D0FFE7F9F73CFE0099401A013060B97C
:10C39000FFE708994FF0004048630899012081F8B1
:10C3A000300003208DF827000CE0E5E70899002015
:10C3B00048630899C862089A012182F830108DF804
:10C3C0002700FFE79DF827000AB080BD00000000AD
:10C3D00010B58CB00A900021049105910691079147
:10C3E0004FF48030FBF708FF0390039858B9FFE73C
:10C3F0000A99012081F830000A9A4FF000615163D8
:10C400008DF82F007BE00398000A48F65931C0F2FE
:10C410004F11A0FB0110000908900A9800680499C8
:10C42000059A069BDDF81CC0089CEE46CEF8044039
:10C43000CEF800C005F04CF80A98006805F074F8D2
:10C44000089838B1FFE7039808994900B0FBF1F06C
:10C450000390FFE7039858B1FFE7039942F21010E9
:10C46000C0F20100B0FBF1F00130F9F785F8FFE709
:10C470000A9805F069FA0990099860B1FFE70A99EE
:10C48000012081F83000099B0A9A516B19435163CE
:10C490008DF82F0033E00A9805F096F90990099875
:10C4A00060B1FFE70A99012081F83000099B0A9AE0
:10C4B000516B194351638DF82F0020E00A980068F2
:10C4C0004FF4007104F0DCFA0990099898B1FFE785
:10C4D0000A98016840F6FF70C1F6E0708863099A17
:10C4E0000A99486B104348630A99012081F830008B
:10C4F0008DF82F0003E000208DF82F00FFE79DF856
:10C500002F000CB010BD000080B5BEB03D900020E3
:10C510003C903B903A903990389008A8C021F3F7AE
:10C52000D5FF3D98006842F20041C4F602018842FE
:10C5300071D1FFE7002109914FF480300890022269
:10C540000A920C230B930C920D920E92C0220F9222
:10C550002022109211911C9008A8FCF775FC18B1CC
:10C56000FFE7F5F715F8FFE7FFE744F2DC40C5F613
:10C570000200016841F400710160006800F400707D
:10C5800007900798FFE7FFE744F2E040C5F6020096
:10C59000016841F002010160006800F002000690AD
:10C5A0000698FFE7FFE744F2E040C5F602000168A5
:10C5B00041F008010160006800F00800059005984E
:10C5C000FFE74CF2180038900220019039900020CB
:10C5D00002903A90032003903B9009203C9040F257
:10C5E0000040C5F6020038A90491F9F7EDFA019B65
:10C5F000029A039804994FF0C00CCDF8E0C039932B
:10C600003A923B900B203C9040F60040C5F6020069
:10C61000F9F7DAFAFFE73EB080BD00000000000045
:10C6200080B592B0DDF850C010900F910E920D932E
:10C63000F9F7E6FC05900E9801900F9800900F987E
:10C6400048B9FFE71099486B40F00060486301204B
:10C650008DF8470084E1109890F83000012840F0F0
:10C660007681FFE710990020486301980D990844EE
:10C670001099096D884209D9FFE71099486B40F07D
:10C680000070486301208DF8470069E1109903208C
:10C6900081F83000109801680020C8621098806B03
:10C6A000012804D0FFE7019840020190FFE74FF016
:10C6B000FF3007900D9840020890902009900220CA
:10C6C0000A9000200B900C901098006807A904F0C5
:10C6D000DBFB10980168C86840F04000C8600D9806
:10C6E00002280AD3FFE710990220C8621098006858
:10C6F000019904F039FA069009E010990120C86206
:10C7000010980068019904F04FFA0690FFE7069828
:10C71000B0B1FFE71098016840F6FF70C1F6E07015
:10C720008863069A1099486B10434863109901205A
:10C7300081F83000109A0021D1628DF847000FE196
:10C7400008980290FFE710980068406B10F4957FFE
:10C750005ED1FFE710980068406B0004002834D5D4
:10C76000FFE70298202830D3FFE700200490FFE77E
:10C770000498072825D8FFE71098006804F0E0FE29
:10C780000390039800990870009801300090039876
:10C79000000A00990870009801300090BDF80E0062
:10C7A000009908700098013000909DF80F000099E2
:10C7B0000870009801300090FFE704980130049061
:10C7C000D6E7029820380290FFE7F9F719FC05999F
:10C7D000401A1499884203D2FFE71498B8B9FFE7CA
:10C7E0001098016840F6FF70C1F6E07088631099F8
:10C7F000486B40F0004048631099012081F83000F8
:10C8000010990020C86203208DF84700A8E09AE73D
:10C8100010980168C86820F04000C860109800684F
:10C82000406BC005002829D5FFE70D98022825D3C5
:10C83000FFE71098806B03281FD0FFE7109800686F
:10C8400004F0AAFA06900698B0B1FFE710980168C4
:10C8500040F6FF70C1F6E0708863069A1099486B45
:10C86000104348631099012081F83000109A00218C
:10C87000D1628DF8470073E0FFE7FFE7109800688A
:10C88000406B0007002816D5FFE71098016840F6B6
:10C89000FF70C1F6E07088631099486B40F00800A3
:10C8A00048631099012081F83000109A0021D1626C
:10C8B0008DF8470054E010980068406B800700280E
:10C8C00016D5FFE71098016840F6FF70C1F6E070DA
:10C8D00088631099486B40F002004863109901206A
:10C8E00081F83000109A0021D1628DF8470037E0BE
:10C8F00010980068406B8006002816D5FFE7109856
:10C90000016840F6FF70C1F6E07088631099486BCB
:10C9100040F0200048631099012081F83000109AFF
:10C920000021D1628DF847001AE0FFE7FFE7FFE73B
:10C930001098016840F63A70C1F6000088631099BB
:10C94000012081F8300000208DF8470008E01099A0
:10C95000486B40F00050486301208DF84700FFE726
:10C960009DF8470012B080BD80B592B0DDF850C090
:10C9700010900F910E920D93F9F742FB05900E98CF
:10C9800001900F9800900F9848B9FFE71099486BF5
:10C9900040F00060486301208DF8470089E110985D
:10C9A00090F83000012840F07B81FFE710990020CB
:10C9B000486301980D9908441099096D884209D976
:10C9C000FFE71099486B40F00070486301208DF834
:10C9D00047006EE11099032081F83000109801683B
:10C9E0000020C8621098806B012804D0FFE70198EE
:10C9F00040020190FFE74FF0FF3007900D98400292
:10CA000008909020099000200A900B900C901098AC
:10CA1000006807A904F038FA10980168C86840F067
:10CA20004000C8600D9802280AD3FFE71099202023
:10CA3000C86210980068019904F0E6F9069009E0D0
:10CA400010991020C86210980068019904F0FCF950
:10CA50000690FFE70698B0B1FFE71098016840F62E
:10CA6000FF70C1F6E0708863069A1099486B104316
:10CA700048631099012081F83000109A0021D1629A
:10CA80008DF8470015E108980290FFE710980068BC
:10CA9000406B10F48D7F64D1FFE710980068406B05
:10CAA000400400283AD5FFE70298202836D3FFE754
:10CAB00000200490FFE7049807282BD8FFE7009890
:10CAC0000078039000980130009000980178039856
:10CAD00040EA01200390009801300090009801780E
:10CAE000039840EA014003900098013000900098BC
:10CAF0000178039840EA01600390009801300090AB
:10CB00001098006803A904F047FDFFE7049801307E
:10CB10000490D0E7029820380290FFE7F9F770FA06
:10CB20000599401A1499884203D2FFE71498B8B9BE
:10CB3000FFE71098016840F6FF70C1F6E070886367
:10CB4000069A1099486B104348631099012081F8A8
:10CB5000300010990020C86203208DF84700A8E03B
:10CB600094E710980168C86820F04000C8601098E9
:10CB70000068406BC005002829D5FFE70D98022802
:10CB800025D3FFE71098806B03281FD0FFE710988C
:10CB9000006804F001F906900698B0B1FFE710981C
:10CBA000016840F6FF70C1F6E0708863069A10993C
:10CBB000486B104348631099012081F83000109AA7
:10CBC0000021D1628DF8470073E0FFE7FFE710987E
:10CBD0000068406B0007002816D5FFE71098016831
:10CBE00040F6FF70C1F6E07088631099486B40F022
:10CBF000080048631099012081F83000109A002144
:10CC0000D1628DF8470054E010980068406B8007AF
:10CC1000002816D5FFE71098016840F6FF70C1F6AE
:10CC2000E07088631099486B40F0020048631099E7
:10CC3000012081F83000109A0021D1628DF8470060
:10CC400037E010980068406BC006002816D5FFE753
:10CC50001098016840F6FF70C1F6E0708863109983
:10CC6000486B40F0100048631099012081F83000B3
:10CC7000109A0021D1628DF847001AE0FFE7FFE724
:10CC8000FFE71098016840F63A70C1F6000088632B
:10CC90001099012081F8300000208DF8470008E04D
:10CCA0001099486B40F00050486301208DF8470010
:10CCB000FFE79DF8470012B080BD000000000000B3
:10CCC00081B0009001B0704780B588B00790079898
:10CCD000006800690690079800684069059006980A
:10CCE0000599084004900798006880680390002028
:10CCF0000290079890F881008DF807000798006867
:10CD0000303000909DF815000007002810D5FFE78F
:10CD10009DF81800000700280AD5FFE7079801686A
:10CD2000886940F400608861079800F009FC91E18F
:10CD30009DF810004006002815D4FFE79DF810006C
:10CD4000800600280FD4FFE79DF810004007002858
:10CD500009D5FFE70798416F88470798016F884713
:10CD600001200290FFE79DF810004006002811D432
:10CD7000FFE79DF81000C00760B1FFE79DF81000C5
:10CD80004007002806D4FFE70798016F8847012075
:10CD90000290FFE79DF810008006002812D4FFE7FC
:10CDA0009DF81000800700280CD5FFE79DF81000C3
:10CDB0004007002806D4FFE70798416F8847012005
:10CDC0000290FFE7029808B1FFE743E19DF81000E9
:10CDD0000007002840F18980FFE70798016888690B
:10CDE00040F00800886107980168886940F01000E9
:10CDF000886107980168886940F400608861079835
:10CE00000168086920F008000861079800688068D8
:10CE100010F4404F3AD1FFE7FFE70798B0F86A00F7
:10CE200098B3FFE70798C06810280BD3FFE707986F
:10CE30000068006B0799496E08600799486E0430D6
:10CE400048661BE00798C06808280AD3FFE70098E7
:10CE500000880799496E08800799486E0230486635
:10CE60000BE00798006890F830000799496E087049
:10CE70000799486E01304866FFE7FFE70799B1F868
:10CE80006A000138A1F86A00C7E7FFE7079805F0D4
:10CE900057F80799012081F881000798D0F884009D
:10CEA00020B1FFE70798FFF70BFFD3E09DF80700DD
:10CEB000052804D1FFE7079800F046FD14E09DF82F
:10CEC0000700042804D1FFE7079800F035FB0AE0CB
:10CED0009DF80700032804D1FFE7079800F028FD1C
:10CEE00000E0FFE7FFE7FFE7B4E0BDF8100010F453
:10CEF000587F00F0AF80FFE79DF810004006002843
:10CF00000ED5FFE70799D1F8840040F00400C1F87E
:10CF1000840007980168886940F040008861FFE755
:10CF20009DF81100800700280ED5FFE70799D1F87A
:10CF3000840040F00100C1F8840007980168886906
:10CF400040F400708861FFE79DF81100C00770B1E0
:10CF5000FFE70799D1F8840040F00800C1F8840089
:10CF600007980168886940F480708861FFE79DF840
:10CF70001000800600280ED5FFE70799D1F884003D
:10CF800040F08000C1F8840007980168886940F08B
:10CF900020008861FFE70798D0F88400002858D067
:10CFA000FFE707980168086820F00100086007980B
:10CFB0000168086940F26B3290430861039800F4FD
:10CFC0004040B0F5404F3BD1FFE7079801688868C3
:10CFD00020F4404088600798C06FB0B1FFE7079821
:10CFE000C16F42F25900C0F6010008650798C06F92
:10CFF000F5F752FE40B1FFE70799D1F8840040F001
:10D000004000C1F88400FFE7FFE70798806FB0B1E8
:10D01000FFE70798816F42F25900C0F601000865EA
:10D020000798806FF5F738FE40B1FFE70799D1F810
:10D03000840040F04000C1F88400FFE7FFE707E00C
:10D040000799012081F881000798FFF739FEFFE773
:10D05000FFE7FFE708B080BD80B586B00490049874
:10D0600020B9FFE701208DF817003AE10498406AE3
:10D0700008B9FFE7FFE70499002088620498006878
:10D0800043F20001C4F2010188421BD0FFE704987B
:10D09000006843F60001C4F20001884212D0FFE7A5
:10D0A0000498006843F60041C4F20001884209D0A8
:10D0B000FFE70498C068102804D3FFE701208DF82B
:10D0C00017000EE1049804F0DFFF02900498006856
:10D0D00043F20001C4F20101884216D0FFE7049830
:10D0E000006843F60001C4F2000188420DD0FFE75A
:10D0F0000498006843F60041C4F20001884204D05D
:10D10000FFE7029808281FD8FFE70498006843F259
:10D110000001C4F20101884212D0FFE704980068C0
:10D1200043F60001C4F20001884209D0FFE70498E9
:10D13000006843F60041C4F20001884208D1FFE7CD
:10D140000298112804D3FFE701208DF81700C8E0EA
:10D15000049890F8810040B9FFE70499002081F815
:10D160008000049800F0C4F8FFE70499022081F8D9
:10D17000810004980168086820F0010008600498A4
:10D180000068806800F4F810039004988069B0F19A
:10D19000806F1BD1FFE704984068B0F5800F04D181
:10D1A000FFE70498806B50B1FFE70498406868B9C6
:10D1B000FFE70498806BB0F1805F07D1FFE7049828
:10D1C0000168086840F480500860FFE7049880799F
:10D1D0004006002810D5FFE70498C06807280BD345
:10D1E000FFE704980068006820F48070049A1168D2
:10D1F000126D1043086006E004980168086820F486
:10D2000080700860FFE7049B1968DA68D869D3F872
:10D2100028C040EA0C00DDF80CC040EA0C00DB6BD3
:10D22000184310438860049A0192506B516A084376
:10D23000916B0843916908431168D2F804C0936860
:10D24000D2F810E040EA0E00D2F814E040EA0E00F6
:10D25000D2F820E040EA0E0040EA0C00D2F84CC0C0
:10D2600040EA0C001843936C1843926D1043C86059
:10D270000498406898B9FFE7049800688068012125
:10D2800061F3CC200499096888600498006880687C
:10D29000022161F34A20049909688860FFE7049835
:10D2A0000168086D20F00100086504988079400647
:10D2B00000280BD5FFE704980068C06820F0004004
:10D2C000049A1168526D1043C860FFE7049900206A
:10D2D000C1F88400049A012182F881108DF81700AA
:10D2E000FFE79DF8170006B080BD000000000000B9
:10D2F00080B5C4B0439000204290419040903F9050
:10D300003E900EA8C021F3F7E1F84398006843F679
:10D310000001C4F20001884262D1FFE700200F90B3
:10D320004FF480510E9126900EA8FBF78DFD18B199
:10D33000FFE7F4F72DF9FFE7FFE744F2E840C5F611
:10D340000200016841F480410160006800F48040FF
:10D350000D900D98FFE7FFE744F2E040C5F60200AC
:10D36000016841F004010160006800F004000C90C5
:10D370000C98FFE7FFE744F2E040C5F602000168C1
:10D3800041F002010160006800F002000B900B9870
:10D39000FFE706203E90022003903F90002004907B
:10D3A0004090419005200590429040F60000C5F65F
:10D3B00002003EA90691F8F707FC039B049A059822
:10D3C00006994FF4806CCDF8F8C03F93409241929B
:10D3D000429040F20040C5F60200F8F7F5FBA9E0E4
:10D3E0004398006845F20001C4F2010188423ED131
:10D3F000FFE700200F904FF400510E9127900EA8E8
:10D40000FBF722FD18B1FFE7F4F7C2F8FFE7FFE7EB
:10D4100044F2F040C5F60200016841F48011016059
:10D42000006800F480100A900A98FFE7FFE744F2D2
:10D43000E040C5F60200016841F02001016000688B
:10D4400000F0200009900998FFE74FF460703E90CB
:10D4500002203F900020409041900520429041F2F0
:10D460000040C5F602003EA9F8F7AEFB61E0439824
:10D47000006841F20041C5F60001884258D1FFE73B
:10D4800000200F904FF480410E913A900EA8FBF7C8
:10D49000DBFC18B1FFE7F4F77BF8FFE7FFE744F2A6
:10D4A000F440C5F60200016841F020010160006807
:10D4B00000F0200008900898FFE7FFE744F2E04002
:10D4C000C5F60200016841F040010160006800F00B
:10D4D000400007900798FFE74FF4E0403E9002209D
:10D4E0003F9000200190409041900520429041F6ED
:10D4F0000000C5F602003EA9F8F766FB019A562027
:10D5000002900321F9F700F80298F8F7F1FF45F2CD
:10D510000841C5F60201086840F00F00086045F2B6
:10D520001C41C5F60201086840F00F000860FFE7E3
:10D53000FFE7FFE744B080BD81B0009001B07047C5
:10D5400081B0009001B0704780B588B00690059119
:10D55000ADF8122003930698006820300290F8F787
:10D560004FFD0190069890F88100012804D0FFE754
:10D5700002208DF81F00D5E1059820B1FFE7BDF826
:10D58000120020B9FFE701208DF81F00CAE1FFE774
:10D59000069890F88000012804D1FFE702208DF85A
:10D5A0001F00BFE10699012081F88000FFE7FFE737
:10D5B0000699032081F8810006990020C1F88400B3
:10D5C0000599069AD165BDF81210069AA2F8601066
:10D5D000BDF81210069AA2F86210069948660699DC
:10D5E000A1F868000699A1F86A00069948670699AB
:10D5F000086706988068B0F5C02F07D1FFE7069846
:10D600000168086840F40060086009E00698006856
:10D61000C068012161F3524006990968C860FFE7BC
:10D620000698006840684FF6FF718843BDF81210F5
:10D63000084406990968486006980168086840F03F
:10D640000100086006984068B0F5800F07D1FFE739
:10D6500006980168086840F400700860FFE70698C3
:10D66000C068102848D3FFE7FFE70698B0F86200CB
:10D67000002840D0FFE7069800684069800700282E
:10D6800010D5FFE706980168C06D0068086206992A
:10D69000C86D0430C8650699B1F862000138A1F878
:10D6A000620027E0F8F7ACFC0199401A0399884220
:10D6B00004D3FFE70398013018B9FFE70398C0B916
:10D6C000FFE7069804F03CFC0699D1F8840040F48A
:10D6D0008070C1F884000699012081F88100FFE77D
:10D6E0000699002081F88000FFE703208DF81F00D5
:10D6F00018E1FFE7B9E7E8E00698C068082863D3B7
:10D70000FFE7FFE70698B0F8620000285BD0FFE76C
:10D71000069800684069800700282BD5FFE7069827
:10D72000B0F86200022814D3FFE70698C06B80B1FE
:10D73000FFE706980168C06D006808620699C86D29
:10D740000430C8650699B1F862000238A1F8620099
:10D750000FE00698C06D0088029908800699C86D90
:10D760000230C8650699B1F862000138A1F862007C
:10D77000FFE727E0F8F744FC0199401A0399884233
:10D7800004D3FFE70398013018B9FFE70398C0B945
:10D79000FFE7069804F0D4FB0699D1F8840040F422
:10D7A0008070C1F884000699012081F88100FFE7AC
:10D7B0000699002081F88000FFE703208DF81F0004
:10D7C000B0E0FFE79EE77FE0FFE70698B0F8620071
:10D7D000002878D0FFE70698006840698007002895
:10D7E00048D5FFE70698B0F86200042815D3FFE794
:10D7F0000698C06B412810D3FFE706980168C06DFA
:10D80000006808620699C86D0430C8650699B1F8C9
:10D8100062000438A1F862002BE00698B0F86200BC
:10D82000022814D3FFE70698C06B80B1FFE7069883
:10D83000C06D0088029908800699C86D0230C865DD
:10D840000699B1F862000238A1F8620010E006986B
:10D850000168C06D007881F820000699C86D01301C
:10D86000C8650699B1F862000138A1F86200FFE7C7
:10D87000FFE727E0F8F7C4FB0199401A03998842B3
:10D8800004D3FFE70398013018B9FFE70398C0B944
:10D89000FFE7069804F054FB0699D1F8840040F4A1
:10D8A0008070C1F884000699012081F88100FFE7AB
:10D8B0000699002081F88000FFE703208DF81F0003
:10D8C00030E0FFE781E7FFE7FFE70698039B019958
:10D8D0006A4611600821002204F0EEFB40B1FFE728
:10D8E0000699D1F8840040F02000C1F88400FFE7D9
:10D8F000069804F025FB0699012081F88100FFE7D6
:10D900000699002081F88000FFE70698D0F884008F
:10D9100020B1FFE701208DF81F0003E000208DF803
:10D920001F00FFE79DF81F0008B080BD0000000049
:10D9300081B0009044F21071C2F2004101200870E1
:10D9400001B070470000000081B0009001B0704746
:10D9500080B582B00190019804F002FC02B080BD55
:10D9600081B0009001B0704781B0009001B0704765
:10D9700081B0009001B0704785B003900291FFE73D
:10D98000039890F83C00012804D1FFE702208DF8AD
:10D99000130099E00399012081F83C00FFE7FFE7BD
:10D9A0000399022081F83D000398006840680190C7
:10D9B0000398006880680090039800680021C4F212
:10D9C0000101884209D0FFE70398006840F2004156
:10D9D000C4F2010188420AD1FFE7019820F47000E7
:10D9E000019002984168019808430190FFE701986F
:10D9F00020F070000190029801680198084301909E
:10DA00000198039909684860039800680021C4F2EE
:10DA1000010188423CD0FFE703980068B0F1804FD5
:10DA200036D0FFE70398006840F20041C4F20001DD
:10DA300088422DD0FFE70398006840F60001C4F249
:10DA40000001884224D0FFE70398006840F60041B7
:10DA5000C4F2000188421BD0FFE70398006840F23F
:10DA60000041C4F20101884212D0FFE70398006828
:10DA700041F60001C4F20001884209D0FFE7039893
:10DA8000006844F20001C4F2010188420ED1FFE7B0
:10DA9000009820F080000090029881680098084368
:10DAA00000900098039909688860FFE703990120B6
:10DAB00081F83D00FFE70399002081F83C00FFE773
:10DAC00000208DF81300FFE79DF8130005B07047A4
:10DAD00080B582B00090009820B9FFE701208DF852
:10DAE000070045E0009890F83D0040B9FFE7009935
:10DAF000002081F83C00009800F03EF8FFE7009914
:10DB0000022081F83D00009951F8040B04F0CCFC90
:10DB10000099012081F84800FFE70099012081F871
:10DB20003E00009981F83F00009981F8400000997B
:10DB300081F84100009981F84200009981F8430082
:10DB4000FFE7FFE70099012081F84400009981F880
:10DB50004500009981F84600009981F84700FFE7E9
:10DB60000099012081F83D0000208DF80700FFE7B3
:10DB70009DF8070002B080BD80B584B00390039883
:10DB8000006840F20041C4F20001884219D1FFE769
:10DB9000FFE744F2E840C5F60200016841F00201E7
:10DBA0000160006800F0020002900298FFE71D206B
:10DBB000009004210022F8F7A7FC0098F8F798FCE1
:10DBC00019E00398006841F20001C4F200018842A4
:10DBD00010D1FFE7FFE744F2E840C5F60200016814
:10DBE00041F010010160006800F010000190019800
:10DBF000FFE7FFE7FFE704B080BD00000000000082
:10DC000083B00190019890F83D00012804D0FFE70F
:10DC100001208DF80B0071E00199022081F83D0090
:10DC200001980168C86840F00100C8600198006868
:10DC30000021C4F2010188423CD0FFE7019800684E
:10DC4000B0F1804F36D0FFE70198006840F2004104
:10DC5000C4F2000188422DD0FFE70198006840F629
:10DC60000001C4F20001884224D0FFE70198006857
:10DC700040F60041C4F2000188421BD0FFE7019842
:10DC8000006840F20041C4F20101884212D0FFE76F
:10DC90000198006841F60001C4F20001884209D0F1
:10DCA000FFE70198006844F20001C4F201018842D4
:10DCB00019D1FFE70198006880680721C0F20101CF
:10DCC00008400090009806280CD0FFE70098B0F5B7
:10DCD000803F07D0FFE701980168086840F0010025
:10DCE0000860FFE706E001980168086840F001005D
:10DCF0000860FFE700208DF80B00FFE79DF80B00A0
:10DD000003B070470000000080B586B00490039116
:10DD100000208DF80B00FFE7049890F83C000128E4
:10DD200004D1FFE702208DF81700D1E0049901200B
:10DD300081F83C00FFE7FFE70499022081F83D00ED
:10DD4000049800688068019001984FF68871CFF6BA
:10DD5000CE7108400190019820F47F400190019815
:10DD6000049909688860039800680090002800F012
:10DD70009580FFE70098102800F09080FFE700985A
:10DD8000202800F08B80FFE70098302800F0868084
:10DD9000FFE70098402874D0FFE70098502856D03D
:10DDA000FFE7009860285FD0FFE7009870282AD02E
:10DDB000FFE70098B0F5805F24D0FFE70098B0F54A
:10DDC000005F35D0FFE70098B0F5801F66D0FFE711
:10DDD0000098B0F1101F61D0FFE700982021C0F239
:10DDE000100188425AD0FFE700983021C0F210019C
:10DDF000884253D0FFE700984021C0F210018842CA
:10DE00004CD052E055E004980068039B5A6899682A
:10DE1000DB6804F021FC0498006880680190019898
:10DE200040F077000190019804990968886040E00B
:10DE300004980068039B5A689968DB6804F00CFC3E
:10DE400004980168886840F48040886031E0049854
:10DE50000068039A5168D26804F032FC04980068A4
:10DE6000502104F015FC24E004980068039A5168DE
:10DE7000D26804F04DFC04980068602104F008FCAE
:10DE800017E004980068039A5168D26804F018FCFF
:10DE900004980068402104F0FBFB0AE00498006845
:10DEA0000399096804F0F4FB03E001208DF80B00EE
:10DEB000FFE70499012081F83D00FFE70499002065
:10DEC00081F83C00FFE79DF80B008DF81700FFE795
:10DED0009DF8170006B080BD81B0009001B070477A
:10DEE00080B584B0039003980068C06802900398DE
:10DEF0000068006901909DF804008007002824D57F
:10DF0000FFE79DF80800800700281DD5FFE703986C
:10DF100001686FF0020008610399012008770398F7
:10DF200000688069800720B1FFE70398FFF7D4FFFE
:10DF300006E0039800F0FCF8039800F0FDF8FFE716
:10DF4000039900200877FFE7FFE79DF804004007EA
:10DF5000002825D5FFE79DF80800400700281ED5BA
:10DF6000FFE7039801686FF004000861039902203D
:10DF7000087703980068806910F4407F04D0FFE7B9
:10DF80000398FFF7A9FF06E0039800F0D1F8039883
:10DF900000F0D2F8FFE7039900200877FFE7FFE7DA
:10DFA0009DF804000007002824D5FFE79DF808002D
:10DFB000000700281DD5FFE7039801686FF00800EF
:10DFC000086103990420087703980068C0698007F6
:10DFD00020B1FFE70398FFF77FFF06E0039800F00A
:10DFE000A7F8039800F0A8F8FFE703990020087746
:10DFF000FFE7FFE79DF80400C006002825D5FFE7EE
:10E000009DF80800C00600281ED5FFE703980168A8
:10E010006FF01000086103990820087703980068E2
:10E02000C06910F4407F04D0FFE70398FFF754FF66
:10E0300006E0039800F07CF8039800F07DF8FFE715
:10E04000039900200877FFE7FFE79DF80400C00769
:10E0500078B1FFE79DF80800C00748B1FFE70398D3
:10E0600001686FF001000861039800F069F8FFE7AC
:10E07000FFE7019800F08000802806D0FFE79DF8B8
:10E0800005008006002810D5FFE79DF8080000066F
:10E09000002809D5FFE7039801686FF40250086172
:10E0A0000398FFF761FCFFE7FFE79DF80500C00755
:10E0B00080B1FFE79DF808000006002809D5FFE7BA
:10E0C000039801686FF4807008610398FFF748FCBB
:10E0D000FFE7FFE79DF804004006002810D5FFE7A2
:10E0E0009DF808004006002809D5FFE7039801685D
:10E0F0006FF040000861039800F03EF8FFE7FFE78B
:10E100009DF804008006002810D5FFE79DF8080060
:10E110008006002809D5FFE7039801686FF020000A
:10E1200008610398FFF724FCFFE7FFE704B080BD18
:10E1300081B0009001B0704781B0009001B070478D
:10E1400081B00090009844F2F831C2F20041884258
:10E150000FD1FFE744F2F830C2F2004001686FF0DF
:10E160000100086144F21371C2F2004101200870FD
:10E17000FFE701B07047000081B0009001B0704728
:10E1800083B00190FFE7019890F88400012804D142
:10E19000FFE702208DF80B002CE00199012081F8A7
:10E1A0008400FFE7FFE701992420C1F88800019867
:10E1B00000680068009001980168086820F001007C
:10E1C0000860009820F000500090019900204866F7
:10E1D000009801990968086001992020C1F8880019
:10E1E000FFE70199002081F88400FFE700208DF807
:10E1F0000B00FFE79DF80B0003B070470000000024
:10E2000080B584B002900191FFE7029890F88400F5
:10E21000012804D1FFE702208DF80F0032E00299B7
:10E22000012081F88400FFE7FFE702992420C1F86C
:10E2300088000298006800680090029801680868E9
:10E2400020F00100086002980068806820F060609B
:10E2500001990843029909688860029804F084FAD9
:10E26000009802990968086002992020C1F8880086
:10E27000FFE70299002081F88400FFE700208DF875
:10E280000F00FFE79DF80F0004B080BD0000000004
:10E2900080B584B002900191FFE7029890F8840065
:10E2A000012804D1FFE702208DF80F0032E0029927
:10E2B000012081F88400FFE7FFE702992420C1F8DC
:10E2C0008800029800680068009002980168086859
:10E2D00020F00100086002980068806820F060402B
:10E2E00001990843029909688860029804F03CFA91
:10E2F000009802990968086002992020C1F88800F6
:10E30000FFE70299002081F88400FFE700208DF8E4
:10E310000F00FFE79DF80F0004B080BD0000000073
:10E3200080B582B00090009820B9FFE701208DF8F9
:10E33000070046E00098806908B1FFE700E0FFE7CA
:10E340000098D0F8880040B9FFE70099002081F8D4
:10E350008400009800F03CF8FFE700992420C1F801
:10E36000880000980168086820F0010008600098A3
:10E37000806A20B1FFE7009804F03AFAFFE70098BE
:10E3800004F0CEFB012804D1FFE701208DF807003F
:10E3900017E000980168486820F4904048600098B1
:10E3A0000168886820F02A00886000980168086881
:10E3B00040F001000860009804F0BEFA8DF80700F4
:10E3C000FFE79DF8070002B080BD000000000000DC
:10E3D00080B5BAB03990002038903790369035909B
:10E3E000349004A8C021F2F771F83998006844F617
:10E3F0000041C4F2000188423BD1FFE700200590B4
:10E4000002210491229004A8FAF71EFD18B1FFE73B
:10E41000F3F7BEF8FFE7FFE744F2E840C5F6020075
:10E42000016841F400210160006800F400200390BD
:10E430000398FFE7FFE744F2E040C5F602000168F9
:10E4400041F001010160006800F0010002900298B3
:10E45000FFE703203490022035900020369037905B
:10E46000082038900020C5F6020034A9F7F7ACFB6D
:10E4700046E03998006845F20001C4F20001884284
:10E480003DD1FFE70020059002210491229004A8CD
:10E49000FAF7DAFC18B1FFE7F3F77AF8FFE7FFE7DE
:10E4A00044F2E840C5F60200016841F480110160C1
:10E4B000006800F4801001900198FFE7FFE744F244
:10E4C000E040C5F60200016841F002010160006809
:10E4D00000F0020000900098FFE74FF440503490A5
:10E4E000022035900020369037900E20389040F270
:10E4F0000040C5F6020034A9F7F766FBFFE7FFE727
:10E500003AB080BD00000000FFE7FEE70000000019
:10E5100083B0029001918DF8032000208DF8020055
:10E520008DF80200FFE79DF802009DF80310884275
:10E5300029DAFFE70298000F092809D8FFE70298B7
:10E54000000F303001999DF8022001F8120009E017
:10E550000299372000EB117001999DF8022001F813
:10E560001200FFE702980001029001989DF8021046
:10E5700000EB410100204870FFE79DF802000130E8
:10E580008DF80200CFE703B07047000000000000E4
:10E5900080B582B0ADF80600ADF80410ADF80220E9
:10E5A000ADF800302A2000F0DFFBBDF8060000F0D7
:10E5B000B3FBBDF8020000F0AFFB2B2000F0D4FB52
:10E5C000BDF80400233080B200F0A6FBBDF80000C7
:10E5D000233080B200F0A0FB2C2000F0C5FB02B07D
:10E5E00080BD00000000000080B582B0ADF80600DC
:10E5F000ADF80410ADF80220BDF80620BDF80430D7
:10E6000010461946FFF7C4FFBDF8020000F084FB76
:10E6100002B080BD0000000080B584B0844606983A
:10E62000ADF80EC0ADF80C10ADF80A20ADF808300A
:10E63000ADF80600BDF80E00BDF80C10BDF80A20BC
:10E64000013ABDF80830013B92B29BB2FFF7A0FF40
:10E65000BDF80C00ADF80400FFE7BDF80400BDF8FC
:10E66000081088421EDAFFE7BDF80E00ADF8020080
:10E67000FFE7BDF80200BDF80A1088420BDAFFE799
:10E68000BDF8060000F048FBFFE7BDF802000130CE
:10E69000ADF80200EDE7FFE7BDF804000130ADF88A
:10E6A0000400DAE704B080BD80B590B040F6000009
:10E6B000C5F6020000904FF4004101910022029241
:10E6C000F7F77EFCC820F6F757FF00980199012262
:10E6D0000492F7F775FC6420F6F74EFF11200990BD
:10E6E00000F042FB7820F6F747FF362000F03CFBB5
:10E6F000702000F021FB3A2000F036FB052000F0EE
:10E700001BFBB22000F030FB0C20089000F014FB43
:10E71000089800F011FB029800F00EFB33200390E4
:10E7200000F00AFB039800F007FBB72000F01CFB89
:10E73000722000F001FBBB2000F016FB3D2000F032
:10E74000FBFAC02000F010FB2C200B9000F0F4FA34
:10E75000C22000F009FB049800F0EEFAFF2000F060
:10E76000EBFAC32000F000FB192000F0E5FAC4200A
:10E7700000F0FAFA20200E9000F0DEFAC62000F039
:10E78000F3FA0F2000F0D8FAD020069000F0ECFA4F
:10E79000A42000F0D1FAA12000F0CEFAE02000F091
:10E7A000E3FA069800F0C8FA0420079000F0C4FAD3
:10E7B0000D20059000F0C0FA099800F0BDFA132072
:10E7C0000A9000F0B9FA2B2000F0B6FA3F200C9026
:10E7D00000F0B2FA542000F0AFFA4C2000F0ACFA8E
:10E7E000182000F0A9FA059800F0A6FA0B2000F016
:10E7F000A3FA1F200D9000F09FFA23200F9000F045
:10E800009BFAE12000F0B0FA069800F095FA07981C
:10E8100000F092FA089800F08FFA099800F08CFA4C
:10E820000A9800F089FA0B9800F086FA0C9800F02C
:10E8300083FA442000F080FA512000F07DFA2F2066
:10E8400000F07AFA0D9800F077FA0D9800F074FA5B
:10E850000E9800F071FA0F9800F06EFA212000F087
:10E8600083FA292000F080FA10B080BD000000007B
:10E87000B0B588B094468E4604460E980D990C9A11
:10E88000ADF81E40ADF81CE08DF81BC0ADF8183097
:10E89000ADF816208DF815108DF8140000200190A9
:10E8A0008DF81000BDF81E00ADF80A009DF81500A7
:10E8B00040088DF812009DF81220D008012101EBCC
:10E8C000D2015207002A18BF08469DF81510484388
:10E8D000ADF80C009DF81B0020388DF81B00BDF82A
:10E8E0001E00BDF81C109DF812200244013A9DF84C
:10E8F00015300B44013B92B29BB2FFF749FE0198E1
:10E90000ADF80E00FFE7BDF80E00BDF80C10884210
:10E9100080F2C180FFE79DF815000C2810D1FFE7B9
:10E920009DF81B0000EB40014AF67800C0F601009C
:10E9300000EB8100BDF80E10405C8DF813003EE046
:10E940009DF8150010280ED1FFE79DF81B104AF620
:10E95000EC40C0F6010000EB0110BDF80E10405C69
:10E960008DF813002AE09DF81500182810D1FFE754
:10E970009DF81B0000EB40014BF2DC20C0F60100CB
:10E9800000EB0110BDF80E10405C8DF8130014E090
:10E990009DF8150020280ED1FFE79DF81B104CF2C2
:10E9A000AC40C0F6010000EB8110BDF80E10405CD9
:10E9B0008DF8130000E06EE0FFE7FFE7FFE70020BF
:10E9C0008DF81100FFE79DF8110007285CDCFFE7D8
:10E9D0009DF8140030BBFFE79DF813009DF811105F
:10E9E000C840C00728B1FFE7BDF8180000F094F94F
:10E9F00004E0BDF8160000F08FF9FFE79DF8100065
:10EA000001308DF810009DF810209DF81210B2FB17
:10EA1000F1F000FB112020B9FFE700208DF8100075
:10EA200032E02AE09DF813009DF81110C840C0079D
:10EA300048B1FFE7BDF81E00BDF81C10BDF8182056
:10EA4000FFF7D2FDFFE7BDF81E000130ADF81E0054
:10EA5000BDF81E00BDF80A10401A9DF81210884239
:10EA60000AD1FFE7BDF80A00ADF81E00BDF81C0092
:10EA70000130ADF81C0007E0FFE7FFE79DF811004B
:10EA800001308DF811009EE7FFE7BDF80E00013060
:10EA9000ADF80E0037E708B0B0BD00000000000080
:10EAA000B0B58AB094468E46044610980F990E9AD7
:10EAB000ADF82640ADF824E0ADF822C08DF8213045
:10EAC000ADF81E20ADF81C108DF81B0000208DF84D
:10EAD00018009DF81B1049088DF817108DF81A00C2
:10EAE000FFE79DF81A009DF82110884276DAFFE7CB
:10EAF000BDF8220004909DF821109DF81A00C04333
:10EB00000844C1B20A200AF0ABFA01460498B0FBEF
:10EB1000F1F04CF6CD41CCF6CC41A0FB0121C90867
:10EB200001EB8101A0EB41008DF819009DF8180060
:10EB300070BBFFE79DF81A009DF82110013988424B
:10EB400026DAFFE79DF81900E8B9FFE7BDF82620AF
:10EB50009DF81A009DF8171010FB0120BDF8241035
:10EB6000BDF81E30BDF81C209DF81BE0EC460024CB
:10EB7000CCF80840CCF804E0CCF8002080B2202289
:10EB8000FFF776FE24E001208DF81800FFE7FFE78D
:10EB9000BDF826209DF81A009DF8171010FB0120E3
:10EBA000BDF824109DF819203032BDF81E30BDF894
:10EBB0001CC09DF81B40EE460025CEF80850CEF84C
:10EBC0000440CEF800C080B2D2B2FFF751FEFFE79A
:10EBD0009DF81A0001308DF81A0082E70AB0B0BD26
:10EBE00080B58CB0DDF838C0ADF82E00ADF82C1033
:10EBF000ADF82A20ADF82830002007900890BDF825
:10EC00002E00BDF82C10BDF82A200244013ABDF8B0
:10EC100028300B44013B92B29BB2FFF7B9FC079836
:10EC2000ADF82600FFE7BDF826004EF2C711884276
:10EC300020DCFFE7BDF8260001304EF2C711884204
:10EC400011DCFFE70E98BDF82620805C4EF2002113
:10EC5000CCF200010A4450700E98BDF826201044F2
:10EC600040788854FFE7FFE7BDF826000230ADF892
:10EC70002600D8E740F60000C5F6020006904FF4E3
:10EC800000510122F7F79CF906984FF480410022C9
:10EC9000F7F796F944F27030C2F200404EF20021CC
:10ECA000CCF200014EF2C81242F21073FEF74CFC97
:10ECB00043F23461C2F2004108780130087044F236
:10ECC0001370C2F20040007801281CD1FFE743F224
:10ECD0003460C2F20040049002786B4620209860B5
:10ECE0000021059159604FF6FF701860B42003238E
:10ECF000FFF7D6FE04990598087044F21371C2F22A
:10ED000000410870FFE744F21471C2F20041012093
:10ED100008700CB080BD000080B582B0ADF8060070
:10ED20009DF8070000F008F89DF8060000F004F8D0
:10ED300002B080BD0000000080B582B08DF80700F1
:10ED400040F60000C5F602004FF400510122009287
:10ED5000F7F736F900990DF1070000F019F802B045
:10ED600080BD00000000000080B582B08DF8070073
:10ED700040F60000C5F602004FF400510022F7F7FC
:10ED80001FF90DF10700012100F002F802B080BD6B
:10ED900080B582B00190ADF8021040F60000C5F6D3
:10EDA00002004FF480410022F7F70AF90199BDF8FB
:10EDB000022044F27030C2F200404FF47A73FEF742
:10EDC000C3FB18B1FFE7F2F7E3FBFFE740F60000F3
:10EDD000C5F602004FF480410122F7F7F1F802B0C6
:10EDE00080BD00000000000080B582B043F6141022
:10EDF000C2F2004000900021C4F60201016000212F
:10EE00000191416020228260C160016141618161A4
:10EE10000822026241628162C1620163F2F740FF2F
:10EE200018B1FFE7F2F7B4FBFFE702B080BD0000C6
:10EE300080B584B0FFE744F2D840C5F6020001680F
:10EE400041F001010160006800F0010003900398A7
:10EE5000FFE743F6DC10C2F2004002902821C4F222
:10EE60000201016000214160802282604FF4007243
:10EE7000C2604FF4806202614FF4006242614FF45D
:10EE800000528261C1614FF4003202620422426288
:10EE900001228262C1620163F5F736FB18B1FFE718
:10EEA000F2F776FBFFE70B20019001210022F7F734
:10EEB0002BFB0198F7F71CFB04B080BD000000009D
:10EEC00080B582B04AF63C00C0F6010042F2FC1167
:10EED000C2F200410191F2F763FB019944F2117211
:10EEE000C2F20042107040F29810C2F200400122BB
:10EEF00008F0BEFE44F21271C2F20041087044F202
:10EF0000B011C2F20041886C496D4843000D43F2D4
:10EF10002461C2F20041088002B080BD0000000000
:10EF200080B582B043F65420C2F2004000904AF20D
:10EF30000001C4F200010160002201928260C260FF
:10EF400002744274827410214161012181610223A3
:10EF5000C361036241628162C16201634263826391
:10EF6000C2630264042141648264C1640265416534
:10EF70008265C265026642668166F6F721FB18B1BA
:10EF8000FFE7F2F705FBFFE702B080BD00000000DD
:10EF900080B58AB0002101910991089107910691ED
:10EFA00005910491039144F22C20C2F2004002909A
:10EFB00044F24012C5F200220260416001228260E8
:10EFC0000822C26010220261402242614FF4C072E6
:10EFD0008261C1614FF4006101624FF4805141626E
:10EFE0004FF400518162022103910622049204230E
:10EFF00005930692032207920891099103A9FCF751
:10F000003FFD18B1FFE7F2F7C3FAFFE70AB080BD92
:10F0100080B59EB000201D901C901B901A901990F6
:10F02000FFE744F2E040C5F60200016841F010013C
:10F030000160006800F0100018901898FFE7FFE7E3
:10F0400044F2E040C5F60200016841F480710160BD
:10F05000006800F4807017901798FFE7FFE744F20C
:10F06000E040C5F60200016841F00401016000685B
:10F0700000F0040016901698FFE7FFE744F2E04026
:10F08000C5F60200016841F020010160006800F04F
:10F09000200015901598FFE7FFE744F2E040C5F621
:10F0A0000200016841F080010160006800F080000A
:10F0B00014901498FFE7FFE744F2E040C5F6020021
:10F0C000016841F001010160006800F00100139047
:10F0D0001398FFE7FFE744F2E040C5F6020001683D
:10F0E00041F040010160006800F040001290129869
:10F0F000FFE7FFE744F2E040C5F60200016841F097
:10F1000002010160006800F0020011901198FFE711
:10F11000FFE744F2E040C5F60200016841F0080153
:10F120000160006800F0080010901098FFE742F2BC
:10F130000000C5F602000A904FF48071079100228A
:10F140000D92F6F73DFF0D9A40F60000C5F602005D
:10F1500001904EF2C0310091F6F732FF0D9A002077
:10F16000C5F6020008904FF4C1610291F6F728FF3E
:10F170000D9A41F60040C5F602000990C0210B919E
:10F18000F6F71EFF0D9A40F60040C5F60200049007
:10F190004FF400610391F6F713FF0D9A41F600005A
:10F1A000C5F60200069048210591F6F709FF0B9974
:10F1B0000D9A40F20040C5F602000E90F6F700FFEF
:10F1C000079A0A980D99199201220C921A921B9192
:10F1D0001C9119A90F91F6F7F7FCDDF800C0019812
:10F1E0000C9B0D9A0F99CDF864C01A931B921C9238
:10F1F000F6F7EAFCDDF808C008980C9B0D9A0F9909
:10F20000CDF864C01A931B921C92F6F7DDFC0998A6
:10F21000DDF82CC00C9B0D9A0F99CDF864C01A93A1
:10F220001B921C92F6F7D0FCDDF80CC004980C9BE6
:10F230000D9A0F99CDF864C01A931B921C92F6F7A1
:10F24000C3FCDDF814C006980C9B0D9A0F99CDF8FD
:10F2500064C01A931B921C92F6F7B6FC079B0898A1
:10F260000D9A0F99199302231A931B921C921D92C7
:10F27000F6F7AAFC09980D9A0F994FF400431993D9
:10F280001A921B92F6F7A0FC0A980D9A0F99032385
:10F2900019931A921B92F6F797FCDDF82CC00C9B81
:10F2A0000D9A0E980F99CDF864C01A931B921C9278
:10F2B000F6F78AFC1EB080BD80B582B043F6F4201C
:10F2C000C2F20040019045F60001C4F20001016065
:10F2D00047F2B151C3F27001416000218160012207
:10F2E000C260016141618161C1610162F6F730FF75
:10F2F00018B1FFE7F2F74CF9FFE743F6F420C2F24A
:10F3000000400021F6F784FE18B1FFE7F2F740F95C
:10F31000FFE743F6F420C2F200400021F6F7C4FEF6
:10F3200018B1FFE7F2F734F9FFE702B080BD000043
:10F3300080B582B043F64830C2F20040019041F6F9
:10F340000041C5F60001016047F2B151C3F27001FE
:10F350004160002181600122C260016141618161DF
:10F36000C1610162F6F7F4FE18B1FFE7F2F710F998
:10F37000FFE743F64830C2F200400021F6F748FEAE
:10F3800018B1FFE7F2F704F9FFE743F64830C2F29D
:10F3900000400021F6F788FE18B1FFE7F2F7F8F811
:10F3A000FFE702B080BD000080B584B044F2800069
:10F3B000C2F20040029045F60401C4F2010101606E
:10F3C000002103914164416040228264C16401656F
:10F3D000816041618161C1614EF60062C0F202024A
:10F3E0000262C160C1620163416380F8381001228A
:10F3F000C2634FF480730364082343658265C1656B
:10F40000016641668166C16602674167FBF7A4FF3A
:10F4100018B1FFE7F2F7BCF8FFE744F21810C2F2A8
:10F420000040009045F62401C4F201010160002172
:10F43000019141640322426040228264C1640165FB
:10F44000012282604161C161C160C16201634163A7
:10F4500080F83810C2634FF4807303640823436557
:10F460008265C165016641668166C1660267416762
:10F47000FBF772FF18B1FFE7F2F78AF8FFE704B075
:10F4800080BD00000000000044F2B011C2F2004153
:10F4900042F20040C4F60200086000204860886024
:10F4A0004FF48042CA604FF400320A6148617047ED
:10F4B00080B582B044F26020C2F20040009043F672
:10F4C0000001C4F2000101604FF48001416000219D
:10F4D000019181600322C260016141614FF080624D
:10F4E0008261C161016241628162C1624FF080420A
:10F4F00042638163C163016441648164C1640165E5
:10F5000041658165FDF7A8FD18B1FFE7F2F740F806
:10F51000FFE702B080BD000080B582B044F2E82071
:10F52000C2F20040009045F20001C4F20101016006
:10F530004FF4800141600021019181600322C2608B
:10F54000016141614FF080628261C161016241628B
:10F550008162C1624FF0804242638163C163016492
:10F5600041648164C164016541658165FDF774FD95
:10F5700018B1FFE7F2F70CF8FFE702B080BD00001A
:10F5800080B582B044F27030C2F20040009041F287
:10F590000041C5F6000101604FF480014160002187
:10F5A000019181600722C2604FF0007202614161E7
:10F5B0004FF0806282614FF08052C261016241620D
:10F5C0008162C1624FF0804242638163C163016422
:10F5D00041648164C164016541658165FDF73CFD5D
:10F5E00018B1FFE7F1F7D4FFFFE702B080BD0000DC
:10F5F00080B588B000210091079106910591049192
:10F6000003910291019144F2F830C2F2004040F2BD
:10F610000042C4F20002026042F210724260816055
:10F6200045F6C052C260016180218161FEF750FA47
:10F6300018B1FFE7F1F7ACFFFFE74FF480500490FB
:10F6400044F2F830C2F2004004A9FEF75DFB18B1A5
:10F65000FFE7F1F79DFFFFE700200190039044F2E0
:10F66000F830C2F2004001A9FEF786F918B1FFE7B1
:10F67000F1F78EFFFFE708B080BD0000000000003A
:10F6800080B584B0002103910291019144F244407D
:10F69000C2F2004041F20002C4F200020260416086
:10F6A000816045F6BF51C16080218161FEF710FA8B
:10F6B00018B1FFE7F1F76CFFFFE70020019003901E
:10F6C00044F24440C2F2004001A9FEF755F918B1D6
:10F6D000FFE7F1F75DFFFFE704B080BD0000000029
:10F6E00080B582B044F29040C2F20040009044F6EF
:10F6F0000041C4F2000101604FF4E131416000219A
:10F7000001918160C16001610C2242618161C1612E
:10F71000016241628162FEF703FE18B1FFE7F1F773
:10F7200037FFFFE744F29040C2F200400021FEF7AD
:10F73000AFFD18B1FFE7F1F72BFFFFE744F2904070
:10F74000C2F200400021FEF75BFD18B1FFE7F1F7C0
:10F750001FFFFFE744F29040C2F20040FEF710FDA9
:10F7600018B1FFE7F1F714FFFFE702B080BD00001A
:10F7700080B582B044F22450C2F20040009045F2BD
:10F780000001C4F2000101604FF4E1314160002149
:10F7900001918160C16001610C2242618161C1619E
:10F7A000016241628162FEF7BBFD18B1FFE7F1F72C
:10F7B000EFFEFFE744F22450C2F200400021FEF7C2
:10F7C00067FD18B1FFE7F1F7E3FEFFE744F22450CD
:10F7D000C2F200400021FEF713FD18B1FFE7F1F778
:10F7E000D7FEFFE744F22450C2F20040FEF7C8FC07
:10F7F00018B1FFE7F1F7CCFEFFE702B080BD0000D3
:10F8000080B543F23860C2F2004040F20401C2F217
:10F810000041002204F0DCFF18B1FFE7F1F7B8FE69
:10F82000FFE743F23860C2F2004040F23001C2F21A
:10F83000004105F0F9FC18B1FFE7F1F7A9FEFFE779
:10F8400043F23860C2F2004040F2CC01C2F2004103
:10F8500004F0EEF918B1FFE7F1F79AFEFFE743F283
:10F860003860C2F2004005F06FFE18B1FFE7F1F713
:10F870008FFEFFE7F8F798F880BD00000000000059
:10F88000FFE7FEE700000000FFE7FEE700000000E2
:10F8900088B0079006910592079800F00700049041
:10F8A0000498C0F10700052803D3FFE70420019066
:10F8B00004E00498C0F107000190FFE7019803906D
:10F8C00004980430062803D8FFE70020009003E0E6
:10F8D000049803380090FFE7009802900698039977
:10F8E000012202FA01F101390840029B9840059972
:10F8F0009A40013A1140084308B0704700000000E8
:10F9000080B543F69C30C2F20040F7F731F980BD74
:10F9100080B582B08DF807009DF80700032807DC4A
:10F92000FFE79DF80700C0F104008DF8060005E030
:10F930009DF8070004388DF80600FFE743F2122017
:10F94000032100F0D5FA9DF806000001C1B245F28E
:10F95000875000F0CDFA9DF80700032806DCFFE78A
:10F9600045F28850092100F0C3FA05E045F28850BD
:10F97000012100F0BDFAFFE743F2122000901321AD
:10F9800000F0B6FA0098A32100F0B2FA02B080BDF0
:10F9900080B582B08DF8070043F21220032100F0F9
:10F9A000A7FA45F281301C2100F0A2FA45F282301C
:10F9B0005A2100F09DFA45F28330062100F098FAB2
:10F9C00000208DF80600FFE79DF80600052819DCE9
:10F9D000FFE79DF8062045F2843010449DF807109B
:10F9E00001EB41034AF61001C0F6010101EB4301AE
:10F9F000895C00F07DFAFFE79DF8060001308DF884
:10FA00000600E1E745F28B30982100F071FA45F2EB
:10FA10008A30012100F06CFA43F212200090132189
:10FA200000F066FA0098A32100F062FA02B080BDEF
:10FA300080B584B08DF80F0000208DF80E002020D6
:10FA40008DF80D009DF80F000146029106282DD873
:10FA50000299DFE801F0040A102B161D240014207F
:10FA60008DF80E008DF80D0020E018208DF80E00A6
:10FA70008DF80D001AE01C208DF80E008DF80D0099
:10FA800014E010208DF80E0024208DF80D000DE0FC
:10FA900018208DF80E0028208DF80D0006E01C209F
:10FAA0008DF80E002C208DF80D00FFE743F2122098
:10FAB0000190032100F01CFA9DF80E1045F28550CC
:10FAC00000F016FA9DF80D1045F2865000F010FA7D
:10FAD0000198132100F00CFA0198A32100F008FA14
:10FAE00004B080BD0000000080B582B000208DF819
:10FAF0000600ADF8040043F22300012100F0F8F9FC
:10FB000043F22200082100F0F3F9FFE743F223005B
:10FB100000F05AF98DF80600BDF804000130ADF888
:10FB20000400BDF80400B0F57A7F04DDFFE7022091
:10FB30008DF8070038E00520F5F71EFDFFE79DF87A
:10FB400006000028E2D1FFE743F22300012100F084
:10FB5000CFF943F22200042100F0CAF90020ADF8E9
:10FB60000400FFE743F2230000F02EF98DF80600B1
:10FB7000BDF804000130ADF80400BDF80400B0F594
:10FB80007A7F04DDFFE702208DF807000CE00520F6
:10FB9000F5F7F2FCFFE79DF806000028E2D1FFE749
:10FBA00000208DF80700FFE79DF8070002B080BD38
:10FBB00080B584B04FF40040ADF80A008F208DF876
:10FBC00009004FF44050202100F092F90020ADF8D8
:10FBD0000C00FFE7BDF80C0040F6EC71884217D826
:10FBE000FFE7BDF80A00BDF80C2049F60001C0F699
:10FBF0000101895C00F07CF9BDF80A000130ADF824
:10FC00000A00FFE7BDF80C000130ADF80C00E1E799
:10FC100043F222000021019100F06AF9019943F2B8
:10FC2000230000F065F9019943F2240000F060F927
:10FC3000019943F2250000F05BF9019943F2260097
:10FC400000F056F9019943F2270000F051F90199AB
:10FC500043F2280000F04CF943F229007F2100F024
:10FC600047F901994FF4405000F042F90198ADF87E
:10FC70000C00FFE743F2290000F0A6F88DF8090018
:10FC80000520F5F779FCBDF80C000130ADF80C004B
:10FC9000BDF80C00B0F57A7F04DDFFE701208DF898
:10FCA0000F0009E0FFE79DF809007028E2D1FFE7A7
:10FCB00000208DF80F00FFE79DF80F0004B080BD15
:10FCC00080B582B08DF8070043F21220032100F0C6
:10FCD0000FF900208DF80600FFE79DF806000628C2
:10FCE00017DCFFE79DF8062002F550509DF807103D
:10FCF000C1EBC1034AF2ED71C0F601011944895C00
:10FD000000F0F6F8FFE79DF8060001308DF80600D8
:10FD1000E3E743F212200090132100F0E9F8009885
:10FD2000A32100F0E5F802B080BD00000000000053
:10FD300080B584B0ADF80E00ADF80C10ADF80A2017
:10FD4000ADF8083043F212200190032100F0D0F802
:10FD50009DF80B1043F6080000F0CAF89DF80A1051
:10FD600043F6090000F0C4F89DF8091043F60A00B4
:10FD700000F0BEF89DF8081043F60B0000F0B8F84C
:10FD80009DF80F1043F6100000F0B2F89DF80E1029
:10FD900043F6110000F0ACF89DF80D1043F6120088
:10FDA00000F0A6F89DF80C1043F6130000F0A0F840
:10FDB0000198132100F09CF80198A32100F098F815
:10FDC000002004B080BD000080B582B0ADF8060010
:10FDD00000208DF8050000F047FD782000F090FD30
:10FDE0009DF8070000F08CFD9DF8060000F088FDEE
:10FDF00000F062FD00F038FD792000F081FD00F098
:10FE0000DBFC8DF8050000F0A7FC00F055FD9DF827
:10FE1000050002B080BD000080B582B00020ADF8C2
:10FE20000600ADF80600FFE7BDF806002C2814D840
:10FE3000FFE7BDF806204DF66C40C0F6010000EB70
:10FE4000820130F82200897800F052F8FFE7BDF80F
:10FE500006000130ADF80600E6E702B080BD000004
:10FE600080B584B08DF80F009DF80F0020280CDCC1
:10FE7000FFE745F20830652100F03AF89DF80F10D1
:10FE800045F2023000F034F82FE045F20830252129
:10FE900000F02EF84FF4A6400821019100F028F858
:10FEA00045F201303021029100F022F845F2023093
:10FEB000102100F01DF845F20330002100F018F881
:10FEC000019945F2093000F013F8029945F20A3021
:10FED00000F00EF845F20B30042100F009F845F26D
:10FEE0000C30062100F004F8FFE704B080BD0000EC
:10FEF00080B582B0ADF806008DF8051000208DF8B1
:10FF0000040000F0B1FC782000F0FAFC20B1FFE71B
:10FF100001208DF80400FFE79DF8070000F0F0FCD9
:10FF200020B1FFE701208DF80400FFE79DF80600EF
:10FF300000F0E6FC20B1FFE701208DF80400FFE7A8
:10FF40009DF8050000F0DCFC20B1FFE701208DF8F2
:10FF50000400FFE700F0B0FC9DF8040002B080BD93
:10FF600080B586B0059004910598006803900398C9
:10FF700002900398006C01900298049900EB4110E4
:10FF8000D0F8080B0090019843F20B01C4F65471AD
:10FF900088420FD3FFE79DF801000006002809D52D
:10FFA000FFE70298049900EB41114FF40040C1F8BB
:10FFB000080BFFE70598F7F737FC019843F20B01B0
:10FFC000C4F6547188420DD3FFE705988079012863
:10FFD00008D1FFE70599086801F29C42012106F06B
:10FFE000DFF8FFE7002006B080BD00000000000041
:10FFF00080B588B00790069107980068049004982F
:020000040801F1
:1000000003900498006C02900398069900EB41104D
:10001000D0F8080B019007988079012840F0818082
:10002000FFE79DF804000007002818D5FFE70298B5
:1000300043F20B01C4F6547188420FD3FFE79DF8D9
:1000400005000006002809D5FFE70398069900EB94
:1000500041114FF40040C1F8080BFFE760E09DF844
:1000600004008006002808D5FFE70398069900EBF6
:1000700041112020C1F8080B51E09DF8040010F058
:10008000280F4AD1FFE7029843F20B01C4F65471DE
:1000900088420FD3FFE79DF805000006002809D528
:1000A000FFE70398069900EB41114FF40040C1F8B7
:1000B000080B31E00798069901EBC10100EB8100C4
:1000C00000F5157005900598006A0399069A01EBF2
:1000D0004211D1F8101B6FF3DF41401A05994861B6
:1000E000069898B9FFE70598006940B9FFE70799B6
:1000F000086801F29C42012106F052F805E00599DA
:10010000C8684A691044C860FFE7FFE707989DF890
:100110001810F6F7B9FAFFE700E0FFE7FFE7FFE79F
:1001200047E0029843F20A11C4F65471884224D180
:10013000FFE79DF805000006002809D5FFE70398B2
:10014000069900EB41114FF40040C1F8080B13E091
:100150009DF804008006002808D5FFE7039806995B
:1001600000EB41112020C1F8080BFFE707989DF82C
:100170001810F6F789FAFFE71AE0069890B9FFE73A
:100180000798069901EBC10100EB8100D0F86402E9
:1001900040B9FFE70799086801F29C42002105F089
:1001A000FFFFFFE707989DF81810F6F76DFAFFE7D5
:1001B000FFE7002008B080BD80B58CB00A9009919F
:1001C0000A9800680890089807900A98099901EB26
:1001D000C10100EB81001430069006980169406966
:1001E000884204D9FFE701208DF82F0079E00699B5
:1001F00008694969401A05900598069989688842F6
:1002000004D9FFE7069880680590FFE7059803305A
:1002100080080490FFE70798099900EB4110D0F897
:10022000180981B2049A0020914202900FD3FFE78F
:1002300006980269416900209142029007D2FFE7C7
:1002400006980069002818BF01200290FFE7029875
:10025000C00770B3FFE7069908694969401A05901D
:10026000059806998968884204D9FFE7069880684E
:100270000590FFE7059803308008049008980699D8
:10028000C9689DF82420BDF81430DDF828C09CF81A
:1002900006C0EE46CEF800C006F006FE059A0699A6
:1002A000C8681044C860059A0699486910444861B6
:1002B000B1E706990869496988420ED8FFE70998AD
:1002C00000F00F01012088400390039A0799D1F8AC
:1002D00034089043C1F83408FFE700208DF82F0060
:1002E000FFE79DF82F000CB080BD0000000000006B
:1002F000704700000000000080B5B2B002A8019075
:10030000C021F0F7E3F80198002103914FF08041FC
:1003100002914FF400413191F8F796FD18B1FFE7D3
:10032000F1F736F9FFE732B080BD000000000000B1
:1003300080B586B00490039100208DF8070044F248
:100340002840C5F60200006800F00300032804D12D
:10035000FFE701208DF81700CBE044F20041C5F61D
:100360000201086820F080600860F5F749FE0290FD
:10037000FFE744F20040C5F60200006800F00061AB
:100380000020B0EBD16F0CD0FFE7F5F739FE0299F2
:10039000401A032804D3FFE703208DF81700A8E0D4
:1003A000E7E7FFE744F22841C5F60201086820F4B8
:1003B0007C30049A126840EA023008600499486868
:1003C000D1F808C0CB680A6901386FF35F204FF697
:1003D0000061CFF6FF7101EB4C2189B20844002186
:1003E000CFF6FF7101EB034101F4FE0108444FF029
:1003F0007F4101EB026101F0FE41084444F23841C3
:10040000C5F602010860FFE744F22C41C5F602017F
:100410000091086820F0C000049A526910430860F7
:10042000086820F02000049A926910430860086868
:1004300020F01000086044F23C42C5F60202106849
:100440004FF6F8739843049BDB6940EAC3001060E1
:10045000086840F010000860039848B9FFE744F2CC
:100460002C41C5F60201086840F40020086016E03F
:100470000398012809D1FFE744F22C41C5F6020197
:10048000086840F48010086008E044F22C41C5F68A
:100490000201086840F400100860FFE7FFE744F23B
:1004A0000041C5F60201086840F080600860F5F779
:1004B000A7FD0290FFE744F20040C5F60200006885
:1004C00000F000610020B0EBD16F0CD1FFE7F5F731
:1004D00097FD0299401A032804D3FFE703208DF803
:1004E000170006E0E7E7FFE79DF807008DF8170023
:1004F000FFE79DF8170006B080BD00000000000077
:1005000080B586B00490039100208DF8070044F276
:100510002840C5F60200006800F00300032804D15B
:10052000FFE701208DF81700CBE044F20041C5F64B
:100530000201086820F080500860F5F761FD029024
:10054000FFE744F20040C5F60200006800F00051E9
:100550000020B0EB517F0CD0FFE7F5F751FD029979
:10056000401A032804D3FFE703208DF81700A8E002
:10057000E7E7FFE744F22841C5F60201086820F0EA
:100580007C70049A126840EA025008600499486836
:10059000D1F808C0CB680A6901386FF35F204FF6C5
:1005A0000061CFF6FF7101EB4C2189B208440021B4
:1005B000CFF6FF7101EB034101F4FE0108444FF057
:1005C0007F4101EB026101F0FE41084444F24041E9
:1005D000C5F602010860FFE744F22C41C5F60201AE
:1005E0000091086820F44060049A52691043086042
:1005F000086820F40070049A926910430860086843
:1006000020F48070086044F24442C5F6020210688B
:100610004FF6F8739843049BDB6940EAC30010600F
:10062000086840F480700860039848B9FFE744F216
:100630002C41C5F60201086840F48000086016E00D
:100640000398012809D1FFE744F22C41C5F60201C5
:10065000086840F40000086008E044F22C41C5F648
:100660000201086840F080700860FFE7FFE744F28D
:100670000041C5F60201086840F080500860F5F7B7
:10068000BFFC0290FFE744F20040C5F6020000689C
:1006900000F000510020B0EB517F0CD1FFE7F5F7DF
:1006A000AFFC0299401A032804D3FFE703208DF81A
:1006B000170006E0E7E7FFE79DF807008DF8170051
:1006C000FFE79DF8170006B080BD000000000000A5
:1006D00083B0029040F22800C2F20040016844F664
:1006E0002510C2F29240A1FB0020091A00EB510034
:1006F000800844F6D351C1F26201A0FB01016FF002
:10070000030000EA1110019000208DF80300029808
:100710000168086820F480300860FFE7019858B944
:10072000FFE70299D1F8940040F04000C1F894002E
:1007300003208DF803000AE0019801380190FFE7DB
:10074000029800680068C0030028E7D4FFE79DF81E
:10075000030003B07047000080B586B00A20059002
:1007600006F032FF40F20040C5F602000290802100
:10077000039101220092F5F723FC009A0298402190
:100780000191F5F71DFC059806F01EFF01990298EE
:1007900000220492F5F714FC059806F015FF029864
:1007A0000399049AF5F70CFC059806F00DFF06B0C6
:1007B00080BD00000000000080B582B000208DF8F0
:1007C000070040F20041C5F60201086820F44040ED
:1007D00008600868086008208DF80600FFE79DF8AB
:1007E000060001282FDBFFE70A2006F0EDFE40F2AD
:1007F0000040C5F60200009040210122F5F7E0FB21
:1008000000989DF8071049008DF807108021F5F732
:10081000BFFB30B1FFE79DF8070001308DF80700FE
:10082000FFE70A2006F0D0FE40F20040C5F60200C5
:1008300040210022F5F7C4FBFFE79DF806000138D0
:100840008DF80600CBE740F20041C5F602010868CA
:1008500020F440400860086840F4804008609DF83B
:10086000070002B080BD000080B586B040F20040B5
:10087000C5F6020003908021019101220092F5F754
:100880009FFB009A039840210491F5F799FB0A20F9
:10089000029006F099FE0199039800220592F5F75F
:1008A0008FFB029806F090FE03980499059AF5F7DD
:1008B00087FB06B080BD000080B584B040F20040E8
:1008C000C5F602000090802101910022F5F778FB27
:1008D0000A20039006F078FE00984021012202923F
:1008E000F5F76EFB039806F06FFE00980199029AE7
:1008F000F5F766FB039806F067FE04B080BD0000C4
:1009000080B588B08DF81F0000208DF81E00FFE72D
:100910009DF81E0007283ADCFFE79DF81F0000063F
:10092000002809D5FFE740F20040C5F6020080210B
:100930000122F5F745FB08E040F20040C5F6020051
:1009400080210022F5F73CFBFFE79DF81F004000E7
:100950008DF81F000A20049006F036FE40F2004099
:10096000C5F602000590402106910122F5F728FB0B
:10097000049806F029FE059806990022F5F720FB59
:10098000FFE79DF81E0001308DF81E00C0E740F221
:100990000041C5F602010391086820F44040086058
:1009A000086808600A20029006F00EFE03984021B5
:1009B0000122F5F705FB029806F006FE0398802158
:1009C000F5F7E6FA20B1FFE701208DF81D0003E0FE
:1009D00000208DF81D00FFE740F20040C5F6020040
:1009E000019040210022F5F7EBFA0199086820F404
:1009F00040400860086840F4804008609DF81D0091
:100A000008B080BD0000000080B58AB00990089150
:100A1000089803903720019004904FF4807005905F
:100A2000002006904FF480500790099803A900F029
:100A30008FFD0199099841F2883200F079FA02900D
:100A400002980AB080BD000080B588B0079006917A
:100A500006980190292002904FF4807003900020A6
:100A600004904FF480500590079801A900F070FDA4
:100A7000079800F0DDFB0090009808B080BD0000F2
:100A800080B58AB0099008910898039010200190D1
:100A900004904FF480700590002006904FF4805031
:100AA0000790099803A900F053FD0199099841F2B4
:100AB000883200F03DFA029002980AB080BD000032
:100AC00080B58AB00990089108980390062001909B
:100AD00004904FF480700590002006904FF48050F1
:100AE0000790099803A900F033FD0199099841F294
:100AF000883200F01DFA029002980AB080BD000012
:100B000080B588B007900020029003900490059073
:100B10004FF480500690079802A900F019FD07983D
:100B200000F0D6F90190019808B080BD00000000E7
:100B300080B588B007904FF4D570029008200390DC
:100B40004FF480700490002005904FF48050069080
:100B5000079802A900F0FCFC079800F041FC019006
:100B6000019808B080BD000080B58AB00990089156
:100B7000089803901220019004904FF48070059023
:100B8000002006904FF480500790099803A900F0C8
:100B9000DFFC0199099841F2883200F0C9F902900E
:100BA00002980AB080BD000080B58AB00990089113
:100BB000089803901120019004904FF480700590E4
:100BC000002006904FF480500790099803A900F088
:100BD000BFFC0199099841F2883200F0A9F902900E
:100BE00002980AB080BD000080B58AB009900891D3
:100BF000089803900720019004904FF480700590AE
:100C0000002006904FF480500790099803A900F047
:100C10009FFC0199099841F2883200F089F902900D
:100C200002980AB080BD000080B588B0079000200F
:100C30000290022103914FF44071049105904FF40A
:100C400080500690079802A900F082FC079800F0F7
:100C500097FA0190019808B080BD000000000000E4
:100C600080B588B0079006910698019009200290FF
:100C70004FF440700390002004904FF48050059092
:100C8000079801A900F064FC079800F079FA009039
:100C9000009808B080BD000080B588B007900020A3
:100CA00002903321009103914FF4807104910590DB
:100CB0004FF480500690079802A900F049FC009973
:100CC000079841F2883200F033F90190019808B09A
:100CD00080BD00000000000080B58AB00990089136
:100CE000089803900D20019004904FF480700590B7
:100CF000002006904FF480500790099803A900F057
:100D000027FC0199099841F2883200F011F902900C
:100D100002980AB080BD000080B58AB009900891A1
:100D2000002003900321019104914FF480710591FB
:100D300006904FF480500790099803A900F008FC32
:100D400001990998089A00F0BFFA029002980AB037
:100D500080BD00000000000080B588B00790002032
:100D600002900D21009103914FF480710491059040
:100D70004FF480500690079802A900F0E9FB009913
:100D8000079841F2883200F0D3F80190019808B03A
:100D900080BD00000000000080B588B007900020F2
:100DA00002900C21009103914FF480710491059001
:100DB0004FF4805006900799C86840F08000C860E2
:100DC0000799C86820F04000C860079802A900F0A1
:100DD000BFFB009907984EF20012C0F2F55200F0E6
:100DE000A7F801900799C86820F08000C8600198B2
:100DF000B0F1007F03D1FFE700200190FFE70198E9
:100E000008B080BD0000000080B58AB0099008914C
:100E1000089803901920019004904FF48070059079
:100E2000002006904FF480500790099803A900F025
:100E30008FFB0199099841F2883200F079F802900D
:100E400002980AB080BD000080B58AB00990089170
:100E5000089803901820019004904FF4807005903A
:100E6000002006904FF480500790099803A900F0E5
:100E70006FFB0199099841F2883200F059F802900D
:100E800002980AB080BD000083B00290019100205A
:100E9000009001990968029A516201994968029A81
:100EA0009162019A9168D2F80CC01369526941EAC3
:100EB0000C0119430A430099114300910299C96A30
:100EC00021F0FF01009A1143029AD16203B07047EA
:100ED00083B0019040F22800C2F200400068C008D0
:100EE00044F6D351C1F26201A0FB0110800941F226
:100EF000883148430090FFE70098411E009120B9D7
:100F0000FFE74FF0004002900EE0FFE70198406BD2
:100F100000060028F0D5FFE70199C520C0F22000A7
:100F2000886300200290FFE7029803B0704700003A
:100F300080B588B006908DF817100492049840F29E
:100F40002801C2F200410968C90844F6D352C1F22F
:100F50006202A1FB0221890948430190FFE7019841
:100F6000411E019120B9FFE74FF00040079002E1D8
:100F70000698406B0290FFE7029901204522C0F2DB
:100F800020021142009006D0FFE79DF80900C0F34F
:100F900040100090FFE70098C0070028DFD1FFE76E
:100FA0000698406B4007002805D5FFE70699042006
:100FB00088630790DFE00698406BC00728B1FFE721
:100FC0000699012088630790D5E0FFE7FFE70699BF
:100FD000C520C0F220008863069800F05DFA9DF8F5
:100FE0001710884203D0FFE701200790C3E006985E
:100FF000002100F061FA039003984EF20801CFF649
:10100000FF51084203D1FFE700200790B3E09DF8AD
:101010000F000006002804D5FFE74FF0007007908E
:10102000A9E09DF80F004006002803D5FFE7402007
:101030000790A0E09DF80F008006002803D5FFE789
:101040008020079097E09DF80F00C006002804D587
:10105000FFE74FF4807007908DE09DF80F000007C8
:10106000002804D5FFE74FF40070079083E09DF857
:101070000F004007002804D5FFE74FF48060079079
:1010800079E09DF80F00C00720B1FFE74FF4006042
:10109000079070E09DF80E000006002804D5FFE7D9
:1010A0004FF48050079066E09DF80E00400600283F
:1010B00004D5FFE74FF4005007905CE09DF80E0068
:1010C0008006002804D5FFE74FF48040079052E0E7
:1010D0009DF80E00C006002804D5FFE74FF400403D
:1010E000079048E09DF80E004007002804D5FFE770
:1010F0004FF4003007903EE09DF80E008007002876
:1011000004D5FFE74FF48020079034E09DF80E00EF
:10111000C00720B1FFE74FF4002007902BE09DF8B7
:101120000D000006002804D5FFE74FF4801007905B
:1011300021E09DF80D004006002804D5FFE74FF49C
:101140000010079017E09DF80D008006002804D5D8
:10115000FFE74FF4800007900DE09DF80C000007BA
:10116000002804D5FFE74FF40000079003E04FF498
:1011700080300790FFE7079808B080BD00000000AE
:1011800085B0039040F22800C2F200400068C00819
:1011900044F6D351C1F26201A0FB0110800941F273
:1011A000883148430190FFE70198411E019120B921
:1011B000FFE74FF00040049035E00398406B029049
:1011C000FFE701209DF8081011F0450F009006D0B0
:1011D000FFE79DF80900C0F340100090FFE700987A
:1011E000C0070028E0D1FFE70398406B40070028C4
:1011F00005D5FFE7039904208863049013E0039862
:10120000406BC00728B1FFE7039901208863049071
:1012100009E00399C520C0F220008863FFE7FFE7DB
:1012200000200490FFE7049805B07047000000001C
:1012300085B0039040F22800C2F200400068C00868
:1012400044F6D351C1F26201A0FB0110800941F2C2
:10125000883148430190FFE70198411E019120B970
:10126000FFE74FF0004004902AE00398406B0290A3
:10127000FFE701209DF8081011F0450F009006D0FF
:10128000FFE79DF80900C0F340100090FFE70098C9
:10129000C0070028E0D1FFE70398406B4007002813
:1012A00005D5FFE7039904208863049008E00399BB
:1012B000C520C0F220008863FFE700200490FFE70C
:1012C000049805B07047000080B588B006908DF88E
:1012D0001710049240F22800C2F200400068C008D3
:1012E00044F6D351C1F26201A0FB0110800941F222
:1012F000883148430190FFE70198411E019120B9D0
:10130000FFE74FF00040079067E00698406B0290BF
:10131000FFE701209DF8081011F0450F009006D05E
:10132000FFE79DF80900C0F340100090FFE7009828
:10133000C0070028E0D1FFE70698406B400700286F
:1013400005D5FFE7069904208863079045E00698D5
:10135000406BC00728B1FFE706990120886307901A
:101360003BE0FFE7FFE7069800F096F89DF81710BE
:10137000884203D0FFE7012007902EE00699C520A0
:10138000C0F2200088630698002100F095F80390D1
:101390009DF80D0010F0E00F07D1FFE7BDF80E003B
:1013A000049908800020079017E09DF80D00400682
:1013B000002804D5FFE74FF4005007900DE09DF89A
:1013C0000D000006002804D5FFE74FF48050079079
:1013D00003E04FF480300790FFE7079808B080BD26
:1013E00085B0039040F22800C2F200400068C008B7
:1013F00044F6D351C1F26201A0FB0110800941F211
:10140000883148430190FFE70198411E019120B9BE
:10141000FFE74FF0004004903AE00398406B0290E1
:10142000FFE701209DF8081011F0450F009006D04D
:10143000FFE79DF80900C0F340100090FFE7009817
:10144000C0070028E0D1FFE70398406B4007002861
:1014500005D5FFE7039904208863049018E00398FA
:10146000406BC00728B1FFE703990120886304900F
:101470000EE0FFE7FFE70398406B4006002804D525
:10148000FFE7039940208863FFE700200490FFE70F
:10149000049805B07047000081B000900098006982
:1014A000C0B201B07047000081B0009000980068A1
:1014B00000F0030001B0704783B0029001910298E0
:1014C00001990844143000900098006803B07047F8
:1014D00010B587B0DDF828E0DDF824C0CDF818E0BD
:1014E000CDF814C004930392029101900020009063
:1014F0000299DDF80CC0049B059A41EA0C011943DE
:101500001143069A0A4300991143009101994968D1
:1015100042F60042CFF6C0721140009A1143019A80
:10152000516007B010BD000081B0009000990868BC
:1015300040F003000860002001B070470000000088
:1015400081B000900098D0F8800001B07047000092
:1015500083B0029001910020009001990968029ADD
:101560009160019A5168D2F808C0D368126941EAC3
:101570000C0119430A430099114300910299C9686B
:101580004EF2C002CFF6FE721140009A1143029A49
:10159000D16003B07047000082B0019000910098C4
:1015A00000680199C1F88000002002B07047000077
:1015B00080B584B000220192039201210291084675
:1015C00007F0A2FF4FF4FA7005F0FEFF019A0299AE
:1015D000022007F099FF019A0320082107F094FFE9
:1015E00002994FF40C700390039A042007F08CFFCB
:1015F00004B080BD0000000080B582B08DF8070007
:1016000040F22401C2F2004101200870EEF7D0FF41
:1016100048B9FFE740F22401C2F20041087800F027
:10162000FE000870FFE740F22400C2F2004000789C
:1016300002B080BD0000000080B590B00E900D910A
:10164000F4F7DEFC059000200490039002900D98C2
:1016500001900E9800680821FFF712FA069006988C
:1016600018B1FFE706980F90A9E00E990868496C39
:101670000904FFF7C9F90690069818B1FFE7069824
:101680000F909CE04FF0FF3007900820089030202A
:10169000099002200A9000200B9001200C900E98D7
:1016A000006807A9FFF7F0FB0E980068FFF7F4FA4F
:1016B0000690069818B1FFE706980F907FE0FFE7C5
:1016C0000E980068406B40F22A51084224D1FFE78F
:1016D0000E980068406B0003002811D4FFE70498BF
:1016E00070B9FFE70E980068FFF72AFF02900E9886
:1016F0000068FFF725FF0390049801300490FFE78E
:10170000F4F77EFC0599401A013020B9FFE74FF04D
:1017100000400F9053E0D3E70E980068406B00073D
:10172000002806D5FFE70E980168082088630F900F
:1017300045E00E980068406B8007002806D5FFE75B
:101740000E980168022088630F9038E00E980068B8
:10175000406B8006002806D5FFE70E980168202020
:1017600088630F902BE00E98016840F63A70C1F63E
:10177000000088630399080601F47F4240EA0220D2
:1017800001F47F0240EA122040EA116001990860EA
:101790000198043001900299080601F47F4240EA62
:1017A000022001F47F0240EA122040EA1160019910
:1017B0000860FFE7FFE7FFE700200F90FFE70F98C3
:1017C00010B080BD0000000080B590B00E900020E9
:1017D000ADF80600F4F714FC00900E980068FFF7CF
:1017E00063FE20B9FFE74FF080600F90A9E00E98EC
:1017F000806B032829D0FFE70E980068FFF714FAE2
:101800000290029818B1FFE702980F9099E00E98A5
:1018100000680021FFF750FE0E99C8660E98006818
:101820000421FFF749FE0E9908670E980068082109
:10183000FFF742FE0E9948670E9800680C21FFF7EB
:101840003BFE0E998867FFE7FFE70E98806B032841
:1018500021D0FFE7FFE7BDF80600D8B9FFE70E98F3
:1018600000680DF10601FFF757FA0290029818B1CF
:10187000FFE702980F9064E0F4F7C2FB0099401A6A
:1018800041F28831884204D3FFE74FF000400F90C7
:1018900057E0E0E7FFE70E98806B03282FD0FFE7C3
:1018A000BDF806000E9948640E990868496C090451
:1018B000FFF7D6F90290029818B1FFE702980F904F
:1018C0003FE00E9800680021FFF7F6FD0E99C8650D
:1018D0000E9800680421FFF7EFFD0E9908660E9838
:1018E00000680821FFF7E8FD0E9948660E98006829
:1018F0000C21FFF7E1FD0E998866FFE7FFE70E98E0
:1019000000680421FFF7D8FD000D0E9908640E98B9
:1019100003A9FAF7A9FA20B1FFE74FF080500F9022
:101920000FE00E990868496C0904FFF75DF9029011
:10193000029818B1FFE702980F9002E000200F9084
:10194000FFE70F9810B080BD80B588B006900020EA
:1019500005900490039006980068FFF7D1F8029074
:10196000029818B1FFE7029807908AE0069800688D
:10197000FFF7DEF802900298B0F1004F0FD1FFE7B9
:1019800006990020C86306980068FFF7B9F802902E
:10199000029818B1FFE70298079072E003E00699F9
:1019A0000120C863FFE70698C06B01280ED1FFE74E
:1019B000069800680021FFF727F80290029820B1EE
:1019C000FFE74FF0805007905BE0FFE7FFE70599E6
:1019D00000204FF6FE729142019006D8FFE703986F
:1019E000B0FA80F040090190FFE70198C00770B39A
:1019F000FFE7069800680021FFF706F802900298BA
:101A000018B1FFE7029807903BE0069800680021B4
:101A1000CCF21011FFF718F80290029820B1FFE7FE
:101A20004FF0805007902CE0069800680021FFF7E7
:101A300043FD049004994FF0FF3000EBD170B0FAF1
:101A400080F040090390059801300590BFE70598A4
:101A50004FF6FF71884204D3FFE74FF08070079084
:101A60000FE00699002088639DF8130040060028C7
:101A700004D5FFE7069901208863FFE7002007905F
:101A8000FFE7079808B080BD80B58EB00C900B9131
:101A9000F4F7B6FA03900B9801900C9800680021B7
:101AA000FFF70AFD8001002804D5FFE74FF400602E
:101AB0000D90B7E00C9800684021FEF7E1FF04901C
:101AC000049830B1FFE70C99486B486304980D9077
:101AD000A8E00C990868496C0904FEF795FF04908A
:101AE000049830B1FFE70C99486B486304980D9057
:101AF00098E04FF0FF30059040200690602007905E
:101B0000022008900020099001200A900C9800689B
:101B100005A9FFF7B9F90C980068FFF71DF90490C3
:101B2000049830B1FFE70C99486B486304980D9016
:101B300078E0FFE70C980068406B10F4957F29D19E
:101B4000FFE70C980068406B0004002816D5FFE7FB
:101B500000200290FFE7029807280ED8FFE70C98B4
:101B60000068FFF7EDFC01990860019804300190CE
:101B7000FFE7029801300290EDE7FFE7F4F740FA43
:101B80000399401A013020B9FFE74FF000400D9053
:101B900048E0CFE70C980068406B0007002803D5A9
:101BA000FFE708200D903DE00C980068406B80072F
:101BB000002803D5FFE702200D9033E00C98006861
:101BC000406B8006002803D5FFE720200D9029E018
:101BD000FFE7FFE7FFE7FFE70C980068406BC004F2
:101BE000002815D5FFE70C980068FFF7A9FC0199BC
:101BF0000860019804300190F4F702FA0399401A42
:101C0000013020B9FFE74FF000400D900AE0E3E714
:101C10000C98016840F63A70C1F600008863002015
:101C20000D90FFE70D980EB080BD00000000000091
:101C300080B586B004900391039820B9FFE74FF078
:101C40000060059018E004990868496C0904FFF7E2
:101C500043F80290029818B1FFE7029805900BE054
:101C60000498006800210191FFF726FC01460198C5
:101C7000039A11600590FFE7059806B080BD00004B
:101C800080B586B004900021039102910498006809
:101C9000FFF712FC8001002804D5FFE74FF4006035
:101CA00005902FE0049802A9FFF7C6FC0190019867
:101CB00018B1FFE70198059024E09DF80E00C007D9
:101CC000E0B1FFE704990868496C0904FEF79CFE3F
:101CD0000190019818B1FFE70198059012E004986F
:101CE00000680021FEF7ECFE0190019818B1FFE7B3
:101CF0000198059006E00020059003E04FF0806019
:101D00000590FFE7059806B080BD000000000000C8
:101D100080B586B004900021039102910498006878
:101D2000FFF7CAFB8001002804D5FFE74FF40060ED
:101D3000059030E0049802A9FFF77EFC019001981D
:101D400018B1FFE70198059025E09DF80E004007C7
:101D500000281CD5FFE704990868496C0904FEF7C0
:101D600053FE0190019818B1FFE70198059012E029
:101D7000049800680221FEF7A3FE0190019818B1B3
:101D8000FFE70198059006E00020059003E04FF082
:101D900080600590FFE7059806B080BD0000000058
:101DA00080B582B08DF8070040F22401C2F20041F4
:101DB00001200870EEF708FC50B9FFE79DF8070016
:101DC000FFF71AFC40F22401C2F200410870FFE75D
:101DD00040F22400C2F20040007802B080BD000052
:101DE00080B58EB08DF836008DF835100C9201203C
:101DF0008DF82F0040F22400C2F200400078C007A6
:101E000020B1FFE703208DF8370036E09DF835005C
:101E100001460191032827D80199DFE801F0020665
:101E2000101A00208DF82F0022E002A8EEF7B4FB74
:101E300008980C99086000208DF82F0018E002A87F
:101E4000EEF7AAFB09980C99088000208DF82F0066
:101E50000EE002A8EEF7A0FB0998400A0C99086072
:101E600000208DF82F0003E004208DF82F00FFE7FD
:101E70009DF82F008DF83700FFE79DF837000EB072
:101E800080BD00000000000080B586B08DF817000E
:101E900004910392029301208DF80700049803999E
:101EA000029A4FF0FF33EEF7CBFB50B9FFE7FFE7A5
:101EB000EEF77EFB08B1FFE7FAE700208DF8070098
:101EC000FFE79DF8070006B080BD0000000000009D
:101ED00080B582B08DF807009DF80700FFF78CFBF6
:101EE00002B080BD0000000080B586B08DF81700FC
:101EF00004910392029301208DF80700049803993E
:101F0000029A4FF0FF33EEF7BBFB50B9FFE7FFE754
:101F1000EEF74EFB08B1FFE7FAE700208DF8070067
:101F2000FFE79DF8070006B080BD0000000000003C
:101F300080B544F27030C2F20040FAF7C5FE80BDB1
:101F400082B0019001980068406900900198016892
:101F5000886940F00800886101980168886940F04C
:101F60001000886101980168086820F0010008608D
:101F700001980168086940F26F3290430861019846
:101F80000168886820F440408860019890F88100DA
:101F9000042815D0FFE79DF80000800600280ED524
:101FA000FFE70199D1F8840040F08000C1F8840077
:101FB00001980168886940F020008861FFE7FFE729
:101FC000019890F88100032815D0FFE79DF80000E4
:101FD000400600280ED5FFE70199D1F8840040F0B3
:101FE0000400C1F8840001980168886940F040004D
:101FF0008861FFE7FFE79DF80100800700280ED504
:10200000FFE70199D1F8840040F00100C1F8840095
:1020100001980168886940F400708861FFE79DF8C5
:102020000100C00770B1FFE70199D1F8840040F0CA
:102030000800C1F8840001980168886940F4807044
:102040008861FFE701990020A1F862000199A1F8D9
:102050006A0002B07047000080B582B0019001981C
:10206000806B009000990020A1F86A000099A1F807
:1020700062000099012081F881000098FAF720FEA3
:1020800002B080BD0000000083B002900298C16BD6
:10209000012000EB511001900298C06801300090BF
:1020A00000980730C008009000980199484303B099
:1020B000704700000000000080B586B0DDF820C049
:1020C000049003918DF80B200193FFE704980068BA
:1020D000406903990840401AB0FA80F040099DF821
:1020E0000B10884214D1FFE7F3F78AFF0899401AD2
:1020F0000199884204D3FFE70198013018B9FFE73E
:10210000019820B9FFE703208DF8170004E0DDE710
:1021100000208DF81700FFE79DF8170006B080BD7E
:10212000704700000000000084B003900398009006
:1021300000980078ADF808000098013000900098F1
:102140000078ADF80600BDF80610BDF8080040EABA
:102150000120ADF80A00BDF80A0004B07047000085
:1021600080B582B0009000980138B0F1807F03D331
:10217000FFE70120019019E0009801384EF21401A8
:10218000CEF2000108604FF0FF300F2104F0F4FEA2
:102190004EF21801CEF20001002008604EF210024B
:1021A000CEF20002072111600190FFE7019802B012
:1021B00080BD00000000000080B5F4F7F1F880BD9C
:1021C00080B5A0B00DA84C21EEF780F90020019059
:1021D0000C900B900A90099008900790069005903B
:1021E0000220F5F78DFBFFE70020049040F22C4021
:1021F000C5F60000016821F001010160006800F0EF
:102200000100049044F61800C5F60200016841F48C
:1022100040410160006800F4404004900498FFE7EA
:10222000FFE744F61800C5F60200006800F400500D
:10223000B0F5005F01D0FFE7F3E7FFE744F2F440B9
:10224000C5F60200016841F002010160006800F07B
:10225000020003900398FFE7FFE70020029044F696
:102260001800C5F60200016841F4404101600068B1
:1022700000F44040029040F22C40C5F60000016896
:1022800041F001010160006800F001000290029835
:10229000FFE7FFE744F61800C5F60200006800F407
:1022A0000050B0F5005F01D0FFE7F3E723200D9069
:1022B0004FF4A0200E900120109040211191139016
:1022C00002201690179005211891C02119911A909B
:1022D00007201B9004201C9008201D9000201E90B9
:1022E0001F900DA8F8F78CFA18B1FFE7EFF750F937
:1022F000FFE73F200590032006900020079008206C
:102300000890402009900A904FF480610B910C9046
:1023100005A80421F7F7E8FD18B1FFE7EFF738F952
:10232000FFE700214FF480220846F8F705FA20B0B5
:1023300080BD00000000000081B04EF68851CEF252
:102340000001086840F47000086042F20000C5F225
:102350000020006800F00F0006280AD8FFE742F2CC
:102360000001C5F200210868072262F3030008603B
:10237000FFE744F20041C5F60201086840F00100A1
:10238000086044F21042C5F602020020106008689E
:102390004EF67F52CEF6F6221040086042F2000060
:1023A000C5F20020006800F00F0008280AD3FFE7FC
:1023B00042F20001C5F200210868072262F303001F
:1023C0000860FFE744F21841C5F6020100200090C2
:1023D000086044F21C41C5F60201086044F2204145
:1023E000C5F60201086044F22842C5F6020240F236
:1023F0000021C0F20221116044F22C42C5F6020213
:102400000021C0F2FF11116044F23042C5F6020211
:1024100040F28021C0F20111116044F23442C5F64D
:102420000202106044F23842C5F60202116044F222
:102430003C42C5F60202106044F24042C5F6020278
:10244000116044F24441C5F60201086044F20042C2
:10245000C5F60202116821F48021116044F2604146
:10246000C5F60201086041F20001C5F600410968A5
:10247000B0EB517F07D1FFE748F20811C5F2001118
:1024800001200860FFE744F20001C5F2002143F299
:10249000D200086001B0704780B544F2F830C2F253
:1024A0000040FBF71DFD80BD83B0029001910298B2
:1024B0000068009002980021C4F20101884225D0F2
:1024C000FFE70298B0F1804F20D0FFE7029840F27A
:1024D0000041C4F20001884218D0FFE7029840F69C
:1024E0000001C4F20001884210D0FFE7029840F6D4
:1024F0000041C4F20001884208D0FFE7029840F290
:102500000041C4F2010188420AD1FFE7009820F09F
:102510007000009001984168009808430090FFE720
:1025200002980021C4F2010188423DD0FFE70298E1
:10253000B0F1804F38D0FFE7029840F20041C4F27A
:102540000001884230D0FFE7029840F60001C4F253
:102550000001884228D0FFE7029840F60041C4F20B
:102560000001884220D0FFE7029840F20041C4F207
:102570000101884218D0FFE7029844F20001C4F23A
:102580000101884210D0FFE7029844F20041C4F2F2
:102590000101884208D0FFE7029844F60001C4F226
:1025A000010188420AD1FFE7009820F440700090B2
:1025B0000198C168009808430090FFE7009820F058
:1025C00080000199496908430090009802990860C9
:1025D000019880680299C86201980068029988622F
:1025E00002980021C4F20101884220D0FFE702983E
:1025F00040F20041C4F20101884218D0FFE702987E
:1026000044F20001C4F20101884210D0FFE70298B1
:1026100044F20041C4F20101884208D0FFE7029869
:1026200044F60001C4F20101884205D1FFE7019898
:10263000006902990863FFE7029901204861029846
:102640000069C00730B1FFE70299086920F0010076
:102650000861FFE703B0704785B0049003910292D0
:102660000193049880680090009820F47F400090C7
:1026700003980299019A41EA022101430098084314
:10268000009000980499886005B070470000000031
:1026900083B00290019102988068009000984FF6F4
:1026A0008F71CFF6CF7108400090019800990843D0
:1026B00040F00700009000980299886003B07047CE
:1026C00085B00490039102920498006A00900499E6
:1026D000086A20F00100086204988069019001985E
:1026E00020F0F00001900299019840EA0110019059
:1026F000009820F00A000090039900980843009089
:1027000001980499886100980499086205B070479F
:1027100085B00490039102920498006A0090049995
:10272000086A20F0100008620498806901900198FE
:1027300020F4704001900299019840EA0130019024
:10274000009820F0A00000900399009840EA011042
:10275000009001980499886100980499086205B076
:10276000704700000000000082B001900198406EA8
:1027700040B9FFE701990120A1F86A000199A1F889
:10278000680032E010208DF803008DF802000198F7
:1027900000688068C0F342608DF80100019800680D
:1027A0008068400F8DF800009DF802009DF8002021
:1027B0004AF65803C0F60103995C48434AF65001B3
:1027C000C0F601018A5CB0FBF2F0019AA2F86A003F
:1027D0009DF803009DF801209B5C5843895CB0FB89
:1027E000F1F00199A1F86800FFE702B0704700001E
:1027F00081B00090009890F82800000700280BD5C1
:10280000FFE700980068406820F40040009A1168D3
:10281000926B10434860FFE7009890F82800C007CB
:1028200058B1FFE700980068406820F40030009A33
:102830001168D26A10434860FFE7009890F82800BA
:10284000800700280BD5FFE700980068406820F457
:102850008030009A1168126B10434860FFE70098BF
:1028600090F82800400700280BD5FFE70098006883
:10287000406820F48020009A1168526B1043486031
:10288000FFE7009890F82800C00600280BD5FFE766
:1028900000980068806820F48050009A1168D26B1C
:1028A00010438860FFE7009890F828008006002811
:1028B0000BD5FFE700980068806820F40050009A6C
:1028C0001168126C10438860FFE7009890F82800A8
:1028D000400600281CD5FFE700980068406820F4F7
:1028E0008010009A1168526C104348600098406C48
:1028F000B0F5801F0BD1FFE700980068406820F416
:10290000C000009A1168926C10434860FFE7FFE72F
:10291000009890F82800000600280BD5FFE70098E3
:102920000068406820F40020009A1168D26C1043BF
:102930004860FFE701B0704780B588B006900699FF
:102940000020C1F89000F3F75BFB05900698006843
:102950000068000700282FD5FFE70698059B6A4608
:102960006FF07E4111604FF40011002200F06CFD09
:1029700008B3FFE7FFE7FFE70698006850E8000F9D
:1029800020F080000490FFE704990698026842E86E
:1029900000100028F0D1FFE7FFE706992020C1F8DA
:1029A0008800FFE70699002081F88400FFE70320F4
:1029B0008DF81F005FE0FFE7069800680068400799
:1029C000002842D5FFE70698059B6A466FF07E41D6
:1029D00011604FF48001002200F036FDA0B3FFE744
:1029E000FFE7FFE70698006850E8000F20F49070BA
:1029F0000390FFE703990698026842E80010002858
:102A0000F0D1FFE7FFE7FFE7FFE70698006850E82F
:102A1000020F20F001000290FFE702990698026879
:102A200042E802100028F0D1FFE7FFE706992020D6
:102A3000C1F88C00FFE70699002081F88400FFE7C9
:102A400003208DF81F0016E0FFE706992020C1F84B
:102A500088000699C1F88C0006990020C86606997E
:102A60000867FFE70699002081F88400FFE700204F
:102A70008DF81F00FFE79DF81F0008B080BD000023
:102A800084B00390FFE7FFE70398006850E8000F69
:102A900020F490700290FFE702990398026842E8E0
:102AA00000100028F0D1FFE7FFE7FFE7FFE70398FA
:102AB000006850E8020F4FF6FE71CEF6FF71084035
:102AC0000190FFE701990398026842E8021000288C
:102AD000EDD1FFE7FFE70398C06E012814D1FFE7AF
:102AE000FFE7FFE70398006850E8000F20F01000B0
:102AF0000090FFE700990398026842E80010002860
:102B0000F0D1FFE7FFE7FFE703992020C1F88C0031
:102B100003990020C8660399486704B07047000015
:102B200080B59CB01B9000208DF85F001B9800685A
:102B300040F60041C5F60001884201D1FFE700E000
:102B4000FFE71B9988680B694A69C96918431043F4
:102B500008431A901B980068006846F6F311CCF6FB
:102B6000FF7108401A9908431B99096808601B986F
:102B70000068406820F440501B9A1168D2681043E6
:102B800048601B9880691A901B98006840F60041C5
:102B9000C5F60001884206D0FFE71B98016A1A9823
:102BA00008431A90FFE71B98006880684FF2FF41C6
:102BB000C1F2FF1108401A9908431B9909688860FF
:102BC0001B980068C06A20F00F001B9A1168526AB7
:102BD0001043C862FFE71B98006841F20001C4F28D
:102BE0000101884240F04180FFE744F25440C5F6BD
:102BF0000200006800F0380001460E9128282FD806
:102C00000E99DFE801F0152D2D2D2D2D2D2D192DCF
:102C10002D2D2D2D2D2D1D2D2D2D2D2D2D2D212D00
:102C20002D2D2D2D2D2D252D2D2D2D2D2D2D29000D
:102C300001208DF8650017E004208DF8650013E091
:102C400008208DF865000FE010208DF865000BE07E
:102C500020208DF8650007E040208DF8650003E036
:102C600080208DF86500FFE7D6E11B98006844F2EC
:102C70000041C4F2000188422ED1FFE744F25440E3
:102C8000C5F60200006800F0070001460D91052816
:102C90001DD80D99DFE801F003070B0F1317002073
:102CA0008DF8650017E004208DF8650013E008201A
:102CB0008DF865000FE010208DF865000BE02020F6
:102CC0008DF8650007E040208DF8650003E0802066
:102CD0008DF86500FFE79EE11B98006844F600014F
:102CE000C4F2000188422ED1FFE744F25440C5F6F9
:102CF0000200006800F0070001460C9105281DD86D
:102D00000C99DFE801F003070B0F131700208DF873
:102D1000650017E004208DF8650013E008208DF8A9
:102D200065000FE010208DF865000BE020208DF885
:102D3000650007E040208DF8650003E080208DF8F5
:102D40006500FFE766E11B98006844F60041C4F2A5
:102D5000000188422ED1FFE744F25440C5F602003C
:102D6000006800F0070001460B9105281DD80B995B
:102D7000DFE801F003070B0F131700208DF8650043
:102D800017E004208DF8650013E008208DF8650039
:102D90000FE010208DF865000BE020208DF8650015
:102DA00007E040208DF8650003E080208DF8650085
:102DB000FFE72EE11B98006845F20001C4F2000114
:102DC00088422ED1FFE744F25440C5F60200006865
:102DD00000F0070001460A9105281DD80A99DFE88E
:102DE00001F003070B0F131700208DF8650017E0A3
:102DF00004208DF8650013E008208DF865000FE0D1
:102E000010208DF865000BE020208DF8650007E0AC
:102E100040208DF8650003E080208DF86500FFE715
:102E2000F6E01B98006841F20041C4F201018842BB
:102E300040F04180FFE744F25440C5F602000068CC
:102E400000F038000146099128282FD80999DFE8B9
:102E500001F0152D2D2D2D2D2D2D192D2D2D2D2D37
:102E60002D2D1D2D2D2D2D2D2D2D212D2D2D2D2DAE
:102E70002D2D252D2D2D2D2D2D2D290001208DF8C9
:102E8000650017E004208DF8650013E008208DF838
:102E900065000FE010208DF865000BE020208DF814
:102EA000650007E040208DF8650003E080208DF884
:102EB0006500FFE7ABE01B98006847F60001C4F22D
:102EC000000188422ED1FFE744F25440C5F60200CB
:102ED000006800F007000146089105281DD80899F0
:102EE000DFE801F003070B0F131700208DF86500D2
:102EF00017E004208DF8650013E008208DF86500C8
:102F00000FE010208DF865000BE020208DF86500A3
:102F100007E040208DF8650003E080208DF8650013
:102F2000FFE773E01B98006847F60041C4F2000118
:102F300088422ED1FFE744F25440C5F602000068F3
:102F400000F007000146079105281DD80799DFE822
:102F500001F003070B0F131700208DF8650017E031
:102F600004208DF8650013E008208DF865000FE05F
:102F700010208DF865000BE020208DF8650007E03B
:102F800040208DF8650003E080208DF86500FFE7A4
:102F90003BE01B98006840F60041C5F600018842FE
:102FA0002ED1FFE744F25840C5F60200006800F059
:102FB00007000146069105281DD80699DFE801F0B3
:102FC00003070B0F131702208DF8650017E004208C
:102FD0008DF8650013E008208DF865000FE01020E3
:102FE0008DF865000BE020208DF8650007E040209B
:102FF0008DF8650003E080208DF86500FFE703E0B1
:1030000080208DF86500FFE7FFE7FFE7FFE7FFE7B8
:10301000FFE7FFE7FFE7FFE7FFE71B98006840F6E1
:103020000041C5F60001884240F0B480FFE79DF8FA
:10303000650001460591022814D0FFE70598042891
:1030400014D0FFE70598082816D0FFE70598102848
:1030500018D0FFE70598202835D0FFE705984028CD
:1030600037D03AE0F4F7ACFC0F903CE013A8F4F74B
:1030700013FE14980F9036E010A8F4F765FF11982E
:103080000F9030E044F20040C5F60200006800F006
:1030900020010020B0EB511F0ED0FFE744F20040AA
:1030A000C5F602000068C0F3C10149F20000C0F299
:1030B000D030C8400F9005E049F20000C0F2D03097
:1030C0000F90FFE70FE040F60010C0F23D000F90B8
:1030D00009E04FF400400F9005E000200F90012020
:1030E0008DF85F00FFE70F98002852D0FFE70F9898
:1030F0001B994A6A4AF66001C0F6010131F81210C4
:10310000B0FBF1F0169016981B99496801EB41014C
:10311000884207D3FFE716981B994968B0EB013F37
:1031200004D9FFE701208DF85F0031E00F981B996B
:103130004A6803924A6A4AF66001C0F6010131F812
:103140001220002304931946EDF716F9039A049B05
:10315000090241EA1061000210EB520041F1000146
:10316000EDF70AF918901898B0F5407F0BD3FFE7F8
:1031700018990020B0EB115F05D1FFE718981B9953
:103180000968C86003E001208DF85F00FFE7FFE7F2
:10319000FFE746E11B98C069B0F5004F40F0A880FA
:1031A000FFE79DF8650001460291402800F2638028
:1031B0000299DFE801F021256060296060602F60DE
:1031C000606060606060356060606060606060602A
:1031D00060606060606056606060606060606060F9
:1031E00060606060606060606060606060606060DF
:1031F0006060606060605C00F7F7EEF80F9040E0A0
:10320000F7F7FEF80F903CE013A8F4F745FD14988B
:103210000F9036E010A8F4F797FE11980F9030E069
:1032200044F20040C5F60200006800F020010020D2
:10323000B0EB511F0ED0FFE744F20040C5F602008C
:103240000068C0F3C10149F20000C0F2D030C840AC
:103250000F9005E049F20000C0F2D0300F90FFE778
:103260000FE040F60010C0F23D000F9009E04FF46F
:1032700000400F9005E000200F9001208DF85F00C6
:10328000FFE70F9898B3FFE70F981B9A5168536AAE
:103290004AF66002C0F6010232F81320B0FBF2F0E9
:1032A000400000EB5100B0FBF1F018901898102886
:1032B00018D3FFE7BDF86200A0B9FFE7189820F027
:1032C0000F00ADF86600189800F00E01BDF866001A
:1032D00040EA5100ADF86600BDF866001B99096828
:1032E000C86003E001208DF85F00FFE7FFE797E08B
:1032F0009DF8650001460191402800F26380019924
:10330000DFE801F021256060296060602F60606067
:1033100060606060356060606060606060606060D8
:1033200060606060566060606060606060606060A7
:10333000606060606060606060606060606060608D
:10334000606060605C00F7F747F80F9040E0F7F7C7
:1033500057F80F903CE013A8F4F79EFC14980F90D8
:1033600036E010A8F4F7F0FD11980F9030E044F229
:103370000040C5F60200006800F020010020B0EB1C
:10338000511F0ED0FFE744F20040C5F6020000686E
:10339000C0F3C10149F20000C0F2D030C8400F9024
:1033A00005E049F20000C0F2D0300F90FFE70FE0D7
:1033B00040F60010C0F23D000F9009E04FF40040CD
:1033C0000F9005E000200F9001208DF85F00FFE7CF
:1033D0000F9820B3FFE70F981B9A5168536A4AF67B
:1033E0006002C0F6010232F81320B0FBF2F000EBED
:1033F0005100B0FBF1F01890189810280AD3FFE79D
:10340000BDF8620030B9FFE7BDF860001B9909689C
:10341000C86003E001208DF85F00FFE7FFE7FFE7EA
:10342000FFE71B990120A1F86A001B99A1F8680029
:103430001B99002048671B9988679DF85F001CB0A6
:1034400080BD00000000000080B586B0DDF820C01F
:10345000049003918DF80B200193FFE70498006816
:10346000C06903990840401AB0FA80F040099DF8FD
:103470000B10884266D1FFE708980130002860D021
:10348000FFE7F2F7BDFD0199401A0899884203D879
:10349000FFE7089820B9FFE703208DF8170055E0F3
:1034A0000498006800684007002849D5FFE70398A2
:1034B000802845D0FFE70398402841D0FFE70498D3
:1034C0000068C06900F008010120B0EBD10F16D1EF
:1034D000FFE7049801680820009008620498FFF74D
:1034E000CFFA00980499C1F89000FFE704990020F2
:1034F00081F88400FFE701208DF8170026E004988A
:103500000068C06900F400610120B0EBD12F16D132
:10351000FFE7049801684FF4006008620498FFF721
:10352000AFFA04992020C1F89000FFE70499002029
:1035300081F88400FFE703208DF8170006E0FFE71D
:10354000FFE78BE700208DF81700FFE79DF81700D5
:1035500006B080BD0000000080B586B004908DF8F4
:103560000F100498D0F8C80201900498D0F8D41233
:1035700000EB8100D0F8C00220B9FFE703208DF8EE
:1035800017005FE00498D0F8D41200EB8100D0F867
:10359000C002029004989DF80F1001F00F0101EB9A
:1035A000810100EB8100806940B3FFE704989DF83A
:1035B0000F1001F00F0101EB810200EB8200826924
:1035C000019801EBC10100EB8100C169B2FBF1F090
:1035D00000FB112090B9FFE704989DF80F1001F04F
:1035E0000F0101EB810100EB81000023836104984E
:1035F0009DF80F101A4601F0BFFD1FE00299002050
:10360000C1F814020498D0F8D41200EB8100D0F86D
:10361000C402006988B1FFE70498D0F8D41200EB27
:103620008100D0F8C40203690299D1F8080201F5BB
:1036300004719DF80F209847FFE7FFE700208DF801
:103640001700FFE79DF8170006B080BD00000000DE
:1036500080B584B002908DF807100298D0F8D4128B
:1036600000EB8100D0F8C00200900298D0F8D4128C
:1036700000EB8100D0F8C00220B9FFE703208DF8ED
:103680000F0019E002989DF8071001F0E5FA009983
:10369000C1F80C020298D0F8D41200EB8100D0F8E7
:1036A000C402C2680099D1F8040201F50371904781
:1036B00000208DF80F00FFE79DF80F0004B080BDDB
:1036C00080B586B005908DF81310059840F2010181
:1036D000C2F200410091097801F0D2F800990598F2
:1036E000097801F00F0101EB810100EB810100205D
:1036F00003908884059840F20201C2F200410191D2
:10370000097801F0BDF8019A03980599127802F042
:103710000F0202EB820201EB8201A1F8640105981D
:1037200040F20001C2F200410291097801F0A8F8CC
:10373000029A03980599137803F00F0303EB8303B0
:1037400001EB830188840599127802F00F0202EBE5
:10375000820201EB8201C8840598D0F8D41200EBF4
:103760008100D0F8C002F0B1FFE70598D0F8D4127C
:1037700000EB8100D0F8C402406880470598D0F87B
:10378000D41200EB8100D0F8C00202F0A1F9059834
:10379000D0F8D41200EB81010020C1F8C0020599D5
:1037A000C1F8BC02FFE7002006B080BD00000000A9
:1037B00080B584B002900298D0F8D41200EB81005A
:1037C000D0F8C0020190019820B9FFE703208DF8DE
:1037D0000F0025E00298D0F8D41200EB8100D0F859
:1037E000C402C8B1FFE7019890F80002FF2813D087
:1037F000FFE70298D0F8D41200EB8100D0F8C402A1
:103800008368019991F8000291F801229847019983
:10381000FF2081F80002FFE700208DF80F00FFE78E
:103820009DF80F0004B080BD81B0009000990A207F
:10383000088040F2AC00C2F2004001B070470000C6
:1038400080B586B0059040F26800C2F20040019059
:10385000822100F091FE014601980491012100F0BF
:103860008BFE014601980391812100F085FE0290B4
:10387000049820B1FFE7049910208871FFE70398AE
:1038800020B1FFE7039940208880FFE7029820B12C
:10389000FFE7029940208880FFE7059943200880D0
:1038A00040F26800C2F2004006B080BD0000000097
:1038B00080B586B0059040F26800C2F200400190E9
:1038C000822100F059FE014601980491012100F087
:1038D00053FE014601980391812100F04DFE0290B4
:1038E000049820B1FFE7049910208871FFE703983E
:1038F00028B1FFE703994FF400708880FFE7029832
:1039000028B1FFE702994FF400708880FFE705991E
:103910004320088040F26800C2F2004006B080BD3B
:1039200080B586B0059040F26800C2F20040019078
:10393000822100F021FE014601980491012100F04E
:103940001BFE014601980391812100F015FE0290B3
:10395000049820B1FFE7049910208871FFE70398CD
:1039600020B1FFE7039940208880FFE7029820B14B
:10397000FFE7029940208880FFE7059943200880EF
:1039800040F26800C2F2004006B080BD00000000B6
:1039900080B590B00E908DF837104FF4077002F09C
:1039A0009BF80C900C9860B9FFE70E98D0F8D412F1
:1039B00000EB81010020C1F8C00202208DF83F0019
:1039C000F0E00C984FF40771ECF780FD0C980E991D
:1039D000D1F8D42201EB8201C1F8C0020E99D1F8CE
:1039E000D40201EB8000D0F8C002C1F8BC020E98EE
:1039F000007C002840D1FFE70E9840F20101C2F29E
:103A0000004107910978022208924FF4007309934C
:103A100001F016FA0799089A099B0E98097801F0A7
:103A20000F0101EB810100EB810101200B908884E3
:103A30000E9840F20201C2F200410A91097801F0A9
:103A4000FFF90A9A0B980E99127802F00F0202EB16
:103A5000820201EB8201A1F864010E9840F200019C
:103A6000C2F20041097801F00F0101EB810100EB86
:103A700081011020C8843EE00E9840F20101C2F29C
:103A8000004102910978022203924023049301F03D
:103A9000D7F90299039A049B0E98097801F00F0157
:103AA00001EB810100EB81010120069088840E98D2
:103AB00040F20201C2F200410591097801F0C0F91B
:103AC000059A06980E99127802F00F0202EB820214
:103AD00001EB8201A1F864010E9840F20001C2F2EC
:103AE0000041097801F00F0101EB810100EB810138
:103AF0001020C884FFE70E9840F20001C2F2004196
:103B0000009109780322082301F09AF900990E9890
:103B1000097801F00F0101EB810100EB8101012027
:103B200088840C9900200190C1F804020E98D0F806
:103B3000D41200EB8100D0F8C402006880470198DD
:103B40000C99C1F814020C99C1F818020C98D0F81D
:103B5000040220B9FFE702208DF83F0022E00E9812
:103B6000007C70B9FFE70E9840F20201C2F20041FA
:103B700009780C9AD2F804224FF4007301F088F906
:103B80000CE00E9840F20201C2F2004109780C9A52
:103B9000D2F80422402301F07BF9FFE700208DF8E2
:103BA0003F00FFE79DF83F0010B080BD000000001F
:103BB00080B584B002900298D0F8D41200EB810056
:103BC000D0F8C00201900298D0F8D41200EB810026
:103BD000D0F8C00220B9FFE703208DF80F0022E0E3
:103BE0000298007C70B9FFE7029840F20201C2F22D
:103BF00000410978019AD2F804224FF4007301F0D1
:103C000047F90CE0029840F20201C2F20041097843
:103C1000019AD2F80422402301F03AF9FFE700208C
:103C20008DF80F00FFE79DF80F0004B080BD000085
:103C300083B001900091009820B9FFE703208DF830
:103C40000B000BE000980199D1F8D42201EB82011E
:103C5000C1F8C40200208DF80B00FFE79DF80B00AF
:103C600003B070470000000084B0029001910298F8
:103C7000D0F8D41200EB8100D0F8C0020090009878
:103C800020B9FFE703208DF80F0007E001980099A5
:103C9000C1F8040200208DF80F00FFE79DF80F0027
:103CA00004B070470000000085B0039002910192BB
:103CB0000398D0F8D41200EB8100D0F8C002009035
:103CC000009820B9FFE703208DF813000BE002985D
:103CD0000099C1F8080201980099C1F8100200206B
:103CE0008DF81300FFE79DF8130005B07047000042
:103CF00080B58AB0089007910898D0F8D41200EBEC
:103D00008100D0F8C002069000208DF81500ADF8B3
:103D100012008DF81100069820B9FFE703208DF8F6
:103D20002700C7E00798007800F060000146039183
:103D300000285ED0FFE70398202840F0AE80FFE720
:103D40000798C088002846D0FFE70798007800064B
:103D5000002823D5FFE70898D0F8D41200EB8100A3
:103D6000D0F8C4028368079A50780699D288984799
:103D70000798C088082803D3FFE70720029003E0D4
:103D80000798C0880290FFE70298ADF816000898DF
:103D90000699BDF8162000F03FF91BE0079840781F
:103DA000069981F800020798C0883F2804D8FFE7E9
:103DB0000798C088019002E040200190FFE7019839
:103DC000069981F801020898069991F8012200F0FD
:103DD000F3F8FFE70CE00898D0F8D41200EB81006C
:103DE000D0F8C40283680799487800229847FFE713
:103DF0005BE007984078014600910B2844D8009971
:103E0000DFE801F0064142424242424242421C3255
:103E1000089890F89C02032807D1FFE708980DF155
:103E20001201022200F0F8F807E00898079900F064
:103E3000B3F803208DF81100FFE72DE0089890F803
:103E40009C02032807D1FFE708980DF11501012214
:103E500000F0E2F807E00898079900F09DF80320C9
:103E60008DF81100FFE717E0089890F89C020328EE
:103E700008D0FFE70898079900F08EF803208DF826
:103E80001100FFE708E007E00898079900F084F8C0
:103E900003208DF81100FFE707E00898079900F06C
:103EA0007BF803208DF81100FFE79DF811008DF8D5
:103EB0002700FFE79DF827000AB080BD0000000042
:103EC00080B582B001908DF8031000208DF80200BB
:103ED0000198D0F8B8124A689DF80310904720B1B5
:103EE000FFE703208DF80200FFE79DF8020002B013
:103EF00080BD00000000000080B582B001900091FC
:103F0000019890F89C02013802280ED8FFE700982B
:103F10004088012808D1FFE701990020C1F8A402D8
:103F2000019800F095F8FFE704E00198009900F08F
:103F300033F8FFE702B080BD82B001908DF8031026
:103F4000002002B07047000082B001908DF803108D
:103F5000002002B07047000080B584B00390029149
:103F600001920398029A019B0021009100F090FFBA
:103F7000009804B080BD000080B584B00390029129
:103F800001920398029A019B0021009101F0F4F83C
:103F9000009804B080BD000080B582B0019000910F
:103FA0000198802101F094F80198002101F090F827
:103FB00002B080BD0000000080B584B00390029183
:103FC000019203990320C1F8940201980399C1F862
:103FD000580101980399C1F85C010398029A019B6A
:103FE0000021009100F054FF009804B080BD000053
:103FF00080B582B0019001990520C1F89402019822
:104000000023009319461A4600F042FF009802B0C0
:1040100080BD00000000000080B584B003900291D4
:10402000019203990220C1F89402019803998861D2
:1040300001980399C8610398029A019B002100919D
:1040400001F09AF8009804B080BD00000000000064
:1040500080B582B0019001990420C1F894020198C2
:104060000023009319461A4601F086F8009802B022
:1040700080BD00000000000080B582B08DF8070010
:1040800000919DF8070060B9FFE7009A4EF27300B7
:10409000C0F6010042F20421C2F2004100F00CFB24
:1040A0000BE0009A4EF27300C0F6010042F20421C8
:1040B000C2F2004100F000FBFFE742F20420C2F22E
:1040C000004002B080BD000082B08DF80700009172
:1040D00000991220088040F2B800C2F2004002B0FD
:1040E000704700000000000080B582B08DF8070026
:1040F00000919DF8070060B9FFE7009A4EF2650055
:10410000C0F6010042F20421C2F2004100F0D4FAEC
:104110000BE0009A4EF26500C0F6010042F2042165
:10412000C2F2004100F0C8FAFFE742F20420C2F2F6
:10413000004002B080BD000082B08DF80700009101
:1041400000990420088040F2E000C2F2004002B072
:10415000704700000000000080B584B08DF80F00AB
:104160000291029A4EF27E00C0F6010042F2042152
:10417000C2F20041019100F09FFA019804B080BDA5
:1041800080B582B08DF8070000919DF8070060B9F6
:10419000FFE7009A4EF29100C0F6010042F20421BE
:1041A000C2F2004100F088FA0BE0009A4EF2910052
:1041B000C0F6010042F20421C2F2004100F07CFA94
:1041C000FFE742F20420C2F2004002B080BD0000CE
:1041D00080B582B08DF80700009100991A20088000
:1041E000EDF78EFC40F2E400C2F2004002B080BD68
:1041F00080B584B0039002910298C088012805D050
:10420000FFE703980299FFF7C7FE21E0039890F8B3
:104210009C12481E0191022804D3FFE7019803284D
:104220000AD00FE0039900208860039800F108018C
:104230000122FFF7F1FE0AE00398011D0122FFF7BA
:10424000EBFE04E003980299FFF7A6FEFFE7FFE705
:1042500004B080BD0000000080B588B007900691D2
:104260000020ADF8160004908DF80F000698C07875
:104270000138014602910E2800F241810299DFE8DF
:1042800011F02A00340051003E013E010B012301D0
:104290003E013E013E013E013E013E013E010F0056
:1042A0000798D0F8B402C06950B1FFE70798D0F87A
:1042B000B412CA69007C0DF116019047049009E020
:1042C00007980699FFF768FE9DF80F0001308DF8FA
:1042D0000F00FFE71DE10798D0F8B4120A68007CD0
:1042E0000DF116019047049013E10798007C60B926
:1042F000FFE70798D0F8B802816A0DF116008847E9
:1043000004900499022048700BE00798D0F8B80296
:10431000C16A0DF116008847049004990220487084
:10432000FFE7F6E00698807801460191052800F243
:10433000A8800199DFE801F0031E39546F8A0798BD
:10434000D0F8B402406850B1FFE70798D0F8B41233
:104350004A68007C0DF116019047049009E0079827
:104360000699FFF719FE9DF80F0001308DF80F0038
:10437000FFE790E00798D0F8B402806850B1FFE7FB
:104380000798D0F8B4128A68007C0DF116019047A6
:10439000049009E007980699FFF7FEFD9DF80F00CD
:1043A00001308DF80F00FFE775E00798D0F8B402F0
:1043B000C06850B1FFE70798D0F8B412CA68007C13
:1043C0000DF116019047049009E007980699FFF750
:1043D000E3FD9DF80F0001308DF80F00FFE75AE074
:1043E0000798D0F8B402006950B1FFE70798D0F8F9
:1043F000B4120A69007C0DF116019047049009E09F
:1044000007980699FFF7C8FD9DF80F0001308DF859
:104410000F00FFE73FE00798D0F8B402406950B1C1
:10442000FFE70798D0F8B4124A69007C0DF1160135
:104430009047049009E007980699FFF7ADFD9DF8B5
:104440000F0001308DF80F00FFE724E00798D0F847
:10445000B402806950B1FFE70798D0F8B4128A69B6
:10446000007C0DF116019047049009E00798069929
:10447000FFF792FD9DF80F0001308DF80F00FFE768
:1044800009E007980699FFF787FD9DF80F000130B6
:104490008DF80F00FFE73CE00798007C48B9FFE784
:1044A0000798D0F8B802416B0DF1160088470490C8
:1044B00009E007980699FFF76FFD9DF80F0001309E
:1044C0008DF80F00FFE724E00798007C60B9FFE754
:1044D0000798D0F8B802016B0DF1160088470490D8
:1044E00004990720487009E007980699FFF754FDE2
:1044F0009DF80F0001308DF80F00FFE709E00798E5
:104500000699FFF749FD9DF80F0001308DF80F0067
:10451000FFE79DF80F0008B1FFE72AE00698C08882
:1045200018B3FFE7BDF81600C8B1FFE7BDF81600E5
:104530000699C988884204DAFFE7BDF816000090A2
:1045400003E00698C0880090FFE70098ADF81600D9
:1045500007980499BDF81620FFF75EFD04E0079860
:104560000699FFF719FDFFE703E00798FFF770FDD5
:10457000FFE708B080BD000080B586B005908DF8DB
:10458000131005980390059802900020019002995D
:1045900048880978884227DDFFE702980078ADF85F
:1045A0000200FFE7BDF802000299498888421ADA42
:1045B000FFE703980DF1020100F036F8039003982D
:1045C000407805280ED1FFE7039801900198807884
:1045D0009DF81310884201D1FFE704E0002001900C
:1045E000FFE7FFE7DEE7FFE7019806B080BD0000C8
:1045F00083B0029000208DF8070002980090FFE73A
:104600000098007848B1FFE79DF8070001308DF869
:104610000700009801300090F2E79DF8070003B012
:10462000704700000000000083B0029001910298E2
:104630000090009802780199088810440880029838
:104640000099097808440090009803B07047000072
:1046500080B582B001900091019890F89C020138D9
:1046600002281FD8FFE70098C088022805D0FFE77E
:1046700001980099FFF790FC19E001990120C860AA
:104680000198D0F8A40230B1FFE70199C86840F062
:104690000200C860FFE7019800F10C010222FFF759
:1046A000BBFC04E001980099FFF776FCFFE702B03D
:1046B00080BD00000000000080B586B00590049128
:1046C000039200208DF80B00059808B9FFE74FE032
:1046D000059801900198FFF78BFF0146022000EB3F
:1046E0004100B0F5007F04D9FFE74FF4007000905F
:1046F00008E00198FFF77CFF0146022000EB410033
:104700000090FFE7009803990880039800780499C7
:104710009DF80B2088549DF80B0001308DF80B009C
:1047200004999DF80B20032088549DF80B0001305C
:104730008DF80B00FFE701980078C8B1FFE70198FA
:10474000007804999DF80B2088540198013001905D
:104750009DF80B0001308DF80B0004999DF80B209B
:10476000002088549DF80B0001308DF80B00E2E723
:1047700006B080BD0000000082B08DF80700002068
:104780008DF806009DF8070001460091032814D813
:104790000099DFE801F002060A0E00208DF80600FD
:1047A0000FE003208DF806000BE001208DF80600D5
:1047B00007E003208DF8060003E003208DF80600D3
:1047C000FFE79DF8060002B07047000000000000FF
:1047D00080B584B0029001918DF80320029820B931
:1047E000FFE703208DF80F0023E002990020C1F8B5
:1047F000B8020299C1F8C4020299C1F8D002019826
:1048000028B1FFE701980299C1F8B402FFE70299C5
:10481000012081F89C029DF803000299087002981B
:1048200000F02AFA8DF802009DF802008DF80F00C2
:10483000FFE79DF80F0004B080BD000000000000FD
:1048400080B582B001908DF8031000208DF8020031
:104850008DF801000198D0F8C8029DF80310F1F717
:10486000B7FF8DF802009DF80200FFF785FF8DF875
:1048700001009DF8010002B080BD000000000000B2
:1048800080B582B001908DF8031000208DF80200F1
:104890008DF801000198D0F8C8029DF80310F1F7D7
:1048A00043FF8DF802009DF80200FFF765FF8DF8C9
:1048B00001009DF8010002B080BD00000000000072
:1048C00080B588B006908DF8171004929DF81700F7
:1048D000002874D1FFE70698143003900698D0F8AA
:1048E000940202285DD1FFE703998868C96888426D
:1048F00012D9FFE703998868CA68801A8860069809
:104900000499039A9268FFF737FB0698002319462B
:104910001A4600F0BDFA43E003988168C0688842F7
:104920001ED1FFE703994868C968884218D3FFE79A
:10493000039840680699D1F89812884210D2FFE790
:104940000698002201921146FFF716FB019B06987C
:10495000C0F89832069819461A4600F099FA1EE0F7
:10496000069890F89C02032811D1FFE70698D0F82A
:10497000B802C06850B1FFE706990020C1F8D40220
:104980000698D0F8B812C9688847FFE7FFE706988D
:10499000802100F09DFB0698FFF72AFBFFE7FFE769
:1049A000FFE7069890F8A00240B1FFE7069800F0F4
:1049B00077FC0699002081F8A002FFE740E0069806
:1049C0009DF8171041F08001FFF7B6FA8DF80A0044
:1049D0009DF80A00FF2832D0FFE79DF80A0070BB5F
:1049E000FFE7069890F89C02032827D1FFE7069876
:1049F0009DF80A1000EB8100D0F8B8024069E0B1E0
:104A0000FFE79DF80A000699C1F8D40206989DF8C0
:104A10000A1000EB8101D1F8B8124A699DF817100D
:104A200090478DF80B009DF80B0028B1FFE79DF82B
:104A30000B008DF81F0007E0FFE7FFE7FFE7FFE748
:104A400000208DF81F00FFE79DF81F0008B080BD13
:104A500080B58AB008908DF81F10069200208DF85E
:104A600013009DF81F00002840F08280FFE708989F
:104A700000F5AA7005900898D0F89402032876D122
:104A8000FFE705998868C96888421DD9FFE705993D
:104A90008868CA68801A886008980290069803900F
:104AA00005998868C968884204D2FFE7059880683C
:104AB000019003E00598C0680190FFE70399029810
:104AC000019AFFF749FA51E0089890F8AA0200F01D
:104AD0001F000146009140B1FFE70098012808D06F
:104AE000FFE7009802280CD013E000208DF8120098
:104AF00013E0089890F8AE12FFF726FA8DF812002E
:104B00000BE0089890F8AE12FFF716FA8DF8120035
:104B100003E000208DF81200FFE79DF8120008BBAB
:104B2000FFE7089890F89C0203281AD1FFE708983D
:104B30009DF8121000EB8100D0F8B802006978B13E
:104B4000FFE79DF812000899C1F8D40208989DF873
:104B5000121000EB8101D1F8B81209698847FFE70C
:104B6000FFE7FFE70898FFF773FAFFE7FFE740E08A
:104B700008989DF81F1001F07F01FFF7DDF98DF80F
:104B800012009DF81200FF2832D0FFE79DF81200B6
:104B900070BBFFE7089890F89C0203281ED1FFE73E
:104BA00008989DF8121000EB8100D0F8B8028069D7
:104BB00098B1FFE79DF812000899C1F8D40208984F
:104BC0009DF8121000EB8101D1F8B8128A699DF8A6
:104BD0001F1090478DF81300FFE7FFE79DF81300C3
:104BE00028B1FFE79DF813008DF8270005E0FFE7E7
:104BF000FFE700208DF82700FFE79DF827000AB0A7
:104C000080BD00000000000081B00090002001B0D5
:104C1000704700000000000080B582B001900020C5
:104C20008DF803000199012081F89C020198D0F8C9
:104C3000B80268B1FFE70198D0F8B8124A68017964
:104C4000904720B1FFE703208DF80300FFE7FFE75F
:104C50009DF8030002B080BD80B582B001908DF850
:104C600003100198D0F8C8029DF80310F1F714FE64
:104C700002B080BD0000000080B584B003900398AE
:104C80000078B8BBFFE7039943F69C30C2F20040BE
:104C90000290C0F8E0140399C1F8C8020021C4F2E0
:104CA00008010160092101710222C2710021817194
:104CB00042728172C172017341738173C173F2F7E1
:104CC000BBFB18B1FFE7ECF763FCFFE743F69C3052
:104CD000C2F20040019080210091F1F759FC019847
:104CE00000214022F1F760FC009A01980121F1F7C0
:104CF0005BFCFFE7002004B080BD00000000000066
:104D000084B002908DF807100298D0F8C802009085
:104D10009DF80700000600280DD5FFE700989DF8D4
:104D2000071001F07F0101EBC10100EB8100807DE4
:104D30008DF80F000DE000989DF8071001F07F013D
:104D400001EBC10100EB810090F856028DF80F00D5
:104D5000FFE79DF80F0004B070470000000000005E
:104D600080B584B002908DF807100298D0F8D41264
:104D700000EB8100D0F8B80220B9FFE703208DF8DE
:104D80000F0020E0029890F89C02032817D1FFE75B
:104D90000298D0F8D41200EB8100D0F8B802006A73
:104DA00060B1FFE70298D0F8D41200EB8101D1F88E
:104DB000B8120A6A9DF807109047FFE7FFE7002046
:104DC0008DF80F00FFE79DF80F0004B080BD0000D4
:104DD00080B584B002908DF807100298D0F8D412F4
:104DE00000EB8100D0F8B80220B9FFE703208DF86E
:104DF0000F0020E0029890F89C02032817D1FFE7EB
:104E00000298D0F8D41200EB8100D0F8B802406AC2
:104E100060B1FFE70298D0F8D41200EB8101D1F81D
:104E2000B8124A6A9DF807109047FFE7FFE7002095
:104E30008DF80F00FFE79DF80F0004B080BD000063
:104E400080B584B003908DF80B108DF80A20ADF872
:104E5000083000208DF807008DF806000398D0F880
:104E6000C8029DF80B10BDF808209DF80A30F1F734
:104E700027FD8DF807009DF80700FFF77DFC8DF8F2
:104E800006009DF8060004B080BD00000000000090
:104E900080B586B005908DF8131003920293002020
:104EA0008DF807008DF806000598D0F8C8029DF827
:104EB0001310039A029BF1F77BFD8DF807009DF814
:104EC0000700FFF759FC8DF806009DF8060006B0B4
:104ED00080BD00000000000080B586B00590002075
:104EE0008DF81300059A012182F89C120599C1F8EA
:104EF0009402059948600599C1F8A402059981F8C2
:104F0000A0020598D0F8B802A0B1FFE70598D0F844
:104F1000B802406868B1FFE70598D0F8B8124A684F
:104F20000179904720B1FFE703208DF81300FFE7D8
:104F3000FFE7FFE705980022019240230393114603
:104F4000FFF77EFF019A039B059901200290A1F8CB
:104F500064010598C0F8603105988021FFF770FF63
:104F600002990398059A9184059908629DF81300A7
:104F700006B080BD0000000081B00090009890F85D
:104F80009C02042807D1FFE7009890F89D02009941
:104F900081F89C02FFE7002001B07047000000008C
:104FA00080B582B00190019890F89C02032813D13B
:104FB000FFE70198D0F8B80268B1FFE70198D0F890
:104FC000B802C06930B1FFE70198D0F8B812C969DA
:104FD0008847FFE7FFE7FFE7002002B080BD000041
:104FE00082B001908DF803109DF8030001990874B8
:104FF000002002B07047000080B582B001908DF8AB
:10500000031000208DF802008DF801000198D0F8FF
:10501000C8029DF80310F2F7D7FB8DF802009DF847
:105020000200FFF7A9FB8DF801009DF8010002B016
:1050300080BD00000000000080B584B003900291A4
:10504000039800F2AA20029900F0BAF8039901200F
:10505000C1F894020399B1F8B002C1F8980203981C
:1050600090F8AA0200F01F000146009140B1FFE74E
:10507000009801280CD0FFE70098022810D017E014
:10508000039800F2AA2100F067FA8DF8070019E0F2
:10509000039800F2AA2100F09FFC8DF8070011E0B0
:1050A000039800F2AA2100F0BFFA8DF8070009E08A
:1050B000039890F8AA1201F0800100F009F88DF829
:1050C0000700FFE79DF8070004B080BD0000000066
:1050D00080B582B001908DF8031000208DF8020099
:1050E0008DF801000198D0F8C8029DF80310F1F77F
:1050F00097FC8DF802009DF80200FFF73DFB8DF84C
:1051000001009DF8010002B080BD00000000000019
:1051100080B582B0019000208DF803008DF8020068
:105120000198D0F8C802F2F78BFB8DF803009DF8C8
:105130000300FFF721FB8DF802009DF8020002B08A
:1051400080BD00000000000081B00090009890F841
:105150009C02042807D0FFE7009890F89C02009971
:1051600081F89D02FFE70099042081F89C0200204D
:1051700001B070470000000080B586B005908DF842
:1051800013100392029300208DF807008DF806009B
:105190000598D0F8C8029DF81310039A029BF1F706
:1051A000AFFC8DF807009DF80700FFF7E5FA8DF8D2
:1051B00006009DF8060006B080BD0000000000005B
:1051C00080B584B003900291029801900198007814
:1051D00003990870019801300190019800780399B3
:1051E00048700198013001900198FCF79DFF0399E8
:1051F0004880019801300190019801300190019898
:10520000FCF792FF03998880019801300190019882
:10521000013001900198FCF787FF0399C88004B022
:1052200080BD00000000000080B584B002900191B4
:105230000020ADF80200019820B9FFE703208DF8A7
:105240000F0026E001980299C1F8B8020298D0F840
:10525000D41200EB8100D0F8B802C06A78B1FFE741
:105260000298D0F8D41200EB8100D0F8B802C16ADD
:105270000DF1020088470299C1F8D002FFE70299B8
:10528000D1F8D8020130C1F8D80200208DF80F0003
:10529000FFE79DF80F0004B080BD00000000000093
:1052A00081B00090002001B07047000000000000B5
:1052B00080B584B00390029102988088B8BBFFE764
:1052C0000298C08898BBFFE7029840887F282ED8B4
:1052D000FFE70298807800F07F008DF807000398C0
:1052E00090F89C02032805D1FFE703980299FEF786
:1052F00053FE1BE09DF80700039981F89E02039876
:105300009DF80710FFF778FE0398FEF7A1FE9DF8C1
:10531000070028B1FFE70399022081F89C0204E00E
:105320000399012081F89C02FFE7FFE704E003985E
:105330000299FEF731FEFFE704B080BD00000000D7
:1053400080B582B001908DF8031000208DF8020026
:105350000198D0F8B80250B1FFE70198D0F8B81220
:105360000A689DF8031090478DF80200FFE79DF84A
:10537000020002B080BD000080B586B004900391A9
:1053800000208DF80B000398817842F20020C2F2D1
:10539000004001700078022808D3FFE704980399C1
:1053A000FEF7FAFD03208DF81700A0E0049890F8AE
:1053B0009C0201460191022804D0FFE701980328CE
:1053C0002FD07FE042F20020C2F20040007818B3F4
:1053D000FFE742F20021C2F200410878049A5060CF
:1053E00004980978FFF7ACFF8DF80B009DF80B00CF
:1053F00048B1FFE704980399FEF7CEFD0499022017
:1054000081F89C0207E00498FEF722FE049903202D
:1054100081F89C02FFE703E00498FEF719FEFFE71E
:1054200060E042F20020C2F20040007898B9FFE745
:105430000499022081F89C0242F20021C2F200414C
:105440000878049A506004980978FEF739FD0498AA
:10545000FEF7FEFD35E042F20020C2F20040007887
:1054600004994968884227D0FFE704980179FEF73C
:1054700027FD42F20021C2F200410878049A5060F0
:1054800004980978FFF75CFF8DF80B009DF80B007E
:1054900068B1FFE704980399FEF77EFD049801794F
:1054A000FEF70EFD0499022081F89C0203E00498A7
:1054B000FEF7CEFDFFE703E00498FEF7C9FDFFE726
:1054C000FFE70FE004980399FEF766FD049842F2A7
:1054D0000021C2F200410978FEF7F2FC03208DF8AA
:1054E0000B00FFE79DF80B008DF81700FFE79DF814
:1054F000170006B080BD000080B582B00190009119
:1055000000984088012808D1FFE701990120C1F8DF
:10551000A4020198FEF79CFD13E000984088022841
:1055200009D1FFE700984079019981F8A00201981C
:10553000FEF78EFD04E001980099FEF72DFDFFE7D0
:10554000FFE702B080BD000080B582B001900198F5
:10555000FFF7DEFD02B080BD80B586B005900491F6
:1055600000208DF80F000498007800F060000146DC
:105570000291A8B1FFE70298202804D0FFE7029823
:10558000402846D1FFE70598D0F8D41200EB8101FE
:10559000D1F8B8128A68049990478DF80F003DE061
:1055A000049840780146019109282CD80199DFE838
:1055B00001F01B252A202A0A052A160F05980499AE
:1055C000FEF74AFE24E005980499FFF771FE1FE0FC
:1055D00005980499FFF7D0FE8DF80F0018E00598A4
:1055E0000499FEF705FE13E005980499FFF730F8DB
:1055F0000EE005980499FFF77FFF09E005980499EC
:10560000FEF77AFC04E005980499FEF7C5FCFFE775
:1056100004E005980499FEF7BFFCFFE79DF80F0032
:1056200006B080BD0000000080B58CB00B900A91E0
:1056300000208DF821000A9880888DF823000A98B0
:10564000007800F0600001460791B8B3FFE70798C3
:10565000202805D0FFE70798402840F0B281FFE7F7
:105660000B989DF82310FEF767FC8DF822009DF83B
:105670002200FF2821D0FFE79DF82200E8B9FFE7CC
:105680009DF822000B99C1F8D4020B989DF82210C6
:1056900000EB8100D0F8B802806868B1FFE70B9892
:1056A0009DF8221000EB8101D1F8B8128A680A999E
:1056B00090478DF82100FFE7FFE787E10A984078DF
:1056C00001460691002800F0BD80FFE706980128FA
:1056D0004CD0FFE70698032840F06D81FFE70B9858
:1056E00090F89C0201460591022804D0FFE7059836
:1056F000032819D034E09DF8230078B1FFE79DF826
:10570000230080280AD0FFE70B989DF82310FFF7AD
:10571000DFFC0B988021FFF7DBFC04E00B980A9973
:10572000FEF73AFCFFE720E00A984088A0B9FFE7BF
:105730009DF8230078B1FFE79DF8230080280AD068
:10574000FFE70A98C08830B9FFE70B989DF823104F
:10575000FFF7BEFCFFE7FFE70B98FEF779FC04E0DC
:105760000B980A99FEF718FCFFE729E10B9890F8CF
:105770009C0201460491022804D0FFE70498032804
:1057800019D059E09DF8230078B1FFE79DF8230078
:1057900080280AD0FFE70B989DF82310FFF798FCAC
:1057A0000B988021FFF794FC04E00B980A99FEF710
:1057B000F3FBFFE745E00A984088E0BBFFE79DF870
:1057C0002300400630B1FFE70B989DF82310FFF748
:1057D00037F8FFE70B98FEF73BFC0B989DF823107A
:1057E000FEF7AAFB8DF822009DF82200FF2821D0A9
:1057F000FFE79DF82200E8B9FFE79DF822000B992A
:10580000C1F8D4020B989DF8221000EB8100D0F86B
:10581000B802806868B1FFE70B989DF8221000EB92
:105820008101D1F8B8128A680A9990478DF8210051
:10583000FFE7FFE7FFE704E00B980A99FEF7ACFBF0
:10584000FFE7BDE00B9890F89C0201460391022807
:1058500004D0FFE70398032838D0A6E09DF8230082
:1058600050B1FFE79DF82300802805D0FFE70B9893
:105870000A99FEF791FB9DE09DF8230000060028A1
:105880000CD5FFE70B989DF8231001F07F0101EB89
:10589000810100EB8100143002900CE00B989DF820
:1058A000231001F07F0101EB810100EB810000F585
:1058B000AA700290FFE702980990099900200860F9
:1058C0000B9809990222FEF7A7FB73E09DF82300CD
:1058D0000006002812D5FFE70B989DF8231001F071
:1058E0000F0101EB810100EB8100808C28B9FFE7FB
:1058F0000B980A99FEF750FB5CE012E00B989DF8BC
:10590000231001F00F0101EB810100EB8100B0F8E1
:10591000640128B9FFE70B980A99FEF73DFB49E0BF
:10592000FFE79DF82300000600280CD5FFE70B9841
:105930009DF8231001F07F0101EB810100EB810054
:10594000143001900CE00B989DF8231001F07F01BA
:1059500001EB810100EB810000F5AA700190FFE7E7
:10596000019809909DF8230028B1FFE79DF82300D6
:10597000802804D1FFE70999002008600FE00B9808
:105980009DF82310FFF7BCF920B1FFE7099901202A
:10599000086003E0099900200860FFE7FFE70B9823
:1059A00009990222FEF738FB04E00B980A99FEF7EA
:1059B000F3FAFFE704E00B980A99FEF7EDFAFFE728
:1059C00004E00B980A99FEF7E7FAFFE79DF821003B
:1059D0000CB080BD0000000080B584B0039002913F
:1059E00000208DF807000298007800F06000014662
:1059F000009140B1FFE70098202804D0FFE700980D
:105A000040285AD1FFE7039890F89C0201380228F9
:105A10004DD8FFE702980079012842D8FFE70398A4
:105A200002990979FEF790FA8DF806009DF80600B4
:105A3000FF2825D0FFE79DF8060008BBFFE7039885
:105A40009DF8061000EB8100D0F8B802806890B194
:105A5000FFE79DF806000399C1F8D40203989DF86A
:105A6000061000EB8101D1F8B8128A6802999047BC
:105A70008DF8070003E003208DF80700FFE703E03F
:105A800003208DF80700FFE70298C08840B9FFE7C0
:105A90009DF8070020B9FFE70398FEF7D9FAFFE762
:105AA00004E003980299FEF777FAFFE704E0039811
:105AB0000299FEF771FAFFE704E003980299FEF7F6
:105AC0006BFAFFE79DF8070004B080BD00000000FE
:105AD00081B0009001B0704781B0009042F2044064
:105AE000C2F2004001B0704784B003900291039865
:105AF000019002980078009002984078012830D1F7
:105B0000FFE70298007800F00F01012000FA01F28F
:105B10000199D1F81C081043C1F81C08019800999C
:105B200000EB4110D0F800090004002818D4FFE76A
:105B3000029988686FF3DF20097940EA8140009A72
:105B400040EA8250019901EB4211D1F8002910433B
:105B500048F20002C1F200021043C1F80009FFE759
:105B60002EE00298007800F00F01012000FA01F207
:105B70000199D1F81C0840EA0240C1F81C080198BC
:105B8000009900EB4110D0F8000B0004002816D457
:105B9000FFE7029988686FF3DF20097940EA8140C6
:105BA0000199009A01EB4211D1F8002B104348F201
:105BB0000002C1F200021043C1F8000BFFE7FFE74B
:105BC000002004B07047000082B00190019800905E
:105BD0000099D1F8000940F2FF729043C1F8000922
:105BE0000099D1F8040840F48070C1F8040800203E
:105BF00002B070470000000080B58AB0DDF830C008
:105C0000CDF814C00493039202919DF814108DF8FE
:105C100024100299039A049B08930792069101901D
:105C20009DF81D00012823D1FFE70199886B20F41E
:105C3000803088630199C8684FF6BF72CFF6BD7295
:105C40001040C8600199C86820F44010C8609DF8F1
:105C50002400012806D1FFE70199C86840F48010AC
:105C6000C860FFE7019800F03FF88DF803001AE0E4
:105C70000199C86840F04000C860019800F034F80D
:105C80008DF803009DF8210030B9FFE70199886B7A
:105C900040F48030886305E00199886B20F48030FF
:105CA0008863FFE7FFE79DF81A00012816D1FFE798
:105CB0000199C86D80B2C8650199C86D0022C0F213
:105CC000EE321043C8650199886840F0060088608C
:105CD0000199886840F020008860FFE79DF8030084
:105CE0000AB080BD0000000083B001900020009049
:105CF000FFE70098013000900098B0F1706F04D970
:105D0000FFE703208DF80B0025E0FFE7019800690D
:105D1000C00F0028EDD0FFE700200090019908692E
:105D200040F001000861FFE7009801300090009802
:105D3000B0F1706F04D9FFE703208DF80B000AE083
:105D4000FFE701980069C0070028EDD1FFE70020B8
:105D50008DF80B00FFE79DF80B0003B070470000C3
:105D600084B003900291039801900298007800900B
:105D700002984078012845D1FFE70198009900EB8F
:105D80004110D0F80009C00FA8B1FFE701980099B1
:105D900000EB4111D1F8000940F00060C1F80009A2
:105DA0000198009900EB4111D1F8000940F08040C2
:105DB000C1F80009FFE70298007800F00F01012008
:105DC00000FA01F3019AD2F83C189943C2F83C1842
:105DD0000299097801F00F0100FA01F20199D1F856
:105DE0001C089043C1F81C080198009900EB411170
:105DF000D1F8000947F60002CEF633421040C1F850
:105E0000000946E00198009900EB4110D0F8000B22
:105E1000C00FA8B1FFE70198009900EB4111D1F83C
:105E2000000B40F00060C1F8000B0198009900EBF6
:105E30004111D1F8000B40F08040C1F8000BFFE7A2
:105E40000298007800F00F01012000FA01F3019A96
:105E5000D2F83C1821EA0341C2F83C1802990978AB
:105E600001F00F0100FA01F20199D1F81C0820EAB3
:105E70000240C1F81C080198009900EB4111D1F8CB
:105E8000000B47F60002CEF6F3721040C1F8000B8B
:105E9000FFE7002004B0704782B0019001980090A5
:105EA0000099D1F8000E20F00300C1F8000E00990F
:105EB000D1F8040820F00200C1F80408002002B064
:105EC000704700000000000082B00190019800902F
:105ED0000099D1F8000E20F00300C1F8000E0099DF
:105EE000D1F8040840F00200C1F80408002002B014
:105EF000704700000000000080B58CB0DDF838C0AD
:105F0000CDF81CC00693059204919DF81C108DF8E5
:105F10002C100499059A069B0A9309920891039004
:105F200000208DF80B00039901910090FFE7009885
:105F30000E280CD8FFE70398009900EB81010020A0
:105F4000C1F80401FFE7009801300090EFE79DF8E9
:105F50002A00B8B9FFE70199D1F8040840F002001F
:105F6000C1F804080399886B20F400108863039932
:105F7000086840F0400008600399086840F080001D
:105F8000086005E00399886B40F400108863FFE720
:105F900001990020C1F8000E9DF8250001280FD1BD
:105FA000FFE79DF8230028B9FFE70398002100F0E0
:105FB00087FE04E00398012100F082FEFFE704E081
:105FC0000398032100F07CFEFFE70398102100F006
:105FD000A7FC20B1FFE701208DF80B00FFE7039835
:105FE00000F062FC20B1FFE701208DF80B00FFE715
:105FF00001990020C1F810080199C1F8140801990D
:10600000C1F81C080090FFE700989DF82010884216
:106010003BD2FFE70198009900EB4110D0F800094E
:10602000C00FB0B1FFE7009848B9FFE701980099A9
:1060300000EB41114FF00060C1F8000908E0019841
:10604000009900EB41114FF09040C1F80009FFE7C3
:1060500007E00198009900EB41110020C1F8000908
:10606000FFE70198009900EB41110020C1F81009E9
:106070000198009900EB41114FF67F30C1F80809F3
:10608000FFE7009801300090BEE700200090FFE796
:1060900000989DF8201088423BD2FFE701980099B4
:1060A00000EB4110D0F8000BC00FB0B1FFE7009833
:1060B00048B9FFE70198009900EB41114FF00060EB
:1060C000C1F8000B08E00198009900EB41114FF076
:1060D0009040C1F8000BFFE707E00198009900EB42
:1060E00041110020C1F8000BFFE70198009900EB77
:1060F00041110020C1F8100B0198009900EB4111EB
:106100004FF67F30C1F8080BFFE700980130009090
:10611000BEE70199D1F8100820F48070C1F810088A
:1061200003990020886103996FF0804048619DF8D1
:10613000220030B9FFE70399886940F010008861B8
:10614000FFE70399886943F60002C8F23C02104356
:1061500088619DF8260030B1FFE70399886940F017
:1061600008008861FFE79DF82A00012808D1FFE7B1
:10617000039988690422C4F2000210438861FFE792
:106180009DF80B000CB080BD81B00090009988682C
:1061900020F001008860002001B07047000000007E
:1061A00086B004908DF80F10029204980190049824
:1061B000006C0090009843F20B01C4F654718842C1
:1061C0000BD3FFE70198D0F8000BC00F20B1FFE719
:1061D00000208DF817002EE0FFE701990020C1F89C
:1061E000100B0199D1F8100B40F40020C1F8100BEE
:1061F0000199D1F8100B40F01800C1F8100B01996B
:10620000D1F8100B40F0C040C1F8100B9DF80F0002
:1062100001280CD1FFE702980199C1F8140B0199EC
:10622000D1F8000B40F08020C1F8000BFFE7002000
:106230008DF81700FFE79DF8170006B070470000C3
:1062400084B0039002910398019002980078009026
:1062500002984078012820D1FFE70198009900EBCF
:106260004111D1F8000920F40010C1F8000902988A
:106270000079032805D0FFE70298007902280BD1A6
:10628000FFE70198009900EB4111D1F8000940F0B7
:106290008050C1F80009FFE71FE00198009900EB6A
:1062A0004111D1F8000B20F40010C1F8000B029846
:1062B0000079032805D0FFE70298007902280BD166
:1062C000FFE70198009900EB4111D1F8000B40F075
:1062D0008050C1F8000BFFE7FFE7002004B07047D3
:1062E00084B0039002910398019002980078009086
:1062F00002984078012822D1FFE70198009900EB2D
:106300004110D0F80009C00F70B9FFE7009858B1EC
:10631000FFE70198009900EB4111D1F8000920F046
:106320008040C1F80009FFE70198009900EB411196
:10633000D1F8000940F40010C1F8000921E00198EB
:10634000009900EB4110D0F8000BC00F70B9FFE7C7
:10635000009858B1FFE70198009900EB4111D1F87E
:10636000000B20F08040C1F8000BFFE70198009976
:1063700000EB4111D1F8000B40F40010C1F8000B04
:10638000FFE7002004B0704780B588B00790069101
:106390008DF81720079804900698007803900698C7
:1063A0004078012840F01C81FFE706980069F8B9A1
:1063B000FFE70498039900EB4111D1F810096FF33E
:1063C000DC40C1F810090498039900EB4111D1F8A1
:1063D000100940F40020C1F810090498039900EB5B
:1063E0004111D1F810096FF31200C1F8100969E0EA
:1063F0000498039900EB4111D1F810096FF31200D2
:10640000C1F810090498039900EB4111D1F8100963
:106410006FF3DC40C1F810090398A8B9FFE70698AC
:1064200081680069884204D9FFE706998868086195
:10643000FFE70498039900EB4111D1F8100940F4EB
:106440000020C1F8100915E0069881680069084429
:106450000138B0FBF1F10020C1F6F87000EAC1424A
:106460000498039900EB4111D1F810091043C1F8C9
:106470001009FFE7069802696FF3DF420498039959
:1064800000EB4111D1F810091043C1F8100906982A
:106490000079012815D1FFE70498039900EB411119
:1064A000D1F8100920F0C040C1F8100904980399F0
:1064B00000EB4111D1F8100940F00050C1F810096B
:1064C000FFE7FFE79DF8170001283BD1FFE706989B
:1064D000C06948B1FFE70698C0690499039A01EBC7
:1064E0004211C1F81409FFE70698007901281ED16E
:1064F000FFE70498D0F80808C00500280BD4FFE790
:106500000498039900EB4111D1F8000940F00050C4
:10651000C1F800090AE00498039900EB4111D1F891
:10652000000940F08050C1F80009FFE7FFE7049838
:10653000039900EB4111D1F8000940F00440C1F883
:1065400000094CE00498039900EB4111D1F80009CF
:1065500040F00440C1F8000906980079012813D0E2
:10656000FFE70698006970B1FFE70698007800F031
:106570000F01012000FA01F20499D1F83408104308
:10658000C1F83408FFE729E00498D0F80808C005EE
:1065900000280BD4FFE70498039900EB4111D1F8D0
:1065A000000940F00050C1F800090AE0049803997E
:1065B00000EB4111D1F8000940F08050C1F800090A
:1065C000FFE70798069BD9681A781B8A9DF817C0C1
:1065D000EE46CEF800C000F067FCFFE7FFE7C4E03E
:1065E0000498039900EB4111D1F8100B6FF31200DE
:1065F000C1F8100B0498039900EB4111D1F8100B6E
:106600006FF3DC40C1F8100B039818BBFFE7069846
:10661000006920B1FFE7069988680861FFE70699DD
:10662000886808620698026A6FF3DF42049803994B
:1066300000EB4111D1F8100B1043C1F8100B049876
:10664000039900EB4111D1F8100B40F40020C1F880
:10665000100B49E006980069C0B9FFE70698826808
:106660006FF3DF420498039900EB4111D1F8100B4E
:106670001043C1F8100B0498039900EB4111D1F8B5
:10668000100B40F40020C1F8100B2CE00698816834
:10669000006908440138B0FBF1F0ADF80A00069932
:1066A0008868BDF80A2050430862BDF80A1000202F
:1066B000C1F6F87000EAC1420498039900EB411159
:1066C000D1F8100B1043C1F8100B0698026A6FF353
:1066D000DF420498039900EB4111D1F8100B1043ED
:1066E000C1F8100BFFE7FFE79DF8170001280ED156
:1066F000FFE70698C06848B1FFE70698C0680499AC
:10670000039A01EB4211C1F8140BFFE7FFE706986B
:10671000007901281ED1FFE70498D0F80808C005C9
:1067200000280BD4FFE70498039900EB4111D1F83E
:10673000000B40F00050C1F8000B0AE004980399E8
:1067400000EB4111D1F8000B40F08050C1F8000B74
:10675000FFE7FFE70498039900EB4111D1F8000B24
:1067600040F00440C1F8000BFFE7002008B080BDF6
:1067700085B004900391002002908DF807000498E2
:1067800000900398407801283ED1FFE700980399D4
:10679000097800EB4110D0F80009C00F98B3FFE76B
:1067A00000980399097800EB4111D1F8000940F0F5
:1067B0000060C1F8000900980399097800EB4111C5
:1067C000D1F8000940F08040C1F80009FFE70298C5
:1067D00001300290029842F21171884204D3FFE71F
:1067E00001208DF807000DE0FFE700980399097874
:1067F00000EB4110D0F8000900F00040B0F1004F6C
:10680000E5D0FFE7FFE73DE000980399097800EB4A
:106810004110D0F8000BC00F98B3FFE70098039920
:10682000097800EB4111D1F8000B40F00060C1F88D
:10683000000B00980399097800EB4111D1F8000B87
:1068400040F08040C1F8000BFFE702980130029051
:10685000029842F21171884204D3FFE701208DF8BB
:1068600007000DE0FFE700980399097800EB41105D
:10687000D0F8000B00F00040B0F1004FE5D0FFE78A
:10688000FFE7FFE79DF8070005B070470000000034
:1068900081B000900099886840F001008860002075
:1068A00001B070470000000083B00190002000900C
:1068B000FFE70098013000900098B0F1706F04D9A4
:1068C000FFE703208DF80B0024E0FFE70198006943
:1068D000C00F0028EDD0FFE70020009001991020A4
:1068E0000861FFE70098013000900098B0F1706FE8
:1068F00004D9FFE703208DF80B000BE0FFE70198B8
:10690000006900F010001028ECD0FFE700208DF89F
:106910000B00FFE79DF80B0003B07047000000007C
:1069200084B00290019100200090FFE700980130B0
:1069300000900098B0F1706F04D9FFE703208DF844
:106940000F0026E0FFE702980069C00F0028EDD095
:10695000FFE7002000900198800120300299086133
:10696000FFE70098013000900098B0F1706F04D9F3
:10697000FFE703208DF80F000BE0FFE702980069A6
:1069800000F020002028ECD0FFE700208DF80F0059
:10699000FFE79DF80F0004B0704700000000000002
:1069A00084B00390039802900298D0F8080800F091
:1069B00006000090009820B9FFE700208DF807003E
:1069C00010E00098022804D0FFE70098062804D1C0
:1069D000FFE702208DF8070003E00F208DF8070085
:1069E000FFE7FFE79DF8070004B0704700000000D4
:1069F00081B000900098406900F0010001B070473C
:106A000083B00290029801900198D0F81808009085
:106A10000198D0F81C18009808400090BDF80000BC
:106A200003B070470000000083B00290029801900C
:106A30000198D0F8180800900198D0F81C18009818
:106A400008400090BDF8020003B07047000000004D
:106A500086B005908DF81310059803900398D0F830
:106A6000100801900398D0F83408009000989DF821
:106A7000131001F00F01C84000F00101019840EA35
:106A8000C110019003989DF8131000EB4110D0F84D
:106A90000809019908400290029806B0704700006A
:106AA00084B003908DF80B100398019001989DF825
:106AB0000B1000EB4110D0F8080B00900198D0F8B3
:106AC0001418009808400090009804B07047000027
:106AD00082B0019001984069009001988169009806
:106AE00008400090009802B07047000000000000CD
:106AF00089B008900791ADF81A200898059007987A
:106B00000490BDF81A0080080190BDF81A0000F04A
:106B10000300ADF8020000200290FFE702980199FF
:106B2000884217D2FFE705984FF4805140580499E6
:106B3000086004980130049004980130049004988F
:106B400001300490049801300490FFE7029801306E
:106B50000290E3E7BDF8020008B3FFE700200290CF
:106B600005984FF4805140580390FFE703989DF833
:106B70000810C900C84004990870029801300290BA
:106B8000049801300490BDF802000138ADF802000D
:106B9000FFE7BDF802000028E8D1FFE7FFE704980F
:106BA00009B070470000000080B586B004908DF8F1
:106BB0000F10002002900499C86820F0C040C860FF
:106BC0009DF80F00012823D1FFE70499C86840F021
:106BD0000050C860FFE70A20EEF7CEFC02980A30AA
:106BE0000290FFE70498FFF703FF01460020012908
:106BF000019007D0FFE702990020C82938BF012083
:106C00000190FFE70198C0070028E4D1FFE72AE0E0
:106C10009DF80F0010BBFFE70499C86840F0804062
:106C2000C860FFE70A20EEF7A7FC02980A3002903E
:106C3000FFE70498FFF7DCFE01460020009039B121
:106C4000FFE702990020C82938BF01200090FFE724
:106C50000098C0070028E5D1FFE703E001208DF888
:106C600017000CE0FFE70298C82804D1FFE70120D5
:106C70008DF8170003E000208DF81700FFE79DF85E
:106C8000170006B080BD000083B002908DF8071099
:106C9000029800900099D1F8000820F4FE60C1F835
:106CA00000089DF8070000F07F020099D1F8000865
:106CB00040EA0210C1F80008002003B0704700004D
:106CC00083B002908DF80710029800909DF807207D
:106CD0000099D1F800081043C1F80008002003B063
:106CE000704700000000000084B0039002918DF80E
:106CF00007209DF80700022840F0B880FFE70298BF
:106D00004AF6C041C0F2D80188420BD3FFE702988F
:106D10004EF2BF11C0F2E401884203D8FFE70F2012
:106D20000090A2E002984EF2C011C0F2E401884245
:106D30000BD3FFE7029842F2FF31C0F2F401884220
:106D400003D8FFE70E2000908EE0029842F2004147
:106D5000C0F2F40188420BD3FFE7029847F27F317B
:106D6000C0F20611884203D8FFE70D2000907AE0B8
:106D7000029847F28031C0F2061188420BD3FFE738
:106D8000029844F69F11C0F21A11884203D8FFE717
:106D90000C20009066E0029844F6A011C0F21A118F
:106DA00088420BD3FFE7029842F6FF41C0F231114F
:106DB000884203D8FFE70B20009052E0029842F689
:106DC0000051C0F2311188420BD3FFE702984AF21A
:106DD0003F41C0F24C11884203D8FFE70A200090DF
:106DE0003EE002984AF24041C0F24C1188420BD377
:106DF000FFE7029843F2FF51C0F26E11884203D8B8
:106E0000FFE7092000902AE0029843F20061C0F2F7
:106E10006E1188420BD3FFE702984AF61F31C0F289
:106E2000A611884203D8FFE70820009016E00298D8
:106E30004AF62031C0F2A61188420BD3FFE7029830
:106E400044F2FF71C0F2E811884203D8FFE707203F
:106E5000009002E006200090FFE7FFE7FFE7FFE772
:106E6000FFE7FFE7FFE7FFE7FFE70AE09DF807001E
:106E700018B9FFE70920009002E009200090FFE721
:106E8000FFE70399C86820F47050C860009800F0CC
:106E90000F020399C86840EA8220C860002004B04D
:106EA000704700000000000080B588B084460A9852
:106EB000CDF81CC006918DF81720ADF814308DF870
:106EC000130007980390069802909DF8130048BBA2
:106ED000FFE7BDF814000330800801900020009007
:106EE000FFE70098019988421BD2FFE702980068EB
:106EF00003999DF8172001EB02314FF4805288501E
:106F000002980130029002980130029002980130FC
:106F10000290029801300290FFE700980130009043
:106F2000DFE7FFE7002008B080BD000000000000A0
:106F3000FFE7FEE70000000081B0ADF80200BDF9F8
:106F4000020000280ED4FFE7BDF9021001F01F0275
:106F5000012090404A094EF20011CEF2000141F8A2
:106F60002200FFE701B070474EF60C50CEF2000051
:106F70000068C0F30220704782B0ADF806000091AF
:106F8000BDF9060000280AD4FFE700980001BDF90A
:106F900006104EF20042CEF2000288540BE0009838
:106FA0000001BDF8061001F00F014EF61452CEF2AA
:106FB00000028854FFE702B07047000000000000A4
:106FC00083B00290029800F0070000904EF60C513A
:106FD000CEF200010868019001984FF6FF021040C0
:106FE00001900198009A40EA02200022C0F2FA5271
:106FF000104301900198086003B070470000000042
:1070000080B584B00290019102990020C870029965
:107010004FF0FF3008630298019901F0F1FF20B1B1
:10702000FFE704208DF80F0044E0029800F23220C0
:1070300001F0B2FE4AF65521884204D0FFE7032052
:107040008DF80F0036E0029890F83400E9280CD053
:10705000FFE7029890F83400EB2827D1FFE7029869
:1070600090F83600902821D1FFE702986A3001F0AD
:1070700077FE20F07F4044F24611C0F2540188426E
:1070800004D1FFE700208DF80F0013E0029886304E
:1070900001F066FE44F24611C3F25431884204D135
:1070A000FFE700208DF80F0004E0FFE702208DF8D5
:1070B0000F00FFE79DF80F0004B080BD0000000046
:1070C00083B002900191FFE70298017800200090C0
:1070D00041B1FFE7029800780199401A18BF0120DA
:1070E0000090FFE70098C00720B1FFE70298013049
:1070F0000290E9E70298007803B0704700000000B2
:1071000087B005900491002002900390FFE7039858
:10711000012839D8FFE70398010140F27010C2F24C
:107120000040405840B3FFE70398010140F270105F
:10713000C2F2004040580599096888421BD1FFE718
:10714000039940F27010C2F2004000EB0110406859
:107150000599896888420ED1FFE7039940F27010C3
:10716000C2F2004000EB011080680599496988422D
:1071700001D1FFE708E002E001200290FFE7FFE70E
:10718000039801300390C2E70398022815D1FFE766
:1071900002990120019039B9FFE704980238B0FA4A
:1071A00080F040090190FFE70198C10712200029F3
:1071B00018BF00208DF81B001CE0049901200090EE
:1071C00079B9FFE7039940F27010C2F2004000EB7A
:1071D00001108089A0F58070B0FA80F0400900901D
:1071E000FFE7009800F00100002818BF10208DF87C
:1071F0001B00FFE79DF81B0007B070470000000070
:1072000082B0019000200090FFE70098012819D873
:10721000FFE70098010140F27010C2F200404058B0
:107220000199884209D1FFE70098020140F27011EC
:10723000C2F2004100208850FFE7FFE700980130CC
:107240000090E2E702B0704787B00590049105987E
:10725000006800900598C06A043001900498009975
:107260008A89B0FBF2F04989B0FBF1F00390FFE7A7
:107270000198011D019100680290029818B9FFE77A
:107280000020069013E003980299884201D2FFE79C
:1072900007E002990398401A039001980430019086
:1072A000E6E703980199096808440690FFE7069805
:1072B00007B070470000000083B001900091009873
:1072C000023800900098019989690239884203D3F5
:1072D000FFE70020029007E00098019A5189D26AE6
:1072E00000FB01200290FFE7029803B07047000006
:1072F00080B588B0069005910698006800900598C2
:1073000080B9FFE7009800690290029830B1FFE76A
:10731000029800998969884203D3FFE7012002900F
:10732000FFE71EE00698059901F046FB04900498DB
:10733000012803D8FFE70120079082E0049801307C
:1073400018B9FFE7049807907BE0049800998969D1
:10735000884203D2FFE70498079072E005980290F4
:10736000FFE702980390FFE703980130039003982A
:107370000099896988420BD3FFE7022003900398A4
:107380000299884203D9FFE70020079059E0FFE700
:107390000698039901F010FB0490049808B9FFE7E0
:1073A00013E00498012804D0FFE70498013018B9CD
:1073B000FFE70498079044E003980299884203D1BC
:1073C000FFE7002007903CE0CEE7009803994FF0DC
:1073D000FF3201F025FF8DF807009DF8070058B92E
:1073E000FFE7059840B1FFE700980599039A01F07F
:1073F00017FF8DF80700FFE79DF80700A8B9FFE722
:10740000039800990861009948698969023988429E
:1074100005D8FFE70099486901384861FFE70099FE
:10742000087940F00100087108E09DF8071001207C
:10743000012908BF4FF0FF300390FFE70398079042
:10744000FFE7079808B080BD80B58AB00890079123
:10745000079800680190089824300590059820212D
:107460000B2201F0B5FD002002900390082004904B
:10747000FFE7019803994A1C0392405C8DF81B00BA
:107480009DF81B00202801DCFFE777E09DF81B003A
:107490002F2805D0FFE79DF81B005C281BD1FFE7D4
:1074A000FFE701980399415C01202F29009009D042
:1074B000FFE701980399405C5C38B0FA80F040091E
:1074C0000090FFE70098C00720B1FFE70398013064
:1074D0000390E6E752E09DF81B002E2805D0FFE759
:1074E00002980499884212D3FFE704980B2805D02C
:1074F000FFE79DF81B002E2804D0FFE706208DF83B
:1075000027005DE0082002900B200490B1E79DF871
:107510001B0080280CDBFFE79DF81B0049F28071FF
:10752000C0F60101084410F8800C8DF81B00FFE73D
:107530009DF81B104EF2A700C0F60100FFF7C0FD3A
:1075400020B1FFE706208DF8270039E09DF81B00E9
:1075500061280BDBFFE79DF81B007A2806DCFFE7BC
:107560009DF81B0020388DF81B00FFE79DF81B00DD
:107570000599029A531C029388547AE7019803995B
:10758000084407990860029820B9FFE706208DF8A3
:10759000270015E005980078E52804D1FFE7059954
:1075A00005200870FFE79DF81B10002021290146E7
:1075B000B8BF01218900059AD1728DF82700FFE735
:1075C0009DF827000AB080BD81B0ADF80200002010
:1075D000ADF80000FFE7BDF80000BDF802108842DA
:1075E00016DAFFE741F22401C4F20001002008602E
:1075F000FFE741F22400C4F200000068EF2801D840
:10760000FFE7F6E7BDF800000130ADF80000E2E763
:1076100001B070470000000080B586B0059004916D
:107620000598006801900598002100F0B9F98DF8DF
:107630000F009DF80F0098BBFFE700200290FFE7C6
:1076400001980599C96901F0DBFC8DF80F009DF8E0
:107650000F0008B1FFE722E00598006A0078E528EE
:1076600005D0FFE70598006A007848B9FFE702985F
:10767000013002900499884201D1FFE70FE002E057
:1076800000200290FFE70598012100F075F88DF8C1
:107690000F00FFE79DF80F000028D1D0FFE7FFE7BC
:1076A0009DF80F00042804D1FFE707208DF80F0094
:1076B000FFE79DF80F0006B080BD0000000000004D
:1076C00080B586B004900498006802900498002168
:1076D00000F066F98DF80F009DF80F0028B1FFE764
:1076E0009DF80F008DF8170040E0FFE7029804991D
:1076F000C96901F085FC8DF80F009DF80F0008B1F5
:10770000FFE72EE00498006A00788DF807009DF8E6
:10771000070020B9FFE704208DF80F0021E004994D
:10772000086AC07A00F03F0088710498006AC07A45
:107730000007002809D4FFE70499086A24310B22C6
:1077400001F0FAFB08B9FFE70BE00498002100F014
:1077500013F88DF80F00FFE79DF80F000028C5D043
:10776000FFE79DF80F008DF81700FFE79DF8170061
:1077700006B080BD0000000080B588B0069005917D
:107780000698006802900698406920300490069898
:10779000C06928B1FFE70498B0F5001F04D3FFE7E4
:1077A00004208DF81F00C6E0049A02988189B2FB7C
:1077B000F1F000FB1120002840F0AB80FFE70699B4
:1077C000C8690130C8610698806978B9FFE70499F3
:1077D00002980089B0EB511F07D8FFE706990020F7
:1077E000C86104208DF81F00A5E091E0049802997B
:1077F0008A89B0FBF2F049890139084240F087805C
:10780000FFE70698816901F0D7F8039003980128F3
:1078100004D8FFE702208DF81F008CE003980130A8
:1078200020B9FFE701208DF81F0084E0039802993A
:107830008969884261D3FFE7059838B9FFE706995F
:107840000020C86104208DF81F0074E0069881694B
:10785000FFF74EFD0390039820B9FFE707208DF84E
:107860001F0068E00398012804D1FFE702208DF88B
:107870001F0060E00398013020B9FFE701208DF878
:107880001F0058E0029801F0BBFE20B1FFE7012085
:107890008DF81F004FE0029901F134008A89002120
:1078A000009101F095FB0098019002980399FFF771
:1078B00003FD02990863FFE701980299498988420C
:1078C00015D2FFE702990120C870029801F098FED6
:1078D00020B1FFE701208DF81F002CE0FFE70198A1
:1078E000013001900299086B01300863E4E7019AC6
:1078F0000299086B801A0863FFE70398069988616C
:1079000002980399FFF7D8FC0699C861FFE7FFE7E3
:10791000FFE70498069948610298049B8289B3FBAB
:10792000F2F101FB1231084434300699086200205C
:107930008DF81F00FFE79DF81F0008B080BD000014
:1079400080B584B0039003980068019003980121EA
:10795000FFF762FE8DF80B009DF80B00E0B9FFE722
:1079600001980399C96901F04BFB8DF80B009DF854
:107970000B0080B9FFE70398006A0021202201F084
:1079800027FB0399086A24310B2201F001FB0199BE
:107990000120C870FFE7FFE79DF80B0004B080BD31
:1079A00080B586B004900391049800680090039914
:1079B0000020B0EB515F05D1FFE79DF80C00C00639
:1079C00020B1FFE702208DF8170079E003980499B1
:1079D0004861049880680190019848B9FFE70098D1
:1079E0000078032804DBFFE70098806A0190FFE736
:1079F000019880B9FFE7039900980089B0EB511F07
:107A000004D8FFE702208DF8170059E00098806A3B
:107A10000499C86131E000994889898948430290F6
:107A2000FFE703980299884220D3FFE70498019961
:107A300000F0C2FF01900198013020B9FFE701205A
:107A40008DF817003CE00198022806D3FFE7019863
:107A500000998969884204D3FFE702208DF8170056
:107A60002EE002990398401A0390DAE700980199F2
:107A7000FFF722FC0499C861FFE701980499886127
:107A80000498C06920B9FFE702208DF8170017E0BD
:107A9000039800998989B0FBF1F20499C8691044F0
:107AA000C8610098039B8289B3FBF2F101FB12319C
:107AB000084434300499086200208DF81700FFE76D
:107AC0009DF8170006B080BD80B582B08DF8070024
:107AD00000208DF806009DF8071043F22860C2F2DE
:107AE0000040405CE8B9FFE79DF8072043F22860BA
:107AF000C2F2004000EB8201496809681044007A34
:107B000088478DF806009DF8060048B9FFE79DF804
:107B1000072043F22861C2F2004101208854FFE7A8
:107B2000FFE79DF8060002B080BD000000000000E5
:107B300080B584B08DF80F008DF80E1002929DF87C
:107B40000F1043F22860C2F2004000EB810252683D
:107B500013690844007A9DF80E10029A98478DF830
:107B600007009DF8070004B080BD00000000000081
:107B700080B586B08DF817000491039202939DF8AA
:107B8000171043F22860C2F2004000EB81025268F5
:107B9000D2F808C00844007A0499039A029BE0478F
:107BA0008DF807009DF8070006B080BD00000000BA
:107BB00080B582B08DF807009DF8072043F2286059
:107BC000C2F2004000EB8201496849681044007A23
:107BD00088478DF806009DF8060002B080BD0000C1
:107BE00080B586B08DF817000491039202939DF83A
:107BF000171043F22860C2F2004000EB8102526885
:107C0000D2F80CC00844007A0499039A029BE0471A
:107C10008DF807009DF8070006B080BD0000000049
:107C200082B000200190FFE7019900200129009017
:107C30000CD8FFE70198010140F27010C2F2004039
:107C40004058002818BF01200090FFE70098C007A7
:107C500028B1FFE7FFE7019801300190E4E70198C0
:107C6000023818BF012002B0704700000000000079
:107C700080B588B0069005918DF813200598009086
:107C8000684600F051FF02900298B0F1FF3F04DC1B
:107C9000FFE70B208DF81F0038E0029940F26C10CE
:107CA000C2F2004050F821000390039838B1FFE77A
:107CB0000398FFF7A5FA039900200870FFE70698DC
:107CC00020B1FFE7069900200870FFE70698029AA6
:107CD00040F26C11C2F2004141F82200069828B12E
:107CE000FFE79DF81300012804D0FFE700208DF87E
:107CF0001F000BE005A806A9002200F03DFB8DF84F
:107D000007009DF807008DF81F00FFE79DF81F0092
:107D100008B080BD0000000080B59AB0189017919F
:107D20008DF85B20189820B9FFE709208DF86700CF
:107D3000C6E19DF85B0000F03F008DF85B009DF808
:107D40005B2017A809A900F017FB8DF85A009DF8D1
:107D50005A00002840F0A781FFE709980A90179978
:107D60000AA800F0A5FD8DF85A009DF85A00C0B988
:107D7000FFE79DF857000006002804D5FFE706201E
:107D80008DF85A000CE09DF85B0000F0FE01002920
:107D900018BF01210AA8FFF7B3F98DF85A00FFE7D1
:107DA000FFE79DF85B0010F01C0F00F08480FFE7F8
:107DB0009DF85A00E0B1FFE79DF85A00042810D161
:107DC000FFE7FFF72DFF28B1FFE70AA8FFF7B8FD8F
:107DD000029002E012200290FFE702988DF85A000C
:107DE000FFE79DF85B0040F008008DF85B0015E0B0
:107DF0009DF82E0010F0110F04D0FFE707208DF83A
:107E00005A000AE09DF85B004007002804D5FFE710
:107E100008208DF85A00FFE7FFE7FFE79DF85A00BA
:107E2000002847D1FFE79DF85B000007002841D5F7
:107E3000FFE700F075FE089012980E30089901F0E7
:107E4000A3FB12981630089901F09EFB129920208E
:107E5000C8720998129900F067FF07900998129963
:107E60000022019201F074FB019912981C3001F07C
:107E70008BFB09990120C8700798D0B1FFE70998DA
:107E8000006B089007990AA8002201F0C1FA8DF84A
:107E90005A009DF85A0058B9FFE70998089901F06F
:107EA000AFF88DF85A000798013809990861FFE783
:107EB000FFE7FFE71FE09DF85A00D8B9FFE79DF8FC
:107EC0002E00C006002804D5FFE704208DF85A00D4
:107ED0000FE09DF85B008007002809D5FFE79DF8BB
:107EE0002E00C00720B1FFE707208DF85A00FFE7FA
:107EF000FFE7FFE7FFE79DF85A0048BBFFE79DF863
:107F00005B000007002807D5FFE79DF85B0040F005
:107F100040008DF85B00FFE70998006B18994862F4
:107F20001298189988629DF85B0000F0FE01002904
:107F300018BF01210AA800F04BFE18990861189893
:107F4000006920B9FFE702208DF85A00FFE7FFE73C
:107F50009DF85A00002840F0A580FFE70998129983
:107F600000F0E2FE1899886012981C3000F0F8FECC
:107F70001899C86018980021C1620998189A106071
:107F80000998C088189A90809DF85B00189A10751F
:107F900018984175189801621898816118983030C6
:107FA0004FF4805201F014F89DF85B008006002821
:107FB00077D5FFE71898C068002872D0FFE71899B6
:107FC000C868886109994889898948430690189842
:107FD000806805901898C0680390FFE79DF85A10D4
:107FE0000020009041B9FFE70399069A00209142D2
:107FF00088BF01200090FFE70098C007D8B1FFE7D5
:108000001898059900F0D8FC05900598012804D827
:10801000FFE702208DF85A00FFE70598013020B9EC
:10802000FFE701208DF85A00FFE7FFE70699039864
:10803000401A0390D2E705981899C8619DF85A0034
:1080400070BBFFE7039A09988189B2FBF1F000FB4E
:10805000112028B3FFE709980599FFF72DF904903F
:1080600020B9FFE702208DF85A0018E00498039920
:10807000099A9289B1FBF2F10844189908620998AB
:108080004078189A02F13001126A0123FFF770FD5F
:1080900020B1FFE701208DF85A00FFE7FFE7FFE777
:1080A000FFE7FFE7FFE79DF85A0020B1FFE71899C7
:1080B00000200860FFE79DF85A008DF86700FFE791
:1080C0009DF867001AB080BD80B58EB00C900B9102
:1080D0000A9209930B9800900999002008600C9867
:1080E00007A901F0D5FA8DF823009DF8230030B9D7
:1080F000FFE70C98407D8DF8230028B1FFE79DF83D
:1081000023008DF8370031E10C98007DC00720B9BD
:10811000FFE707208DF8370028E10C99C8688969C6
:10812000401A04900A980499884203D9FFE70498FA
:108130000A90FFE7FFE70A98002800F01381FFE7A5
:108140000C98826907988189B2FBF1F000FB11203D
:10815000002840F0D280FFE70C98806907998A894F
:10816000B0FBF2F04989013908400190019888BBC1
:10817000FFE70C98806920B9FFE70C9880680690AB
:1081800010E00C98C06A30B1FFE70C988169FFF7E6
:108190005BF8069005E00C98C16900F00DFC0690B4
:1081A000FFE7FFE70698012806D8FFE70C990220B1
:1081B00048758DF83700D9E00698013030B9FFE7EF
:1081C0000C99012048758DF83700CFE006980C997E
:1081D000C861FFE707980C99C969FFF76DF805902A
:1081E000059830B9FFE70C99022048758DF83700E3
:1081F000BCE001990598084405900A980799898977
:10820000B0FBF1F00290029800283ED0FFE7019801
:108210000299084407994989884206D9FFE70798D7
:1082200040890199401A0290FFE707984078009929
:10823000059A029BFFF79CFC30B1FFE70C990120E7
:1082400048758DF8370091E00C98007D00060028F5
:1082500015D5FFE70C98006A0599401A02998842E3
:108260000DD2FFE7009B0C99086A059A801A079ABD
:10827000928900FB0230303100F08AFEFFE7079858
:10828000808902994843039059E00C98006A059947
:1082900088422ED0FFE70C98007D0006002817D5F5
:1082A000FFE7079840780C9A02F13001126A012327
:1082B000FFF796FC30B1FFE70C99012048758DF867
:1082C000370053E00C99087D00F07F000875FFE748
:1082D000079840780C993031059A0123FFF748FC44
:1082E00030B1FFE70C99012048758DF837003DE06B
:1082F000FFE705980C990862FFE7079880890C99B9
:108300008A69B2FBF0F14143891A0844039003984B
:108310000A99884203D9FFE70A980390FFE700987B
:108320000C99D1F818C0079A9389BCFBF3F202FBB1
:1083300013C211443031039A00F02AFEFFE703997B
:10834000009808440090039A0C9988691044886149
:10835000039A099908681044086003990A98401A1A
:108360000A90E8E600208DF83700FFE79DF8370017
:108370000EB080BD0000000080B598B01690159139
:108380008DF85320159900200860169800F0CCFB5A
:1083900012901298B0F1FF3F04DCFFE70B208DF83C
:1083A0005F007EE2129940F26C10C2F2004050F879
:1083B00021000590059820B9FFE70C208DF85F009B
:1083C0006FE20598159908609DF8530000F0FE00D3
:1083D0008DF8530005980078F0B1FFE705984078D4
:1083E000FFF7E6FB8DF847009DF84700C00790B9FE
:1083F000FFE79DF8530050B1FFE79DF847004007A5
:10840000002804D5FFE70A208DF85F0049E200202C
:108410008DF85F0045E2FFE705990020087012988B
:108420000599487005984078FFF74EFB8DF8470096
:108430009DF84700C00720B1FFE703208DF85F00DB
:108440002FE29DF8530050B1FFE79DF84700400729
:10845000002804D5FFE70A208DF85F0021E2059986
:10846000487801F10C020221FFF762FB20B1FFE71F
:1084700001208DF85F0014E205988089B0F5805FD7
:108480000CDCFFE705988089B0F5007F06DBFFE78D
:1084900005988089411E084204D0FFE701208DF82D
:1084A0005F00FEE10020109005981099FEF7A8FDEE
:1084B0008DF852009DF85200022809D0FFE79DF880
:1084C000520001285EDCFFE7012000285AD1FFE7B7
:1084D00000200490FFE7049803281ED8FFE70598C2
:1084E000049900EB011000F5F970139013980079CE
:1084F00030B1FFE71398083000F032FC039002E03F
:1085000000200390FFE70398049A07A941F822008E
:10851000FFE7049801300490DDE700200490049800
:1085200020B1FFE7049801380490FFE7FFE70499C2
:1085300007A850F821001090109830B1FFE7059877
:108540001099FEF75DFD029002E003200290FFE724
:1085500002988DF85200FFE79DF852100020022982
:10856000019009DBFFE70498411C049100200429D5
:1085700038BF01200190FFE70198C0070028D6D13D
:10858000FFE7FFE79DF85200042804D1FFE7012030
:108590008DF85F0085E19DF85200022804DBFFE7BB
:1085A0000D208DF85F007CE105983F3000F0F4FB72
:1085B00005998989884204D0FFE70D208DF85F0076
:1085C0006FE105984A3000F0E7FB0F900F9830B943
:1085D000FFE70598583000F0C3FB0F90FFE70F98B6
:1085E0000599C861059991F84400887005988078CC
:1085F000012809D0FFE705988078022804D0FFE71A
:108600000D208DF85F004CE1059881780F98484364
:108610000F90059991F8410048810598408930B143
:10862000FFE705984089411E084204D0FFE70D206E
:108630008DF85F0035E10598453000F0ADFB0599F8
:1086400008810598028980894109B2FBF1F000FB9D
:10865000112020B1FFE70D208DF85F0021E1059882
:10866000473000F099FB0E900E9830B9FFE705985F
:10867000543000F075FB0E90FFE70598423000F093
:108680008BFBADF81A00BDF81A0020B9FFE70D20EA
:108690008DF85F0005E1BDF81A000F990844059AAE
:1086A000118992895209B1FBF2F108440D900E989C
:1086B0000D99884204D2FFE70D208DF85F00F0E0AD
:1086C0000E980D99401A05994989B0FBF1F00C906C
:1086D0000C9820B9FFE70D208DF85F00E1E0032042
:1086E0008DF852000C984FF6F571884204D8FFE7D8
:1086F00002208DF85200FFE70C9840F6F571884291
:1087000004D8FFE701208DF85200FFE70C980230F3
:10871000059988611098059908621098BDF81A109B
:1087200008440599486210980D9908440599C86253
:108730009DF8520003281DD1FFE705985E3000F038
:108740002BFB20B1FFE70D208DF85F00A9E0059815
:10875000008920B1FFE70D208DF85F00A1E00598AA
:10876000603000F0FDFA0599886205988069800004
:108770000B9023E00598008920B9FFE70D208DF8C4
:108780005F008EE00599486A0F9A104488629DF850
:108790005200022805D1FFE705988069400000904B
:1087A00009E00598806900EB400100F0010000EB52
:1087B00051000090FFE700980B90FFE7059AD06901
:1087C0000B99928911440139B1FBF2F1884204D22C
:1087D000FFE70D208DF85F0063E005994FF0FF3053
:1087E0004861059908610599802008719DF852003B
:1087F000032842D1FFE70598643000F0CDFA012844
:108800003BD1FFE705981099013100F0F9FBA0BBBF
:10881000FFE7059900200871059800F2322000F06A
:10882000BBFA4AF65521884226D1FFE70598343035
:1088300000F096FA45F25221C4F2611188421BD130
:10884000FFE7059800F5067000F08AFA47F27221FA
:10885000C6F2411188420FD1FFE7059800F5077075
:1088600000F07EFA05994861059800F5087000F05F
:1088700077FA05990861FFE7FFE79DF8520005992F
:10888000087040F29011C2F200410888013008805F
:108890000599C8800598FEF7B3FC00208DF85F00AD
:1088A000FFE79DF85F0018B080BD000000000000E9
:1088B00080B586B0059004910598029002980068F2
:1088C0000190FFE70498017801202F29009008D03B
:1088D000FFE7049800785C38B0FA80F04009009017
:1088E000FFE70098C00720B1FFE70498013004902B
:1088F000E8E7029900208860049800781F280BD8C8
:10890000FFE70599802081F82F0005980021FFF7E7
:1089100047F88DF80F004BE0FFE7059804A9FEF734
:1089200093FD8DF80F009DF80F0008B1FFE73EE0C2
:108930000598FEF7C5FE8DF80F00059890F82F00FA
:108940008DF80E009DF80F0088B1FFE79DF80F002D
:1089500004280BD1FFE79DF80E004007002804D43F
:10896000FFE705208DF80F00FFE7FFE71FE09DF808
:108970000E004007002801D5FFE718E00298807933
:10898000C006002804D4FFE705208DF80F000EE094
:10899000019805994B698289B3FBF2F101FB123111
:1089A0000144343100F0C0F902998860B5E7FFE76F
:1089B0009DF80F0006B080BD80B588B00790069185
:1089C0000798006802900698022806D3FFE70698E9
:1089D00002998969884203D3FFE7012003909AE056
:1089E0004FF0FF3003900298007801460191012872
:1089F00008D0FFE7019802284FD0FFE7019803282D
:108A000067D084E006980490049800EB500004902E
:108A10000298416A049A8389B2FBF3F2114400F090
:108A2000EFFA08B1FFE775E00298049B591C049126
:108A300002998A89B3FBF2F101FB1231084490F8E4
:108A4000340005900298416A049A8389B2FBF3F2DC
:108A5000114400F0D5FA08B1FFE75BE00298049BEF
:108A60008289B3FBF2F101FB1231084490F8341013
:108A7000059840EA012005909DF81800C00720B134
:108A8000FFE705980009009004E005986FF31F3098
:108A90000090FFE7009803903CE00298416A069A34
:108AA00083895B08B2FBF3F2114400F0A9FA08B124
:108AB000FFE72FE00298069A51008389B1FBF3F19A
:108AC0005943C1EB42010844343000F065F903908A
:108AD00020E00298416A069A83899B08B2FBF3F270
:108AE000114400F08DFA08B1FFE713E00298069AEE
:108AF00091008389B1FBF3F15943C1EB8201084432
:108B0000343000F02DF920F07040039002E0012095
:108B10000390FFE7FFE7039808B080BD0000000066
:108B2000002070470000000087B005904FF0FF3034
:108B3000019005980068002844D0FFE70598006878
:108B40000390FFE70398017800202129009007D3C4
:108B5000FFE7039800783A3818BF01200090FFE73C
:108B60000098C00728B1FFE7FFE7039801300390A2
:108B7000E8E7039800783A2821D1FFE705980068D4
:108B800004900498411C04910078303802900298B7
:108B9000092811D8FFE70498039988420CD1FFE710
:108BA000029840B9FFE702980190039801300390C2
:108BB00005990860FFE7FFE70198069005E00020AF
:108BC0000190FFE701980690FFE7069807B070470D
:108BD00086B00490039100200290FFE702980128DC
:108BE0002CD8FFE70298010140F27010C2F2004059
:108BF00040580499096888421BD1FFE7029940F266
:108C00007010C2F2004000EB0110406804998968BE
:108C100088420ED1FFE7029940F27010C2F2004084
:108C200000EB0110806804994969884201D1FFE78F
:108C300004E0FFE7029801300290CFE70298022893
:108C400040D1FFE700200290FFE7029900200129B0
:108C500001900CD8FFE70298010140F27010C2F2B7
:108C600000404058002818BF01200190FFE70198FC
:108C7000C00728B1FFE7FFE7029801300290E4E760
:108C80000298022803D1FFE70020059049E00498EC
:108C900001680298020140F27010C2F20040815057
:108CA00004998968029A00EB02125160049949699B
:108CB000029A00EB02129160029900EB0111002070
:108CC0008881FFE7039868B1FFE7029940F27010CE
:108CD000C2F2004000EB0110808918B1FFE70020CC
:108CE00005901EE0039820B1FFE74FF480700090DC
:108CF0000AE0029940F27010C2F2004000EB01104D
:108D0000808901300090FFE70098029A40F27011CC
:108D1000C2F2004101EB02118881029801300590F6
:108D2000FFE7059806B0704780B584B003900291C4
:108D300002981A3000F030F8019003980078032868
:108D40000AD1FFE70298143000F026F80146019896
:108D500040EA01400190FFE7019804B080BD0000A7
:108D600082B001900198C0780090009901988078B5
:108D700040EA0120009000990198407840EA0120E3
:108D8000009000990198007840EA01200090009836
:108D900002B070470000000082B001900198407856
:108DA000ADF80200BDF802100198007840EA0120F9
:108DB000ADF80200BDF8020002B0704700000000EC
:108DC00080B58CB0002002900B9047F27770C1F212
:108DD00035200A9041F23420C4F2675009900320F4
:108DE000C0F2040008900120C0F202000790EDF7E5
:108DF000E7FA029844F2B851C2F2004181F85401F6
:108E000081F85501802081F856017F2081F85701B3
:108E1000F9F7D6F9F7F770FAF6F7FAF8F6F708F86F
:108E2000F6F7B6F8F6F77CF8F6F746FAF6F7BCFA76
:108E3000F6F72AFBF6F770FBF6F79AFCF6F750FC0C
:108E4000F6F79EFBF6F734FBF6F7D2FBF6F718FCC5
:108E5000F6F7D6FCF5F7C8FFF6F76AFAF6F730F83A
:108E600044F2F830C2F2004002686FF00101116173
:108E7000F4F7C6FE44F24440C2F20040F4F7C0FEEC
:108E800044F21041C5F60201086840F40000086091
:108E9000F5F70AFC02996A461F2010604FF4A07291
:108EA000AC230846F5F7B8FB00F0F2F8F8F780FBC2
:108EB00044F22C20C2F2004040F2DC51F2F724FED2
:108EC000029943F61410C2F200400368DA6842F0D7
:108ED0000102DA600023C4F602031A6842F00102BC
:108EE0001A6040F20002CCF2000243F67203E9F786
:108EF0002BF841F2CC10C2F200404EF25C01C0F6F9
:108F000001010122FEF708FF8DF81B009DF81B00F0
:108F100070B9FFE741F2CC10C2F200400DF111012F
:108F20000A2203ABFFF7D0F808B9FFE7FFE7FFE736
:108F3000FFE7FEE70000000087B00690059104926D
:108F4000069803900598029000200190FFE703988F
:108F5000411C0391007802994A1C02920978401A38
:108F60000190FFE70498411E04910020009031B168
:108F7000FFE70198B0FA80F040090090FFE7009801
:108F8000C0070028E3D1FFE7019807B07047000051
:108F900085B0049003910292049801900398009088
:108FA000029888B1FFE7FFE70098411C0091007824
:108FB00001994A1C01920870FFE70298013802905B
:108FC0000028F1D1FFE7FFE705B07047000000007F
:108FD00084B003900291019203980090FFE70298F9
:108FE00000994A1C00920870FFE70198013801902F
:108FF0000028F4D1FFE704B0704700000000000033
:1090000080B584B00390029100208DF8070002988B
:109010000399096B88421ED0FFE7039800F0F0FA2D
:109020008DF807009DF80700A0B9FFE7039948787D
:109030003431029A0123FEF79BFD38B1FFE74FF070
:10904000FF30029001208DF80700FFE70298039996
:109050000863FFE7FFE79DF8070004B080BD00004C
:1090600082B08DF807008DF8061001200090FFE710
:109070009DF80600411E8DF8061030B1FFE79DF8FF
:109080000710009848430090F2E7009802B070473C
:1090900080B588B000200690ADF81C0041F6004075
:1090A000C5F6020002904021039101220492ECF7E0
:1090B00087FF0298049A80210191ECF781FF0298C2
:1090C0000399069AECF77CFF14200590ECF754FA0C
:1090D00001990298069AECF773FF0520ECF74CFA19
:1090E00002980399049AECF76BFF0598ECF744FAA1
:1090F00002980399069AECF763FF0598ECF73CFA9F
:1091000002980399049AECF75BFF0598ECF734FAA0
:1091100043F203101121F6F7EBFE43F2080082211F
:10912000F6F7E6FE0A20ECF727FA43F20B00F6F713
:109130004BFE02460698BDF81E101143ADF81E10F6
:10914000ADF81C00FFE7BDF81C00CE2814D8FFE7DF
:10915000BDF81C204DF62050C0F6010000EB820146
:1091600030F822008978F6F7C3FEFFE7BDF81C004F
:109170000130ADF81C00E6E7F6F74EFEF6F718FDF5
:109180000420F6F79DFD03200090F6F701FC08206F
:10919000F6F7BEFB0098F6F74BFC0A20F6F760FEE8
:1091A000F6F7A2FC0021AA2308461A46F6F7C0FDEE
:1091B00000F002F808B080BD80B582B06420ECF702
:1091C000DBF943F60800F6F7FFFD8DF8070043F6DC
:1091D0000900F6F7F9FD8DF8060043F60A00F6F7E8
:1091E000F3FD8DF8050043F60B00F6F7EDFD8DF865
:1091F00004009DF8070000F00F019DF8060040EA0A
:109200000120ADF802009DF8050000F007019DF86F
:10921000040040EA0120ADF8000002B080BD00006B
:1092200080B58AB009900891079202208DF813004A
:1092300008980228C0F0E680FFE708980999896934
:10924000884280F0DF80FFE70998007801460391AB
:10925000012809D0FFE70398022876D0FFE703989A
:10926000032800F09680CCE008980690069800EB62
:10927000500006900998416A069A8389B2FBF3F27E
:109280001144FFF7BDFE8DF813009DF8130008B1DF
:10929000FFE7B6E00998069B591C069109998A894F
:1092A000B3FBF2F101FB12310844343005909DF814
:1092B0002000C00750B1FFE70598007800F00F00CC
:1092C0009DF81C1040EA0110029003E09DF81C007C
:1092D0000290FFE702980599087009990120C8706B
:1092E0000998416A069A8389B2FBF3F21144FFF7A9
:1092F00087FE8DF813009DF8130008B1FFE780E0AA
:109300000998069B8289B3FBF2F101FB12310844F4
:10931000343005909DF82000C00728B1FFE707987A
:10932000C0F30710019009E00598007800F0F00004
:109330000799C1F3032108440190FFE701980599BB
:10934000087009990120C8705BE00998416A089A81
:1093500083895B08B2FBF3F21144FFF751FE8DF8ED
:1093600013009DF8130008B1FFE74AE00998089A36
:1093700051008389B1FBF3F15943C1EB4201084429
:109380003430BDF81C1000F023F909990120C87091
:1093900037E00998416A089A83899B08B2FBF3F287
:1093A0001144FFF72DFE8DF813009DF8130008B14E
:1093B000FFE726E0079800900998089A91008389B2
:1093C000B1FBF3F15943C1EB820108443430FFF79C
:1093D000C7FC01460098090F61F31F7007900998B8
:1093E000089A91008389B1FBF3F15943C1EB8201E3
:1093F00008443430079900F0C7F809990120C87073
:10940000FFE7FFE79DF813000AB080BD00000000F1
:1094100080B588B006900591049200208DF80F0069
:109420000698006801900598022806D3FFE7059882
:1094300001998969884204D3FFE702208DF81F0053
:109440005CE0049890B1FFE7019804994FF0FF3277
:10945000FFF7E6FE8DF80F009DF80F0028B1FFE73B
:109460009DF80F008DF81F0048E0FFE7FFE7069822
:109470000599FFF7A1FA0290029808B9FFE739E0D1
:109480000298012804D1FFE702208DF81F0035E083
:109490000298013020B9FFE701208DF81F002DE070
:1094A000019805990022FFF7BBFE8DF80F009DF88B
:1094B0000F0028B1FFE79DF80F008DF81F001DE099
:1094C000019948698969023988420AD2FFE70199FE
:1094D0004869013048610199087940F0010008713C
:1094E000FFE702980590FFE705980199896988428E
:1094F000BDD3FFE700208DF81F00FFE79DF81F0098
:1095000008B080BD0000000080B588B006900591CD
:1095100004920698009010200190059802900498FB
:10952000039044F22C20C2F2004069464FF480526E
:10953000F2F71AFB20B9FFE700208DF81F0003E0C7
:1095400001208DF81F00FFE79DF81F0008B080BDC7
:1095500080B584B003900291019202981A30BDF850
:10956000041000F035F803980078032807D1FFE7CE
:1095700002981430BDF8061000F02AF8FFE704B096
:1095800080BD00000000000082B0019000910098B2
:1095900001994A1C019208700098000A00900098F6
:1095A00001994A1C019208700098000A00900098E6
:1095B00001994A1C019208700098000A00900098D6
:1095C00001994A1C0192087002B070470000000027
:1095D00082B00190ADF802109DF8020001994A1C7A
:1095E000019208709DF80300ADF802009DF802009A
:1095F00001994A1C0192087002B0704700000000F7
:1096000080B584B0039000208DF803000398C078E3
:10961000B8B3FFE70398006B0290039948783431A0
:10962000029A0123FEF7DCFA20B1FFE701208DF852
:10963000030025E003990020C8700298039AD169BD
:10964000526A801A88421AD2FFE703988078019004
:10965000FFE70198022811D3FFE70398C169029838
:1096600008440290039948783431029A0123FEF7A6
:10967000B7FAFFE7019801380190EAE7FFE7FFE753
:10968000FFE79DF8030004B080BD0000000000006B
:1096900080B584B00390029109208DF807000398EB
:1096A000E8B1FFE703980068C8B1FFE703980068D6
:1096B0000078A0B1FFE7039988880968C9888842C3
:1096C0000DD1FFE7039800684078FEF771FAC007F4
:1096D00020B9FFE700208DF80700FFE7FFE79DF8BE
:1096E000070020B9FFE703980068009002E000201F
:1096F0000090FFE70098029908609DF8070004B009
:1097000080BDF1EE100A4FF6FF71C0F2C03120EAC1
:10971000010040F04070E1EE100A704700000000C8
:109720000000000000000000000000000000000039
:10973000010000000200000003000000040000001F
:109740000000000005000000000000000000000014
:109750000000000006000000000000000000000003
:1097600000000000070000000000000001020304E8
:109770000102030406070809000610160006101669
:109780004355454141414143454545494949414189
:109790004592924F4F4F5555594F554F9C4F9E9F55
:1097A00041494F55A5A5A6A7A8A9AAABACADAEAF98
:1097B000B0B1B2B3B4414141B8B9BABBBCBDBEBF90
:1097C000C0C1C2C3C4C54141C8C9CACBCCCDCECF2C
:1097D000D1D145454549494949D9DADBDCDD49DF85
:1097E0004FE14F4F4F4FE6E8E85555555959EEEFC9
:1097F000F0F1F2F3F4F5F6F7F8F9FAFBFCFDFEFFF1
:10980000020FD6020A39C201222200020FB2E51F5E
:109810007072F51ED235FFEF25E0244EF8E4F6080D
:10982000F60FBF34F2900E93E493FFE54BC39F50C5
:10983000047F0580027FFB78BDA607120F04400459
:109840007F0380027F3078BCA607E618F608E6782A
:10985000B9F678BCE678BAF678BF7633E408F678DD
:10986000B87601754A0278B6F608F674FF78C1F644
:1098700008F6751F0178BCE675F005A4F54B120AD1
:10988000FFC2372278B8E6D3940040021622E51FC3
:10989000B40523E4F51FC20178B6E6FE08E6FF78BA
:1098A0004EA60608A607A237E433F53C903028F010
:1098B000751E10D23522E54B75F0058478BCF69004
:1098C0000E8CE493FF25E0240AF8E6FC08E6FD7818
:1098D000BCE625E0244EF8A60408A605EF120F0BFF
:1098E000D378B796EE1896400D78BCE678B9F6783E
:1098F000B6A60608A607900E8CE493120F0BC37849
:10990000C296EE1896500D78BCE678BAF678C1A6E5
:109910000608A60778B6E6FE08E6C378C296FFEE0C
:10992000189678C3F608A607900E95E418120EE96B
:109930004002D23778BCE6082608F6E51F640170BD
:109940004AE6C378C0120EDF4005120EDA40391223
:109950000F0240047FFE80027F0278BDA60778B91F
:10996000E6240378BFF678B9E624FD78C0F6120F36
:1099700002400678C0E6FF800478BFE6FF78BEA606
:1099800007751F0278B8760102024AE51F6402607B
:109990000302022A78BEE6FFC378C0120EE0400838
:1099A000120EDA5003020228120F0240047FFF80D9
:1099B000027F0178BDA60778B9E60478BFF678B9CA
:1099C000E61478C0F618120F044004E6FF80027F08
:1099D0000078BFA607D308E6648094804004E6FFC1
:1099E00080027F0078C0A607C318E6648094B35055
:1099F00004E6FF80027F3378BFA607C308E66480D1
:109A000094B35004E6FF80027F3378C0A607120F9C
:109A100002400678C0E6FF800478BFE6FF78BEA665
:109A200007751F0378B876018020E51F6403702650
:109A300078BEE6FFC378C0120EE04005120EDA4091
:109A40000978B9E678BEF6751F0478BEE675F005AC
:109A5000A4F54B020AFFE51FB40410900E94E478BD
:109A6000C3120EE94002D237751F052230010302EE
:109A700004C03002030204C09051A5E07893F6A31D
:109A8000E008F6A3E008F6E51F703C751E20D2350D
:109A9000120C7A787EA60608A607788BA609187697
:109AA00001120C5B784EA60608A607788BE6786E46
:109AB000F6751F017893E67890F67894E67891F63B
:109AC0007895E67892F6227990E7D37893964005D8
:109AD000E796FF8008C37993E7789096FF788876B9
:109AE0000008A6077991E7D37894964005E796FF9A
:109AF0008008C37994E7789196FF120C8E7992E7EB
:109B0000D37895964005E796FF8008C37995E77866
:109B10009296FF120C8E120C5B788AE625E0244E9A
:109B2000F8A60608A607788AE6246EF8A609788AB9
:109B3000E62401FFE433FED3EF940FEE64809480BB
:109B400040047F008005788AE604FF788AA607E54E
:109B50001FB4010AE660030204C0751F0222120C42
:109B60007A7880A60608A607120C7A7882A60608DC
:109B7000A607786EE6788CF6786EE6788DF67F012B
:109B8000EF25E0244FF9C37881E69718E61997503E
:109B90000A120C827880A60408A605746E2FF97844
:109BA0008CE6C3975008746E2FF8E6788CF6EF2594
:109BB000E0244FF9D37883E69718E61997400A1204
:109BC0000C827882A60408A605746E2FF9788DE6BB
:109BD000D3974008746E2FF8E6788DF60FEF641077
:109BE000709EC37981E7788396FF19E71896788489
:109BF000F608A607C3798CE7788D9608F6D37981A5
:109C0000E7787F9619E71896400509E7088006C3AC
:109C1000797FE7788196FF19E71896FE7886A60681
:109C200008A607798CE7D3788B964005E796FF80E6
:109C300008C3798BE7788C96FF788FA607E51F64B9
:109C4000027069900E9193FF18E6C39F5072120C38
:109C50004A120C2F900E8E120C387880120C6B7BEF
:109C600004120C1DC31206455056900E92E493FF49
:109C7000788FE69F40028011900E90E493FFD37896
:109C800089E69F18E694004003751F05120C4A12DE
:109C90000C2F900E8F120C38787E120C6B7B4012BA
:109CA0000C1DD31206454018751F0522E51FB4058B
:109CB0000FD201C202E4F51FF51ED235D233D236DF
:109CC00022EF8DF0A4A8F0CF8CF0A428CE8DF0A4C4
:109CD0002EFE22BC000BBE0029EF8DF084FFADF0FC
:109CE00022E4CCF875F008EF2FFFEE33FEEC33FCE6
:109CF000EE9DEC984005FCEE9DFE0FD5F0E9E4CE1C
:109D0000FD22EDF8F5F0EE8420D21CFEADF075F0EA
:109D100008EF2FFFED33FD4007985006D5F0F222F3
:109D2000C398FD0FD5F0EA22E88FF0A4CC8BF0A405
:109D30002CFCE98EF0A42CFC8AF0EDA42CFCEA8E1D
:109D4000F0A4CDA8F08BF0A42DCC3825F0FDE98F40
:109D5000F0A42CCD35F0FCEB8EF0A4FEA9F0EB8F37
:109D6000F0A4CFC5F02ECD39FEE43CFCEAA42DCE04
:109D700035F0FDE43CFC2275F008758200EF2FFF02
:109D8000EE33FECD33CDCC33CCC58233C5829BEDD3
:109D90009AEC99E58298400CF582EE9BFEED9AFDD7
:109DA000EC99FC0FD5F0D6E4CEFBE4CDFAE4CCF987
:109DB000A88222B800C1B90059BA002DEC8BF084FA
:109DC000CFCECDFCE5F0CBF97818EF2FFFEE33FEC8
:109DD000ED33FDEC33FCEB33FB10D703994004EB80
:109DE00099FB0FD8E5E4F9FA227818EF2FFFEE334C
:109DF000FEED33FDEC33FCC933C910D7059BE99A5E
:109E00004007EC9BFCE99AF90FD8E0E4C9FAE4CCEE
:109E1000FB2275F010EF2FFFEE33FEED33FDCC3358
:109E2000CCC833C810D7079BEC9AE899400AED9B41
:109E3000FDEC9AFCE899F80FD5F0DAE4CDFBE4CC20
:109E4000FAE4C8F922EB9FF5F0EA9E42F0E99D4260
:109E5000F0E89C45F022E8600FECC313FCED13FD25
:109E6000EE13FEEF13FFD8F122E8600FEFC333FFCC
:109E7000EE33FEED33FDEC33FCD8F122E493FC74B9
:109E80000193FD740293FE740393FF22E6FB08E640
:109E9000F908E6FA08E6CBF822ECF608EDF608EE4B
:109EA000F608EFF622A42582F582E5F03583F583E6
:109EB00022D083D082F8E4937012740193700DA3C2
:109EC000A393F8740193F5828883E4737402936812
:109ED00060EFA3A3A380DF9038047852120BFD90AB
:109EE0003800E0FEA3E0FDEDFFC3120B9E9038109A
:109EF000120B929038067854120BFD903802E0FE57
:109F0000A3E0FDEDFFC3120B9E903812120B92A33B
:109F1000E0B4310778527952120C13903814E0B43F
:109F200071157852E6FE08E67802CEC313CE13D838
:109F3000F97953F7EE19F7903815E0B431077854F2
:109F40007954120C13903815E0B471157854E6FE6C
:109F500008E67802CEC313CE13D8F97955F7EE1977
:109F6000F77952120BD909120BD9AF47120BB2E590
:109F700044FB7A00FD7C001204D3785AA60608A69A
:109F800007AF45120BB2AD037C001204D37856A67E
:109F90000608A607AF487854120BB4E543FBFD7CD6
:109FA000001204D3785CA60608A607AF467E0078A8
:109FB00054120BB6AD037C001204D37858A60608E1
:109FC000A607C3785BE6940818E69400500576006F
:109FD000087608C3785DE6940818E6940050057684
:109FE00000087608785A120BC6FFD37857E69F18F8
:109FF000E69E400E785AE613FE08E67857120C08E3
:10A0000080047E007F00785E120BBEFFD37859E695
:10A010009F18E69E400E785CE613FE08E67859121B
:10A020000C0880047E007F00E4FCFD786212069933
:10A03000785A120BC6785726FFEE1836FE7866124D
:10A040000BBE785926FFEE1836FEE4FCFD786A1246
:10A050000699120BCE786612068CD312064540087C
:10A06000120BCE78661206997854120BD0786A12C9
:10A07000068CD3120645400A7854120BD0786A1227
:10A0800006997861E6906001F07865E6A3F078695A
:10A09000E6A3F07855E6A3F07D017861120BE92480
:10A0A00001120BA67865120BE92402120BA678693F
:10A0B000120BE92403120BA6786D120BE92404128B
:10A0C0000BA60DBD05D4C20EC206228508419030F4
:10A0D00024E0F53DA3E0F53EA3E0F53FA3E0F54025
:10A0E000A3E0F53CD234E5411206B109310309354C
:10A0F00004093B05093E06094107094A08095B12A4
:10A10000097318098919095E1A096A1B09AD8009C2
:10A11000B2810A1D8F0A09900A1D910A1D920A1D1B
:10A12000930A1D940A1D980A179F0A1AEC00000A48
:10A1300038120F7422120F74D20322D20322C203E8
:10A1400022A237E433F53C020A1DC201C202C20357
:10A15000120D0D751E70D235020A1D020A048540CB
:10A160004A853C4B120AFF020A1D854A40854B3C3A
:10A17000020A1DE4F522F523854031853F30853EF6
:10A180002F853D2E120F46801F7522007523017406
:10A19000FFF52DF52CF52BF52A120F46852D408560
:10A1A0002C3F852B3E852A3DE4F53C8070120F162E
:10A1B000806B853D45853E46E547C313FFE545C3B6
:10A1C0009F50028F45E548C313FFE546C39F5002E9
:10A1D0008F46E547C313FFFDE5452DFDE433FCE560
:10A1E00044120F904005E5449FF545E548C313FF31
:10A1F000FDE5462DFDE433FCE543120F904005E5F7
:10A20000439FF5461206D78014854048853F478511
:10A210003E46853D4580060206D7120D7E903024CD
:10A22000E53DF0A3E53EF0A3E53FF0A3E540F0A354
:10A23000E53CF0903023E4F022C0E0C083C082C04F
:10A24000D0903F0CE0F532E53230E3743036669062
:10A250006019E0F50AA3E0F50B90601DE0F514A38A
:10A26000E0F515906021E0F50CA3E0F50D90602974
:10A27000E0F50EA3E0F50F906031E0F510A3E0F5F6
:10A2800011906039E0F512A3E0F513300106303388
:10A2900003D38001C39209300206303303D3800117
:10A2A000C3920A30330C300309200206200103D385
:10A2B0008001C3920B903001E04440F0E054BFF0C5
:10A2C000E53230E114303411903022E0F508E4F04A
:10A2D000300003D38001C39208E53230E512905676
:10A2E000A1E0F509303109300503D38001C3920D97
:10A2F000903F0CE532F0D0D0D082D083D0E03290C5
:10A300000E7EE493FE740193FFC3900E7C74019360
:10A310009FFFE4939EFEE48F3B8E3AF539F538AB10
:10A320003BAA3AA939A838AF4BFCFDFE120528120A
:10A330000DE1E47BFFFAF9F81205B3120DE1900E7E
:10A3400069E4120DF6120DE1E4854A37F536F5356C
:10A35000F534AF37AE36AD35AC34A3120DF68F37CA
:10A360008E368D358C34E53B4537F53BE53A453641
:10A37000F53AE5394535F539E5384534F538E4F54C
:10A3800022F523853B31853A3085392F85382E02D9
:10A390000F46E0A3E075F002A4FFAEF0C308E69F0D
:10A3A000F618E69EF622FFE5F034608F82F583EC26
:10A3B000F02278527E00E6FC08E6FD0204C1E4FCCF
:10A3C000FD120699785CE6C313FE08E61322785264
:10A3D000E6FE08E6FFE4FCFD22E7C4F854F0C86896
:10A3E000F709E7C4540F48F722E6FCED75F004A422
:10A3F0002212067C8F488E478D468C4522E0FEA3B4
:10A40000E0FDEEF6ED08F62213FFC3E69FFF18E627
:10A410009EFE22E6C313F708E61309F722AD39AC16
:10A4200038FAF9F81205288F3B8E3A8D398C38AB03
:10A4300037AA36A935A8342293FFE4FCFDFE1205A5
:10A44000288F378E368D358C34227884E6FE08E6E8
:10A45000FFE48F378E36F535F53422900E8CE49379
:10A4600025E0240AF8E6FE08E6FF22E6FE08E6FFFD
:10A47000E48F3B8E3AF539F53822784EE6FE08E651
:10A48000FF22EF25E0244EF8E6FC08E6FD2278895D
:10A49000EF26F618E436F62275890375A80175B81B
:10A4A000047534FF75350E75361575370D120E9A15
:10A4B000120009120F16120006D200D234D2AF7564
:10A4C00034FF75350E753649753703120E9A30080C
:10A4D00009C2341208CBC208D234300B09C236127A
:10A4E000026CC20BD236300909C23612000EC20904
:10A4F000D236300E031206D73035D3903029E51E00
:10A50000F0B41005903023E4F0C23580C1E4F54B7F
:10A51000900E7A93FFE48F37F536F535F534AF3783
:10A52000AE36AD35AC34900E6A120DF68F378E36DE
:10A530008D358C34900E7212067CEF4537F537EE70
:10A540004536F536ED4535F535EC4534F534E4F56D
:10A5500022F52385373185363085352F85342E1207
:10A560000F46E4F522F523900E72120DEA120F4603
:10A57000E4F522F523900E6E120DEA020F46E54037
:10A5800024F2F537E53F3443F536E53E34A2F535A0
:10A59000E53D3428F534E537FFE4FEFDFC7818127C
:10A5A00006698F408E3F8D3E8C3DE53754A0FFE518
:10A5B00036FEE4FDFC78071206567810120F9AE476
:10A5C000FFFEE535FDE4FC780E120656120F9DE401
:10A5D000FFFEFDE534FC78181206567808120F9A33
:10A5E000228F3B8E3A8D398C382212067C8F318E29
:10A5F000308D2F8C2E2293F9F8020669000000009E
:10A600001201170831155354442020202020130133
:10A61000100156401A30297E00300420DF300540FA
:10A62000BF500300FD502701FE600011003F0530C0
:10A63000003F0622003F012A003F020000360607C5
:10A64000003F0B0FF000000000300140BF30010060
:10A65000BF302970003A0000FF3A0000FF36033691
:10A66000024144582018100A04040003FF6400004B
:10A670008000000000000002040606000351007A7A
:10A68000503C281E1010502D281610100200100CDF
:10A6900010040C6E060500A55A00AE35AF36E4FD79
:10A6A000EDC395375033120FE2E493F538740193FC
:10A6B000F53945386023853982853883E0FC120FEF
:10A6C000E27403935204120FE27402934204853938
:10A6D00082853883ECF00D80C72278BEE6D308FF70
:10A6E000E66480F8EF6480982293FF7E00E6FC0821
:10A6F000E6FD1204C178C1E6FC08E6FDD3EF9DEE4D
:10A700009C2278BDD3E6648094802225E0240AF858
:10A71000E6FE08E6FF22E53CD39400400B900E884D
:10A72000120BF1900E868009900E82120BF1900EA2
:10A7300080E493F544A3E493F543D206300603D3B3
:10A740008001C3920E22A2AF9232C2AFE52345220E
:10A75000900E5D600E120FCBE0F52C120FC8E0F5E5
:10A760002D800C120FCBE530F0120FC8E531F0A2AE
:10A770003292AF22D201C202E4F51FF51ED235D2C9
:10A7800033D236D201C202F51FF51ED235D23322A2
:10A79000FBD3ED9B7480F86C9822120669E5402F7C
:10A7A000F540E53F3EF53FE53E3DF53EE53D3CF5F8
:10A7B0003D22C0E0C083C082903F0DE0F533E53319
:10A7C000F0D082D083D0E032900E5FE493FE74012B
:10A7D00093F5828E8322787FE4F6D8FD7581CD02D1
:10A7E0000C988F828E8375F004ED0206A504000498
:10A7F00000040000061C040004F3010548040007DF
:10A80000CF010648040004D30104100400084001ED
:10A810000C303D3E3D01103D4D4E4D0115526668D8
:10A8200066021A66808280021F7A9A9C9A02248F9E
:10A83000B3B6B3032BABD6DAD6040000A11D0108D2
:10A84000D11E0108891E0108E91E0108E11D010849
:10A8500008040204080101010101010307010000CD
:10A86000010002000400060008000A000C001000AD
:10A8700020004000800000010000000000000000F7
:10A8800000000000000004040404040000040000B0
:10A8900014140A00000000000000000000000A0A72
:10A8A0001F0A0A1F0A0A000000040E1505060C14F0
:10A8B000150E0400000012150D152E2C2A12000092
:10A8C0000000040A0A3615152916000002020100CC
:10A8D0000000000000000000100808040404040444
:10A8E000080810000204040808080808040402000C
:10A8F00000000004150E0E15040000000000000802
:10A90000083E0808000000000000000000000000F1
:10A910000202010000000000003F000000000000F3
:10A9200000000000000000000002000000201010E5
:10A93000080804040202010000000E111111111197
:10A94000110E00000000040604040404040E0000BC
:10A9500000000E1111080402011F000000000E117A
:10A96000100C1010110E00000000080C0C0A091F3A
:10A97000081C000000001F01010F1110110E000043
:10A9800000000C12010D1311110E000000001E102A
:10A99000080804040404000000000E11110E111137
:10A9A000110E000000000E1111191610090600000A
:10A9B000000000000400000000040000000000008F
:10A9C0000004000000040400000010080402020457
:10A9D00008100000000000003F003F0000000000E1
:10A9E00000000204081010080402000000000E110C
:10A9F000110804040004000000001C22292D2D1D54
:10AA0000221C0000000004040C0A0A1E123300007D
:10AA100000000F12120E1212120F000000001E1181
:10AA200001010101110E000000000F12121212129A
:10AA3000120F000000001F120A0E0A02121F00006F
:10AA400000001F120A0E0A020207000000001C127A
:10AA500001013911120C000000003312121E1212F3
:10AA60001233000000001F0404040404041F00004B
:10AA700000003E0808080808080809070000371207
:10AA80000A060A1212370000000007020202020240
:10AA9000223F000000003B1B1B1B15151535000055
:10AAA00000003B1216161A1A1217000000000E11B1
:10AAB00011111111110E000000000F12120E0202EE
:10AAC0000207000000000E1111111117190E1800D5
:10AAD00000000F12120E0A121237000000001E11A1
:10AAE00001060810110F000000001F1504040404E3
:10AAF000040E00000000331212121212120C000099
:10AB000000003312120A0A0C04040000000015159C
:10AB100015150E0A0A0A000000001B0A0A04040A9E
:10AB20000A1B000000001B0A0A0A0404040E0000AD
:10AB300000001F0908040402121F00001C04040482
:10AB40000404040404041C000002020404040808B1
:10AB5000081010000E0808080808080808080E0069
:10AB6000040A0000000000000000000000000000D7
:10AB7000000000000000003F020400000000000090
:10AB80000000000000000000000C121C123C00003D
:10AB900000030202020E1212120E0000000000005A
:10ABA000001C1202120C000000181010101C1212CF
:10ABB000123C000000000000000C121E021C0000ED
:10ABC00000182404041E0404041E000000000000F9
:10ABD000003C120C021C221C00030202020E121284
:10ABE000123700000004040000060404040E0000F4
:10ABF00000080800000C0808080808070003020203
:10AC0000021A0A060A1300000007040404040404DC
:10AC1000041F000000000000000F151515150000AE
:10AC200000000000000F12121237000000000000A8
:10AC3000000C1212120C000000000000000F121293
:10AC4000120E020700000000001C1212121C103825
:10AC500000000000001B06020207000000000000C8
:10AC6000001E020C101E000000000004041E04045C
:10AC7000041C000000000000001B1212123C000027
:10AC800000000000001B0A0A04040000000000008D
:10AC90000015150E0A0A000000000000001B0A043F
:10ACA0000A1B000000000000003312120C0804030D
:10ACB00000000000001E0804041E00001808080818
:10ACC000080C0808080818000808080808080808F8
:10ACD0000808080806040404040804040404060020
:10ACE0001609000000000000000000000000000045
:10ACF000000000000000000000000000000000084C
:10AD000008080808080800001818000000486C240B
:10AD100012000000000000000000000000000024FD
:10AD200024247F1212127F12121200000000081C4D
:10AD30002A2A0A0C1828282A2A1C0808000000229F
:10AD4000251515152A585454542200000000000CF3
:10AD50001212120A76252911916E000000060604CF
:10AD60000300000000000000000000000040201070
:10AD70001008080808080810102040000002040805
:10AD80000810101010101008080402000000000045
:10AD900008086B1C1C6B0808000000000000000085
:10ADA000080808087F0808080800000000000000E4
:10ADB0000000000000000000060604030000000080
:10ADC00000000000FE000000000000000000000085
:10ADD00000000000000000000606000000008040A7
:10ADE000402020101008080404020200000000188F
:10ADF000244242424242424224180000000000081D
:10AE00000E08080808080808083E00000000003C7A
:10AE10004242422020100804427E00000000003C14
:10AE20004242201820404042221C00000000002026
:10AE30003028242422227E20207800000000007E7A
:10AE40000202021A26404042221C00000000003884
:10AE50002402021A26424242241800000000007E0A
:10AE60002222101008080808080800000000003C12
:10AE70004242422418244242423C00000000001892
:10AE80002442424264584040241C0000000000005C
:10AE90000000181800000000181800000000000052
:10AEA0000000000800000000000808040000004046
:10AEB00020100804020408102040000000000000D8
:10AEC00000007F0000007F00000000000000000282
:10AED0000408102040201008040200000000003C7C
:10AEE0004242464020101000181800000000001CCC
:10AEF000225A555555552D42221C000000000008CD
:10AF000008181414243C224242E700000000001FED
:10AF10002222221E22424242221F00000000007C08
:10AF20004242010101010142221C00000000001FF9
:10AF30002242424242424242221F00000000003FA1
:10AF40004212121E12120242423F00000000003F55
:10AF50004212121E12120202020700000000003C00
:10AF60002222010101712122221C0000000000E7C1
:10AF7000424242427E42424242E700000000003E1E
:10AF80000808080808080808083E00000000007CBF
:10AF900010101010101010101010110F000000777A
:10AFA00022120A0E0A121222227700000000000765
:10AFB0000202020202020202427F00000000007749
:10AFC000363636362A2A2A2A2A6B0000000000E389
:10AFD00046464A4A52525262624700000000001C34
:10AFE0002241414141414141221C00000000003FFB
:10AFF000424242423E020202020700000000001CE0
:10B000002241414141414D53321C60000000003F4C
:10B010004242423E1212222242C700000000007C3F
:10B020004242020418204042423E00000000007FDD
:10B030004908080808080808081C0000000000E784
:10B040004242424242424242423C0000000000E78B
:10B050004242222424141418080800000000006B47
:10B06000494949495555362222220000000000E78F
:10B07000422424181818242442E700000000007716
:10B080002222141408080808081C00000000007E92
:10B090002120101008040442423F000000780808F4
:10B0A00008080808080808080808780000000202D4
:10B0B000040408080810102020204040001E101032
:10B0C000101010101010101010101E000038440046
:10B0D0000000000000000000000000000000000070
:10B0E0000000000000000000000000FF0006080053
:10B0F0000000000000000000000000000000000050
:10B100000000003C4278444242FC00000000000382
:10B110000202021A26424242261A000000000000E3
:10B1200000000038440202024438000000000060C1
:10B13000404040784442424264D800000000000091
:10B140000000003C427E0202423C0000000000F091
:10B150008808087E08080808083E00000000000073
:10B160000000007C22221C023C42423C0000000302
:10B170000202023A4642424242E700000000000C4E
:10B180000C00000E08080808083E0000000000300F
:10B1900030000038202020202020221E0000000344
:10B1A00002020272120A1612227700000000000E3C
:10B1B0000808080808080808083E00000000000009
:10B1C0000000007F9292929292B70000000000006F
:10B1D0000000003B4642424242E7000000000000FF
:10B1E0000000003C42424242423C0000000000009D
:10B1F0000000001B26424242221E020700000000FF
:10B200000000007844424242447840E000000000E0
:10B21000000000774C040404041F0000000000003C
:10B220000000007C42023C40423E00000000000062
:10B230000008083E08080808083000000000000068
:10B24000000000634242424262DC00000000000055
:10B25000000000E742242414080800000000000059
:10B26000000000EB49495555222200000000000073
:10B270000000007624181818246E0000000000005A
:10B28000000000E74224241418080807000000000A
:10B290000000007E22100808447E000000C020202C
:10B2A00020202010202020202020C000101010106E
:10B2B00010101010101010101010101000060808B8
:10B2C0000808081008080808080806000C32C20020
:10B2D000000000000000000000000000000000006E
:10B2E000000000000000000000000000000000005E
:10B2F000000000000000000000000000000000004E
:10B30000000000000000000000000000000000003D
:10B3100000000000600060006000600060006000ED
:10B32000600040002000200020000000000000001D
:10B3300060006000600000000000000000000000ED
:10B340006006600630039801880044000000000099
:10B3500000000000000000000000000000000000ED
:10B3600000000000000000000000000000000000DD
:10B37000000000001002100210021002FE07FE077B
:10B3800008020801080108010801FE07FE07040180
:10B39000040104010401000000000000000000009E
:10B3A000000040004000F00158034C03CC034C0067
:10B3B00058007000E000C001C00140034C035C0372
:10B3C0004C034801F0004000400000000000000075
:10B3D000000000000E010A0191009100910051004F
:10B3E00051003A00AE03A00250045004480448043F
:10B3F00048048402840300000000000000000000F4
:10B400000000000038006C006C006C006C006C00E8
:10B410002C0098071C011A01330133016301E3007A
:10B42000C308C6093C07000000000000000000003F
:10B430000C001C00100010000800040000000000B8
:10B4400000000000000000000000000000000000FC
:10B4500000000000000000000000000000000000EC
:10B460000004000200018000800040004000200035
:10B47000200020002000200020002000400040008C
:10B4800080008000000100020004000000000000B5
:10B4900002000400080010001000200020004000FE
:10B4A00040004000400040004000400020002000DC
:10B4B000100010000800040002000000000000005E
:10B4C00000000000000000004000C0004000460CEA
:10B4D0004E0FD001F0015E0F460C400040004000CE
:10B4E000000000000000000000000000000000005C
:10B4F000000000000000000000004000400040008C
:10B5000040004000FE0F400040004000400040006E
:10B51000000000000000000000000000000000002B
:10B52000000000000000000000000000000000001B
:10B53000000000000000000000000000000000000B
:10B540000C001C00100010000800040000000000A7
:10B5500000000000000000000000000000000000EB
:10B5600000000000FE0700000000000000000000D6
:10B5700000000000000000000000000000000000CB
:10B5800000000000000000000000000000000000BB
:10B5900000000000000000000000000000000000AB
:10B5A0001C001C001C000000000000000000000047
:10B5B000000400060002000300010001800080007A
:10B5C0004000400060002000200010001000080033
:10B5D00008000C000400060002000000000000004B
:10B5E000000000000000F00098010C030C030606A8
:10B5F00006060606060606060606060606060C03E8
:10B600000C039801F00000000000000000000000A2
:10B6100000000000000040007C006000600060004E
:10B62000600060006000600060006000600060001A
:10B6300060006000FC03000000000000000000004B
:10B64000000000000000F800840102030603060366
:10B65000000300018001C00060002000100008020B
:10B6600004020602FE0300000000000000000000CB
:10B670000000000000007800C600860186018001FD
:10B680008001C00070008001000100030003060378
:10B6900006038601F8000000000000000000000022
:10B6A00000000000000080018001C001A001A00195
:10B6B00090018801880184018201FE0F80018001D0
:10B6C00080018001E0070000000000000000000091
:10B6D000000000000000FC0304000400040004005B
:10B6E0000400F4008C0104030003000306030603B6
:10B6F00082018401F800000000000000000000004A
:10B70000000000000000E00118030C030C0004001E
:10B710000600E60116030E060606060606060406E1
:10B720000C021803F0000000000000000000000000
:10B73000000000000000F8070C06040204010001EC
:10B740000001800080004000400040006000600078
:10B7500060006000600000000000000000000000C9
:10B76000000000000000F8010C03060606060606AD
:10B770000C021C03F000C8010C03060606060606B0
:10B7800006060C03F00100000000000000000000AD
:10B79000000000000000F0000C010C030602060689
:10B7A0000606060606078C06780600060003000358
:10B7B0000C018C0178000000000000000000000077
:10B7C0000000000000000000000000000000000079
:10B7D000E000E000E00000000000000000000000C9
:10B7E000E000E000E00000000000000000000000B9
:10B7F0000000000000000000000000000000000049
:10B800006000600000000000000000000000000078
:10B8100000006000600040002000200000000000E8
:10B820000000000000040002000180004000200031
:10B8300010000800040008001000200040008000F4
:10B8400000010002000400000000000000000000F1
:10B8500000000000000000000000000000000000E8
:10B86000FE07000000000000FE07000000000000CE
:10B8700000000000000000000000000000000000C8
:10B8800000000000040008001000200040008000BC
:10B8900000010002000400020001800040002000BE
:10B8A000100008000400000000000000000000007C
:10B8B000000000000000E0031806040C040C0C0C4F
:10B8C0000C0C000780014000400040000000000018
:10B8D000E000E000E00000000000000000000000C8
:10B8E00000000000E00018030C02CC0564056605AA
:10B8F000A605B604B604B604B604B602E4010C0408
:10B900000C021803F000000000000000000000001E
:10B91000000000000000600060005000D0009000B7
:10B920009000880088010801F80104030403040260
:10B93000020202060F0F00000000000000000000DD
:10B94000000000000000FE008C030C030C030C033D
:10B950000C038C01FC000C030C020C060C060C06FC
:10B960000C060C03FE0100000000000000000000B7
:10B97000000000000000E00318030C060C0404049F
:10B9800006000600060006000600060006040C0479
:10B990000C021803F000000000000000000000008E
:10B9A0000000000000007F008C010C030C030C065B
:10B9B0000C060C060C060C060C060C060C060C03FA
:10B9C0000C038C017F00000000000000000000005C
:10B9D000000000000000FF03060306040604060042
:10B9E00086008600FE0086008600860006000604AB
:10B9F00006040602FF030000000000000000000033
:10BA0000000000000000FF03060306040604060011
:10BA100086008600FE00860086008600060006007E
:10BA2000060006001F0000000000000000000000EB
:10BA3000000000000000F00018010C020C020402DB
:10BA40000600060006000600C60F060306030C03E8
:10BA50000C031803F00000000000000000000000CC
:10BA60000000000000000F0F060606060606060688
:10BA700006060606FE07060606060606060606066D
:10BA8000060606060F0F0000000000000000000080
:10BA9000000000000000FC03600060006000600027
:10BAA0006000600060006000600060006000600096
:10BAB00060006000FC0300000000000000000000C7
:10BAC000000000000000F807C000C000C000C00077
:10BAD000C000C000C000C000C000C000C000C00066
:10BAE000C000C000C000C60066003C0000000000AE
:10BAF000000000000000CF038601C60046002600BB
:10BB0000160036002E006E004600C6008600860134
:10BB1000060106038F07000000000000000000007F
:10BB20000000000000001F000600060006000600DE
:10BB300006000600060006000600060006000604D1
:10BB400006040602FF0300000000000000000000E1
:10BB50000000000000000707860386038E038E03A3
:10BB60004E034E034A035A035A033A033203320385
:10BB700032031203870700000000000000000000ED
:10BB80000000000000008E0F0C021C021C02340298
:10BB90003402640264024402C40284028403840303
:10BBA000040304031F020000000000000000000066
:10BBB000000000000000F00098010C030C020606D3
:10BBC00006060606060606060606060606060C0213
:10BBD0000C039801F00000000000000000000000CD
:10BBE000000000000000FF00060306060606060629
:10BBF000060606068603FE0006000600060006008E
:10BC0000060006001F000000000000000000000009
:10BC1000000000000000F00098010C030C02060672
:10BC200006060606060606060606060676064C0202
:10BC3000CC039801F0008007000300000000000022
:10BC4000000000000000FF010603060606060606C7
:10BC500006060603FE004600C600860086010603AF
:10BC6000060306060F0E00000000000000000000A2
:10BC7000000000000000F8020C03060206020600A5
:10BC80000E003C00F800E0038003000702060206F5
:10BC900006060C03F0010000000000000000000098
:10BCA000000000000000FE076204610861086000F7
:10BCB0006000600060006000600060006000600084
:10BCC00060006000F80100000000000000000000BB
:10BCD0000000000000001E070C020C020C020C0207
:10BCE0000C020C020C020C020C020C020C020C02E4
:10BCF0000C021801F000000000000000000000002D
:10BD00000000000000000F070602040104010C01FE
:10BD10000C018800880098009800500050007000C6
:10BD200030002000200000000000000000000000A3
:10BD3000000000000000F70E6204420446044604BE
:10BD400064026402E402E4029C029C0198019801EE
:10BD5000880188008800000000000000000000004A
:10BD60000000000000009E070C010801180190006F
:10BD7000B0006000200060006000D00090008801EA
:10BD8000080104038E07000000000000000000000E
:10BD90000000000000000F0F060404020C0208015E
:10BDA0001801B800B0007000600060006000600022
:10BDB00060006000F80100000000000000000000CA
:10BDC000000000000000FC070C02060302018001D5
:10BDD00080004000400020002000100018000804EF
:10BDE0000C040402FE03000000000000000000003C
:10BDF000E003200020002000200020002000200080
:10BE00002000200020002000200020002000200032
:10BE10002000200020002000E003000000000000BF
:10BE200000000000040004000800080010001000DA
:10BE300010002000200040004000C0008000800072
:10BE400000010001000200020002000400000000E6
:10BE50007C004000400040004000400040004000A6
:10BE600040004000400040004000400040004000D2
:10BE700040004000400040007C00000000006000E6
:10BE80009000080100000000000000000000000019
:10BE900000000000000000000000000000000000A2
:10BEA0000000000000000000000000000000000092
:10BEB0000000000000000000000000000000000082
:10BEC0000000000000000000000000000000000072
:10BED00000000000000000000000FF0F0000000054
:10BEE00018006000000000000000000000000000DA
:10BEF0000000000000000000000000000000000042
:10BF00000000000000000000000000000000000031
:10BF10000000000000000000000000000000000021
:10BF2000F0010C030C030003E0031C030E030603E3
:10BF300006038E0B7C0E00000000000000000000D5
:10BF40000000000008000E000C000C000C000C00AB
:10BF5000CC013C031C060C060C060C060C060C0659
:10BF60000C021C03E40100000000000000000000BF
:10BF700000000000000000000000000000000000C1
:10BF8000F0008C018C018601060006000600060206
:10BF90000C020C01F0000000000000000000000096
:10BFA000000000000002C0030003000300030003C0
:10BFB00078038C030C03060306030603060306033B
:10BFC00004038C077801000000000000000000005E
:10BFD0000000000000000000000000000000000061
:10BFE000E001180308020C060C06FC070C000C000C
:10BFF00018041802E001000000000000000000002A
:10C00000000000000000C003600630063000300071
:10C01000FE013000300030003000300030003000D1
:10C0200030003000FC0100000000000000000000B3
:10C030000000000000000000000000000000000000
:10C04000F007D8068C018C018C019801F8000C00D7
:10C05000FC00CC03060306038E03F800000000007A
:10C060000000000008000E000C000C000C000C008A
:10C07000EC011C030C030C030C030C030C030C035A
:10C080000C030C039E0700000000000000000000ED
:10C0900000000000000060006000000000004000A0
:10C0A0007C00600060006000600060006000600074
:10C0B00060006000FC0300000000000000000000C1
:10C0C000000000000000C001C001000000000001ED
:10C0D000F0018001800180018001800180018001E8
:10C0E0008001800180018001CC007C000000000004
:10C0F0000000000008000E000C000C000C000C00FA
:10C100008C038C008C004C006C005C008C008C015B
:10C110000C010C039E07000000000000000000005E
:10C120000000000040007C006000600060006000D3
:10C1300060006000600060006000600060006000FF
:10C1400060006000FC030000000000000000000030
:10C1500000000000000000000000000000000000DF
:10C160003707EE0666066606660666066606660615
:10C1700066066606FF0F00000000000000000000D9
:10C1800000000000000000000000000000000000AF
:10C19000EE011C030C030C030C030C030C030C0337
:10C1A0000C030C039E0700000000000000000000CC
:10C1B000000000000000000000000000000000007F
:10C1C000F00098010C03060606060606060606069B
:10C1D0000C030C03F0000000000000000000000051
:10C1E000000000000000000000000000000000004F
:10C1F000EE011C030C060C060C060C060C060C06C5
:10C200000C031C03EC010C000C003E0000000000BD
:10C21000000000000000000000000000000000001E
:10C2200078028C030C0306030603060306030603C9
:10C2300004038C03780300030003C0070000000020
:10C2400000000000000000000000000000000000EE
:10C250009F03580638061800180018001800180028
:10C2600018001800FF00000000000000000000009F
:10C2700000000000000000000000000000000000BE
:10C28000F0031C030C020C023800F000C00304038E
:10C2900004038C03FC01000000000000000000000B
:10C2A00000000000000000002000200030003000EE
:10C2B000FE0130003000300030003000300030002F
:10C2C00030023002E0010000000000000000000029
:10C2D0000000000000000000000000000000080254
:10C2E0008E030C030C030C030C030C030C030C0354
:10C2F0000C039C0778010000000000000000000013
:10C30000000000000000000000000000000000002D
:10C310001E070C020801080118019000B000B000CF
:10C32000600060002000000000000000000000002D
:10C3300000000000000000000000000000000000FD
:10C34000F70E6204460464026402EC029C01980148
:10C3500098019801080000000000000000000000A3
:10C3600000000000000000000000000000000000CD
:10C37000BC0718011001B00060006000E0009000F0
:10C38000080108039E0700000000000000000000F4
:10C39000000000000000000000000000000000009D
:10C3A0009E0708010801080190009000B00060009D
:10C3B000600060002000200024001C00000000003D
:10C3C000000000000000000000000000000000006D
:10C3D000FC018401C4004400600020003000180209
:10C3E00008020C03FC010000000000000000000037
:10C3F00000038000800080008000800080008000BA
:10C40000800040002000400080008000800080000C
:10C410008000800080008000000300004000400099
:10C42000400040004000400040004000400040000C
:10C4300040004000400040004000400040004000FC
:10C44000400040004000400040004000000000006C
:10C450000C00100010001000100010001000100060
:10C4600010002000400020001000100010001000FC
:10C4700010001000100010000C00000000001C0054
:10C480002204C2048003000000000000000000003D
:10C49000000000000000000000000000000000009C
:10C4A000000000000000000000000000000000008C
:10C4B000000000000000000000000000000000007C
:10C4C000000000000000000000000000000000006C
:10C4D000000000000000000000000000000000005C
:10C4E000000000000000000000000000000000004C
:10C4F000000000000000C001C001C001C001C00177
:10C50000C001C001800080008000800080008000A9
:10C51000800000000000000000008001C003C00394
:10C52000800100000000000000000000000000008A
:10C530000000E01CE01CF01E700E38071803080114
:10C540008400000000000000000000000000000067
:10C5500000000000000000000000000000000000DB
:10C5600000000000000000000000000000000000CB
:10C5700000000000000000002010201020102010FB
:10C580002010FE7FFE7F1008100810081008100809
:10C5900010081008FE7FFE7F080408040804080441
:10C5A000080400000000000000000000000000007F
:10C5B0000000000000010001C007601910311831AF
:10C5C0001839183938017001E001C0038007000FE5
:10C5D000001D003900311C311C310C310C11180DBB
:10C5E000E007000100010001000000000000000061
:10C5F00000000000000000001C1036186308630CE7
:10C6000063046304630263026301361D9C37802266
:10C6100080634063406320632063306310221836D8
:10C62000081C0000000000000000000000000000E6
:10C630000000000000000000F00098018C018C0157
:10C640008C018C018C00CC007800183E1C08360848
:10C65000320863046304C304C303834306438E2682
:10C66000781C000000000000000000000000000036
:10C6700000001C003C003C003000300010000C00AA
:10C6800006000000000000000000000000000000A4
:10C69000000000000000000000000000000000009A
:10C6A000000000000000000000000000000000008A
:10C6B00000000040002000100008000C00040006EC
:10C6C00000030003000380018001800180018001DC
:10C6D00080018001800100030003000300060006C2
:10C6E000000C0008001000200040000000000000C6
:10C6F000000002000400080010003000200060006C
:10C70000C000C000C0008001800180018001800164
:10C71000800180018001C000C000C0006000600096
:10C7200030001000080004000200000000000000BB
:10C730000000000000000000000000000001800375
:10C74000800300011C713C79783DC0070001C007DF
:10C75000783D3C791C71000180038003800100005A
:10C7600000000000000000000000000000000000C9
:10C7700000000000000000000000000000000001B8
:10C78000000100010001000100010001FC7F000127
:10C790000001000100010001000100010000000093
:10C7A0000000000000000000000000000000000089
:10C7B0000000000000000000000000000000000079
:10C7C0000000000000000000000000000000000069
:10C7D0000000000000000000000000001C003C0001
:10C7E0003C003000300010000C000600000000008B
:10C7F0000000000000000000000000000000000039
:10C80000000000000000000000000000FE7F0000AB
:10C810000000000000000000000000000000000018
:10C820000000000000000000000000000000000008
:10C8300000000000000000000000000000000000F8
:10C8400000000000000000000000000000000000E8
:10C850000000000000000000000018003C003C0048
:10C8600018000000000000000000000000000000B0
:10C870000000004000600020003000100018000898
:10C88000000C00040006000200030001800180008B
:10C89000C0004000600020003000100018000800B8
:10C8A0000C00040006000200000000000000000070
:10C8B0000000000000000000C007600C30181830B5
:10C8C000183018200C600C600C600C600C600C6060
:10C8D0000C600C600C601820183018303018600C98
:10C8E000C007000000000000000000000000000081
:10C8F000000000000000000000018001F80180013C
:10C90000800180018001800180018001800180011F
:10C910008001800180018001800180018001C003CD
:10C92000F81F0000000000000000000000000000F0
:10C930000000000000000000E007101C0818043090
:10C9400004300C300C3000300018000800040002E5
:10C950000001800040002020102008200430FC1F2F
:10C96000FC1F0000000000000000000000000000AC
:10C970000000000000000000E003180E0C0C0C1872
:10C980000C180C180018000C0006C003000E00184C
:10C990000010003000300C300C300C100C18180C4B
:10C9A000E0030000000000000000000000000000A4
:10C9B0000000000000000000000C000E000E000F40
:10C9C000800E800E400E600E200E100E100E080E0F
:10C9D000040E040EFE7F000E000E000E000E000E70
:10C9E000000EC07F000000000000000000000000FA
:10C9F0000000000000000000F03FF03F10001000B9
:10CA0000100008000800C807280C1818081000308B
:10CA10000030003000300C300C3004180418080CC2
:10CA2000F003000000000000000000000000000013
:10CA30000000000000000000800FC0102030103007
:10CA40001800180008000C008C0F6C183C301C609B
:10CA50000C600C600C600C6018601820303060189E
:10CA6000C0070000000000000000000000000000FF
:10CA70000000000000000000F83FF83F1C100C0808
:10CA80000408040400040002000200010001000187
:10CA9000800080008000C000C000C000C000C00056
:10CAA000C0000000000000000000000000000000C6
:10CAB0000000000000000000E007300C18180C30E7
:10CAC0000C300C301C3038187008E007B007180E16
:10CAD0000C1C063806300630063006300C18180CD0
:10CAE000E003000000000000000000000000000063
:10CAF0000000000000000000E00318040C080C18FF
:10CB00000610063006300630063006380C3C183663
:10CB1000F03100300018001800180C0C0C060C0343
:10CB2000F001000000000000000000000000000014
:10CB300000000000000000000000000000000000F5
:10CB40000000000000008001C003C003800100005D
:10CB5000000000000000000000008001C003C003CE
:10CB60008001000000000000000000000000000044
:10CB700000000000000000000000000000000000B5
:10CB8000000000000000C000C00000000000000025
:10CB90000000000000000000000000000000C000D5
:10CBA000C000800080004000400000000000000045
:10CBB0000000000000000020001000080004000633
:10CBC00000038001C0006000300018000C00180055
:10CBD00030006000C000800100030006000400086F
:10CBE0000010002000000000000000000000000015
:10CBF0000000000000000000000000000000000035
:10CC0000000000000000FE7F0000000000000000A7
:10CC10000000FE7F00000000000000000000000097
:10CC20000000000000000000000000000000000004
:10CC30000000000000000400080010002000600058
:10CC4000C000800100030006000C0018003000182E
:10CC5000000C000600038001C000600020001000EE
:10CC600008000400000000000000000000000000B8
:10CC7000000000000000C0073018083008600C6099
:10CC80001C601C601C600030001C0006000180005D
:10CC9000800080008000000000008001C003C0030D
:10CCA0008001000000000000000000000000000003
:10CCB0000000000000000000C007601810301820BD
:10CCC0000C2F8C4D864CC64CC64C664C6644664454
:10CCD000662666266615CC1C0C40082018303018D5
:10CCE000C00700000000000000000000000000007D
:10CCF0000000000000000001C001C001C0014001AF
:10CD000060032003200320033006100610061006DF
:10CD1000F80F080C080C080C0C0C04180418061862
:10CD20001F7C000000000000000000000000000068
:10CD30000000000000000000FE07181C1838183022
:10CD40001830183018301818180CF8071818183040
:10CD500018201860186018601860186018301818CB
:10CD6000FE0F0000000000000000000000000000B6
:10CD70000000000000000000C027603810301820BC
:10CD80000C400C40040006000600060006000600E9
:10CD90000600060006000C400C400C20183030182D
:10CDA000C0070000000000000000000000000000BC
:10CDB0000000000000000000FE03180E18181830D4
:10CDC0001830183018601860186018601860186003
:10CDD0001860186018601830183018101818180EDD
:10CDE000FE03000000000000000000000000000042
:10CDF0000000000000000000FE3F183018201860FE
:10CE00001840180018081808180CF80F180C180803
:10CE1000180818001800180018401840182018307A
:10CE2000FE3F0000000000000000000000000000C5
:10CE30000000000000000000FE7F1870184018C0BD
:10CE400018801800181018101818F81F1818181043
:10CE50001810180018001800180018001800180002
:10CE60007E00000000000000000000000000000044
:10CE70000000000000000000C013701C101018100B
:10CE80000C200C2004000600060006000600060028
:10CE900006FC063006300C300C30183018303008E4
:10CEA000C0070000000000000000000000000000BB
:10CEB00000000000000000003F7E0C180C180C1849
:10CEC0000C180C180C180C180C180C18FC1F0C184B
:10CED0000C180C180C180C180C180C180C180C1832
:10CEE0003F7E000000000000000000000000000085
:10CEF0000000000000000000F81F80018001800198
:10CF00008001800180018001800180018001800119
:10CF10008001800180018001800180018001800109
:10CF2000F81F0000000000000000000000000000EA
:10CF30000000000000000000E07F00060006000680
:10CF400000060006000600060006000600060006B1
:10CF500000060006000600060006000600060006A1
:10CF6000000600060E060E038E01FC000000000005
:10CF700000000000000000007E7C1818180818044B
:10CF800018061802180198019801D801B80338034F
:10CF900018071806180E180C181C18181830183016
:10CFA0007EFC000000000000000000000000000007
:10CFB00000000000000000007E00180018001800AB
:10CFC00018001800180018001800180018001800A1
:10CFD00018001800180018001840184018201830C1
:10CFE000FE3F000000000000000000000000000004
:10CFF00000000000000000001FF81C381C381C381E
:10D000001C3C343434343434343674326432643254
:10D0100064326431C431C431C431C430C43084306A
:10D020009FFC000000000000000000000000000065
:10D0300000000000000000001F7C1C103C10341099
:10D04000341074106410E410C410C41184118413DB
:10D05000041304170416041E041C041C041C0418E6
:10D060001F18000000000000000000000000000089
:10D070000000000000000000C003300C1818081069
:10D080000C300C30066006600660066006600660C4
:10D090000660066006600C200C3008101818300C72
:10D0A000C0030000000000000000000000000000BD
:10D0B0000000000000000000FE0F18181830186073
:10D0C000186018601860186018301818F80F1800E9
:10D0D0001800180018001800180018001800180090
:10D0E0007E000000000000000000000000000000C2
:10D0F0000000000000000000C003300C18180C10E5
:10D100000C300C2006600660066006600660066053
:10D11000066006600660E4612C331C321816300E7F
:10D12000C007004C007C0038000000000000000038
:10D130000000000000000000FE07181C183818301E
:10D140001830183018301818180CF80798031803FE
:10D15000180718061806180E180C180C181C1818A2
:10D160007E780000000000000000000000000000C9
:10D170000000000000000000E027303818300C20CC
:10D180000C200C000C0018007800E003800F001E3B
:10D1900000380070006004600460086018303818BF
:10D1A000C80F0000000000000000000000000000A8
:10D1B0000000000000000000FC3F8C2184618241DF
:10D1C0008241800180018001800180018001800115
:10D1D0008001800180018001800180018001800147
:10D1E000E007000000000000000000000000000058
:10D1F00000000000000000003F7C0C100C100C1020
:10D200000C100C100C100C100C100C100C100C103E
:10D210000C100C100C100C100C100C10080838041A
:10D22000E00300000000000000000000000000001B
:10D2300000000000000000003EF818201820182010
:10D240003010301030103010600860086008E00CBA
:10D25000C004C004C0048003800380038003000175
:10D2600000010000000000000000000000000000BD
:10D270000000000000000000DFF3866186218621A7
:10D280008C210C218C238C138C138C134C1358126F
:10D290005816580E380E380E380E300C1004100484
:10D2A000100400000000000000000000000000006A
:10D2B00000000000000000007E3E1808380830041E
:10D2C000300470026002E001C001C00180018003EF
:10D2D0004003400720062006100C100C0818081800
:10D2E0003E7C000000000000000000000000000084
:10D2F00000000000000000007E7C1C1018101808C0
:10D300003008300C700460046002C002C002C0012A
:10D310008001800180018001800180018001800105
:10D32000E007000000000000000000000000000016
:10D330000000000000000000F83F18180818040C56
:10D34000040E00060007000380038001C001C00036
:10D35000E000600070003000382018201C100C180D
:10D36000FE1F0000000000000000000000000000A0
:10D370000000C03F4000400040004000400040002E
:10D38000400040004000400040004000400040009D
:10D39000400040004000400040004000400040008D
:10D3A000400040004000C03F0000000000000000BE
:10D3B00000000000000008001800180010003000F5
:10D3C0002000600060004000C000800080018001FB
:10D3D000000100030002000600060004000C000823
:10D3E00000180018001000300020000000000000AD
:10D3F0000000FC0300020002000200020002000222
:10D40000000200020002000200020002000200020C
:10D4100000020002000200020002000200020002FC
:10D42000000200020002FC030000000000000000F7
:10D4300000008007C0062008101000000000000057
:10D4400000000000000000000000000000000000DC
:10D4500000000000000000000000000000000000CC
:10D4600000000000000000000000000000000000BC
:10D4700000000000000000000000000000000000AC
:10D48000000000000000000000000000000000009C
:10D49000000000000000000000000000000000008C
:10D4A00000000000000000000000FFFF000000007E
:10D4B00000007800C0000001000000000000000033
:10D4C000000000000000000000000000000000005C
:10D4D000000000000000000000000000000000004C
:10D4E000000000000000000000000000000000003C
:10D4F000000000000000000000000000000000002C
:10D50000000000000000F00318060C0C0C0C000CCE
:10D51000800F700C1C0C0C0C060C060C064C0C4FEF
:10D52000F8380000000000000000000000000000CB
:10D5300000000000000010001E0018001800180075
:10D54000180018001800180FD81838303860186004
:10D550001860186018601860186018203830781843
:10D56000C8070000000000000000000000000000EC
:10D5700000000000000000000000000000000000AB
:10D58000000000000000C007700C181818180C18D4
:10D590000C000C000C000C000C2018201810300897
:10D5A000C0070000000000000000000000000000B4
:10D5B0000000000000000010001E001800180018F5
:10D5C000001800180018E01B301C181818180C1848
:10D5D0000C180C180C180C180C180818181C307A99
:10D5E000E009000000000000000000000000000052
:10D5F000000000000000000000000000000000002B
:10D60000000000000000C007300C181808100C3093
:10D610000C30FC3F0C000C000C0018201810701887
:10D62000C007000000000000000000000000000033
:10D630000000000000000000003E80C380C0C0C0A9
:10D64000C000C000C000FC1FC000C000C000C0007F
:10D65000C000C000C000C000C000C000C000C000CA
:10D66000F80F0000000000000000000000000000B3
:10D6700000000000000000000000000000000000AA
:10D68000000000000000C077306C1018181818183F
:10D6900018181018300CF00718001800F00FF03FA1
:10D6A00008700C600C600C603838E00F000000005F
:10D6B00000000000000010001E00180018001800F4
:10D6C000180018001800980FD81838301830183083
:10D6D000183018301830183018301830183018300A
:10D6E0007EFC0000000000000000000000000000C0
:10D6F00000000000000000008003800380030000A1
:10D70000000000000001F80180018001800180011B
:10D710008001800180018001800180018001800101
:10D72000F81F0000000000000000000000000000E2
:10D730000000000000000000003800380038000041
:10D74000000000000010801F0018001800180018CA
:10D750000018001800180018001800180018001809
:10D76000001800180018180C1806F003000000003C
:10D7700000000000000010001E0018001800180033
:10D78000180018001800183E180C18061803180185
:10D790009801D801380318071806180C181C181817
:10D7A0007E7C00000000000000000000000000007F
:10D7B0000000000000000001F801800180018001EC
:10D7C0008001800180018001800180018001800151
:10D7D0008001800180018001800180018001800141
:10D7E000F81F000000000000000000000000000022
:10D7F0000000000000000000000000000000000029
:10D80000000000000800EE1C9C338C318C318C3100
:10D810008C318C318C318C318C318C318C318C3120
:10D82000DE7B00000000000000000000000000009F
:10D8300000000000000000000000000000000000E8
:10D840000000000010001E0FD818383018301830B3
:10D850001830183018301830183018301830183088
:10D860007EFC00000000000000000000000000003E
:10D8700000000000000000000000000000000000A8
:10D88000000000000000C007701C103018300C6051
:10D890000C600C600C600C600C6018301830301894
:10D8A000C0070000000000000000000000000000B1
:10D8B0000000000000000000000000000000000068
:10D8C0000000000010009E0F581838301820186013
:10D8D00018601860186018601860183038307818B0
:10D8E000980718001800180018007E0000000000BB
:10D8F0000000000000000000000000000000000028
:10D90000000000000000C023303C183818300C30F4
:10D910000C300C300C300C300C3008301838303CE7
:10D92000E033003000300030003000FC0000000028
:10D9300000000000000000000000000000000000E7
:10D940000000000060007E3C60666061E000E00076
:10D9500060006000600060006000600060006000C7
:10D96000FE070000000000000000000000000000B2
:10D9700000000000000000000000000000000000A7
:10D98000000000000000E027303818301820180090
:10D990007000E003800F001C043004300C301C18B1
:10D9A000EC0F00000000000000000000000000007C
:10D9B0000000000000000000000000008000800067
:10D9C0008000C000E000FC1FC000C000C000C0001C
:10D9D000C000C000C000C000C000C020C020801136
:10D9E000000F000000000000000000000000000028
:10D9F0000000000000000000000000000000000027
:10DA00000000000010201E3C18301830183018306C
:10DA1000183018301830183018301830183830F4E2
:10DA2000E013000000000000000000000000000003
:10DA300000000000000000000000000000000000E6
:10DA40000000000000007E3C181818083808300458
:10DA50003004700260026002E001C001C001C00039
:10DA60008000000000000000000000000000000036
:10DA700000000000000000000000000000000000A6
:10DA8000000000000000DFF78E630C238C238C2342
:10DA90009813981358165816700E700E700E2004B6
:10DAA0002004000000000000000000000000000052
:10DAB0000000000000000000000000000000000066
:10DAC000000000000000FC3E70087004E004C0028A
:10DAD000C0018003800340076006200C100C18185A
:10DAE0003E7E00000000000000000000000000007A
:10DAF0000000000000000000000000000000000026
:10DB00000000000000007E7C18181808300830085B
:10DB1000300460046004C002C002C00280018001C1
:10DB200080018000800080004C003C00000000006C
:10DB300000000000000000000000000000000000E5
:10DB4000000000000000FC1F0C0C040E0406000383
:10DB500080038001C000E0007020302038301C18A5
:10DB6000FC1F00000000000000000000000000009A
:10DB70000000003000080004000400040004000459
:10DB800000040004000400040004000280010002FC
:10DB90000004000400040004000400040004000465
:10DBA000000400040004000800300000000100012F
:10DBB000000100010001000100010001000100015D
:10DBC000000100010001000100010001000100014D
:10DBD000000100010001000100010001000100013D
:10DBE000000100010001000100010001000000002F
:10DBF00000000C0010002000200020002000200069
:10DC00002000200020002000200040008001400073
:10DC10002000200020002000200020002000200004
:10DC200020002000200010000C0000000000380040
:10DC3000C400864002610022001C000000000000B9
:10DC400000000000000000000000000000000000D4
:10DC500000000000000000000000000000000000C4
:10DC600000000000000000000000000000436F0002
:10DC70001F5001003530410036306900073C070075
:10DC800020384600213800001438310015383100A2
:10DC9000003800000138000002380000033800009E
:10DCA000043806000538A900063806000738A90020
:10DCB00008380500093800000A3802000B38D00087
:10DCC0000C3805000D38F8000E3803000F388400BA
:10DCD00013380400183600001236290009375200A4
:10DCE0000C370300023A0200033AE000143A020043
:10DCF000153AE0000440020002301C000630C30068
:10DD000013470300074404000B4637000C4620006D
:10DD100037481600243804000150A30003350000E2
:10DD200008304200033103001730FF001830FF00B5
:10DD300034301A0037301300083101003036360015
:10DD400031360E003236E200333612002136E00062
:10DD50000437A00003375A00153778001737010041
:10DD60000B37600005371A0005390200063910002C
:10DD700001390A003137120000360800013633003D
:10DD80002D306000203652001B3720001C47500009
:10DD9000133A4300183A0000193AF80035361300D8
:10DDA000363603003436400022360100013C340090
:10DDB000043C2800053C9800063C0000073C080095
:10DDC000083C0000093C1C000A3C9C000B3C400045
:10DDD00010380000113810001238000008376400B5
:10DDE0000140020005401A00003000000430FF002E
:10DDF0000E3058002E30000000436F001F5000000E
:10DE00000E4400000050A7000F3A3000103A2800DE
:10DE10001B3A30001E3A2600113A60001F3A1400E7
:10DE2000005823000158140002580F0003580F0037
:10DE3000045812000558260006580C000758080020
:10DE400008580500095805000A5808000B580D002D
:10DE50000C5808000D5803000E5800000F58000021
:10DE600010580300115809001258070013580300F6
:10DE700014580000155801001658030017580800E0
:10DE800018580D00195808001A5805001B580600AC
:10DE90001C5808001D580E001E5829001F58170056
:10DEA000205811002158110022581500235828002D
:10DEB00024584600255826002658080027582600D2
:10DEC00028586400295826002A5824002B5822007C
:10DED0002C5824002D5824002E5806002F582200BC
:10DEE0003058400031584200325824003358260040
:10DEF000345824003558220036582200375826005E
:10DF000038584400395824003A5826003B58280015
:10DF10003C5842003D58CE008051FF008151F20034
:10DF20008251000083511400845125008551240042
:10DF300086510900875109008851090089517500EF
:10DF40008A5154008B51E0008C51B2008D51420037
:10DF50008E513D008F515600905146009151F8006E
:10DF600092510400935170009451F0009551F000CB
:10DF700096510300975101009851040099511200E5
:10DF80009A5104009B5100009C5106009D51820053
:10DF90009E513800805401008154080082541400BE
:10DFA00083542800845451008554650086547100C0
:10DFB00087547D0088548700895491008A549A00C0
:10DFC0008B54AA008C54B8008D54CD008E54DD00C3
:10DFD0008F54EA0090541D0081531E0082535B0051
:10DFE0008353080084530A0085537E0086538800BB
:10DFF00087537C0088536C00895310008A530100BA
:10E000008B539800805506008355400084551000BE
:10E01000895510008A5500008B55F8001D504000AE
:10E020000053080001533000025310000353000056
:10E030000453080005533000065308000753160028
:10E04000095308000A5330000B5304000C53060018
:10E05000255000000830020040472100636E6D64C7
:10E060002E7478740043444320496E74657266616F
:10E0700063650043444320436F6E666967005354F1
:10E080004D6963726F656C656374726F6E696373FB
:10E090000053544D3332205669727475616C2043BD
:10E0A0006F6D506F727400222A2B2C3A3B3C3D3E20
:10E0B0003F5B5D7C7F000000D8E001080000002489
:10E0C00008010000D4020008E0E101080801002472
:10E0D00018760000F002000882810100C9400108A2
:10E0E000394101085941010881410108D141010824
:10E0F00079400108E940010800000000010000002B
:10E100000090D0030090D00391390108C136010876
:10E11000F13C010800000000B13701085935010841
:10E12000513601080000000000000000000000005F
:10E13000B13801084138010821390108293801089E
:10E1400009024300020100C032090400000102027A
:10E15000010005240010010524010001042402022D
:10E1600005240600010705820308001009040100C8
:10E17000020A0000000705010240000007058102B5
:10E18000400000000A0600020000004001000000FC
:10E190001201000202020040830440570002010203
:10E1A000030100003107000829070008C90600081C
:10E1B0006907000891070008040309041A03000016
:10E1C000000000000000000000000000000000004F
:10E1D000000000000000010010000000000000002E
:040000050800029954
:00000001FF
